Tiempo_s,Posicion_rad,Velocidad_rad_s,Control_u
0.0,0.051,0.059,0.289
0.01,0.051,0.006,0.301
0.02,0.051,-0.025,0.31
0.03,0.051,-0.015,0.308
0.04,0.051,0.02,0.299
0.05,0.051,0.012,0.3
0.06,0.051,-0.022,0.309
0.07,0.051,0.016,0.3
0.08,0.051,-0.049,0.317
0.09,0.051,0.0,0.306
0.1,0.052,0.029,0.298
0.11,0.052,0.017,0.299
0.12,0.052,0.011,0.3
0.13,0.052,0.036,0.293
0.14,0.052,0.022,0.295
0.15,0.051,-0.015,0.304
0.16,0.051,-0.039,0.312
0.17,0.051,0.005,0.301
0.18,0.051,0.003,0.301
0.19,0.051,-0.027,0.31
0.2,0.051,-0.016,0.308
0.21,0.051,0.078,0.283
0.22,0.05,-0.04,0.312
0.23,0.05,-0.054,0.318
0.24,0.05,-0.063,0.323
0.25,0.05,0.02,0.303
0.26,0.051,0.012,0.304
0.27,0.051,0.037,0.296
0.28,0.051,0.022,0.299
0.29,0.051,-0.045,0.316
0.3,0.051,0.031,0.297
0.31,0.051,0.019,0.299
0.32,0.051,0.041,0.292
0.33,0.051,0.025,0.294
0.34,0.051,-0.043,0.312
0.35,0.051,-0.026,0.31
0.36,0.051,0.013,0.3
0.37,0.051,-0.021,0.309
0.38,0.051,-0.042,0.316
0.39,0.051,-0.085,0.33
0.4,0.051,0.036,0.3
0.41,0.052,0.051,0.294
0.42,0.052,0.061,0.289
0.43,0.052,0.008,0.301
0.44,0.051,-0.024,0.309
0.45,0.051,0.044,0.291
0.46,0.051,-0.032,0.311
0.47,0.051,-0.019,0.309
0.48,0.051,0.017,0.299
0.49,0.051,0.01,0.3
0.5,0.051,0.006,0.301
0.51,0.05,-0.114,0.334
0.52,0.05,-0.011,0.311
0.53,0.05,-0.006,0.311
0.54,0.05,-0.004,0.31
0.55,0.051,0.056,0.293
0.56,0.051,-0.024,0.313
0.57,0.051,0.014,0.304
0.58,0.051,0.068,0.288
0.59,0.051,0.012,0.3
0.6,0.051,-0.051,0.317
0.61,0.051,0.027,0.298
0.62,0.051,0.016,0.299
0.63,0.051,0.039,0.292
0.64,0.051,-0.005,0.303
0.65,0.051,-0.032,0.311
0.66,0.05,0.009,0.301
0.67,0.05,-0.082,0.326
0.68,0.051,0.067,0.288
0.69,0.051,0.011,0.3
0.7,0.051,0.007,0.301
0.71,0.051,-0.025,0.31
0.72,0.051,-0.015,0.308
0.73,0.051,-0.009,0.307
0.74,0.051,-0.035,0.315
0.75,0.051,0.007,0.305
0.76,0.051,0.034,0.297
0.77,0.051,-0.008,0.307
0.78,0.051,0.083,0.282
0.79,0.051,0.021,0.295
0.8,0.051,-0.016,0.304
0.81,0.051,-0.009,0.303
0.82,0.051,-0.035,0.311
0.83,0.051,-0.021,0.309
0.84,0.051,-0.013,0.308
0.85,0.051,0.021,0.299
0.86,0.051,0.013,0.3
0.87,0.051,-0.051,0.317
0.88,0.051,0.027,0.298
0.89,0.051,-0.012,0.308
0.9,0.051,0.021,0.299
0.91,0.051,0.013,0.3
0.92,0.051,0.037,0.292
0.93,0.051,-0.065,0.319
0.94,0.051,0.018,0.299
0.95,0.051,-0.017,0.309
0.96,0.051,-0.011,0.307
0.97,0.051,0.052,0.29
0.98,0.051,-0.027,0.31
0.99,0.051,0.013,0.3
1.0,0.051,0.007,0.301
1.01,0.051,0.004,0.301
1.02,0.051,0.003,0.302
1.03,0.05,-0.086,0.327
1.04,0.051,-0.083,0.33
1.05,0.051,0.067,0.292
1.06,0.051,0.011,0.304
1.07,0.051,0.007,0.305
1.08,0.051,0.034,0.297
1.09,0.051,-0.097,0.332
1.1,0.052,0.028,0.301
1.11,0.052,0.077,0.287
1.12,0.052,0.047,0.291
1.13,0.052,-0.03,0.31
1.14,0.051,-0.018,0.309
1.15,0.051,-0.011,0.307
1.16,0.051,0.022,0.299
1.17,0.051,-0.015,0.308
1.18,0.051,-0.068,0.324
1.19,0.051,0.076,0.287
1.2,0.051,-0.042,0.316
1.21,0.051,0.033,0.297
1.22,0.051,0.02,0.299
1.23,0.051,0.012,0.3
1.24,0.05,-0.021,0.309
1.25,0.05,-0.161,0.349
1.26,0.05,0.048,0.298
1.27,0.051,0.118,0.276
1.28,0.051,0.013,0.3
1.29,0.051,0.038,0.292
1.3,0.051,-0.035,0.311
1.31,0.05,0.126,0.268
1.32,0.05,-0.1,0.325
1.33,0.05,-0.091,0.327
1.34,0.05,-0.026,0.314
1.35,0.051,0.072,0.287
1.36,0.051,-0.014,0.308
1.37,0.051,0.02,0.299
1.38,0.051,0.012,0.3
1.39,0.051,0.007,0.301
1.4,0.051,0.004,0.301
1.41,0.051,0.002,0.302
1.42,0.051,0.001,0.302
1.43,0.051,0.06,0.285
1.44,0.051,0.007,0.297
1.45,0.051,-0.054,0.314
1.46,0.051,-0.063,0.319
1.47,0.051,-0.009,0.307
1.48,0.051,0.053,0.29
1.49,0.051,-0.055,0.318
1.5,0.051,0.054,0.29
1.51,0.051,-0.055,0.318
1.52,0.051,0.054,0.29
1.53,0.051,0.004,0.301
1.54,0.051,0.002,0.302
1.55,0.051,0.001,0.302
1.56,0.051,-0.058,0.318
1.57,0.051,-0.006,0.307
1.58,0.051,-0.003,0.306
1.59,0.051,-0.031,0.314
1.6,0.051,0.009,0.304
1.61,0.051,0.035,0.297
1.62,0.051,-0.007,0.307
1.63,0.051,-0.004,0.307
1.64,0.051,0.174,0.257
1.65,0.051,-0.07,0.316
1.66,0.051,-0.043,0.312
1.67,0.051,0.003,0.302
1.68,0.051,-0.057,0.318
1.69,0.051,-0.005,0.307
1.7,0.051,-0.033,0.315
1.71,0.051,0.009,0.304
1.72,0.051,0.035,0.297
1.73,0.051,0.021,0.299
1.74,0.051,-0.016,0.308
1.75,0.051,-0.069,0.324
1.76,0.051,0.016,0.303
1.77,0.051,-0.019,0.313
1.78,0.051,0.047,0.295
1.79,0.051,0.029,0.298
1.8,0.051,-0.011,0.308
1.81,0.051,0.022,0.299
1.82,0.051,-0.045,0.316
1.83,0.051,0.001,0.306
1.84,0.051,0.001,0.306
1.85,0.051,0.0,0.306
1.86,0.051,0.059,0.289
1.87,0.051,-0.081,0.326
1.88,0.051,0.038,0.296
1.89,0.051,-0.035,0.315
1.9,0.051,0.037,0.296
1.91,0.051,0.022,0.298
1.92,0.05,-0.074,0.325
1.93,0.05,0.013,0.304
1.94,0.05,-0.021,0.313
1.95,0.051,-0.042,0.32
1.96,0.051,0.032,0.301
1.97,0.051,-0.009,0.311
1.98,0.051,0.053,0.294
1.99,0.051,0.032,0.297
2.0,0.051,-0.098,0.332
2.01,0.051,0.058,0.293
2.02,0.051,0.065,0.288
2.03,0.051,0.01,0.3
2.04,0.051,-0.052,0.318
2.05,0.051,0.026,0.298
2.06,0.051,-0.101,0.333
2.07,0.051,0.055,0.294
2.08,0.051,0.093,0.28
2.09,0.051,-0.001,0.302
2.1,0.051,-0.001,0.302
2.11,0.051,-0.03,0.31
2.12,0.051,-0.018,0.309
2.13,0.051,-0.041,0.316
2.14,0.051,-0.054,0.322
2.15,0.051,0.055,0.294
2.16,0.051,0.063,0.289
2.17,0.051,-0.049,0.317
2.18,0.051,0.028,0.298
2.19,0.051,0.047,0.291
2.2,0.051,-0.03,0.31
2.21,0.051,0.011,0.3
2.22,0.051,0.066,0.284
2.23,0.051,-0.048,0.313
2.24,0.051,0.0,0.302
2.25,0.05,-0.059,0.319
2.26,0.05,0.022,0.299
2.27,0.051,0.073,0.283
2.28,0.051,-0.073,0.321
2.29,0.051,-0.015,0.308
2.3,0.051,-0.009,0.307
2.31,0.051,-0.005,0.307
2.32,0.051,0.026,0.298
2.33,0.051,0.015,0.3
2.34,0.051,0.009,0.301
2.35,0.051,-0.082,0.326
2.36,0.051,0.008,0.305
2.37,0.051,0.064,0.289
2.38,0.051,0.009,0.301
2.39,0.051,0.035,0.293
2.4,0.051,0.021,0.295
2.41,0.051,0.013,0.296
2.42,0.051,-0.05,0.313
2.43,0.051,-0.031,0.31
2.44,0.051,0.01,0.3
2.45,0.051,0.036,0.293
2.46,0.051,-0.037,0.311
2.47,0.051,0.006,0.301
2.48,0.051,-0.055,0.318
2.49,0.051,0.025,0.298
2.5,0.051,-0.013,0.308
2.51,0.051,0.021,0.299
2.52,0.051,-0.016,0.308
2.53,0.051,-0.01,0.307
2.54,0.051,-0.006,0.307
2.55,0.051,0.025,0.298
2.56,0.051,-0.161,0.349
2.57,0.051,0.107,0.282
2.58,0.051,0.036,0.296
2.59,0.051,-0.007,0.307
2.6,0.051,0.025,0.298
2.61,0.051,0.015,0.3
2.62,0.051,-0.049,0.317
2.63,0.051,0.028,0.298
2.64,0.051,-0.041,0.316
2.65,0.051,0.033,0.297
2.66,0.051,0.05,0.291
2.67,0.051,0.03,0.293
2.68,0.051,0.048,0.287
2.69,0.051,-0.029,0.306
2.7,0.051,0.011,0.296
2.71,0.05,-0.052,0.314
2.72,0.05,-0.032,0.311
2.73,0.05,-0.049,0.317
2.74,0.05,0.0,0.306
2.75,0.051,0.0,0.306
2.76,0.051,0.0,0.306
2.77,0.051,0.0,0.306
2.78,0.051,0.029,0.298
2.79,0.051,0.018,0.299
2.8,0.052,0.011,0.3
2.81,0.052,0.066,0.284
2.82,0.052,0.01,0.297
2.83,0.051,-0.082,0.322
2.84,0.051,0.038,0.292
2.85,0.051,-0.006,0.303
2.86,0.051,-0.033,0.311
2.87,0.051,-0.02,0.309
2.88,0.051,-0.012,0.308
2.89,0.051,-0.007,0.307
2.9,0.051,0.024,0.298
2.91,0.051,-0.014,0.308
2.92,0.051,-0.008,0.307
2.93,0.051,0.024,0.298
2.94,0.051,0.014,0.3
2.95,0.051,0.009,0.301
2.96,0.051,0.005,0.301
2.97,0.051,0.003,0.301
2.98,0.051,-0.027,0.31
2.99,0.051,-0.046,0.317
3.0,0.051,0.001,0.306
3.01,0.051,0.0,0.306
3.02,0.051,0.059,0.289
3.03,0.051,0.066,0.284
3.04,0.051,-0.048,0.313
3.05,0.051,-0.029,0.31
3.06,0.051,-0.018,0.309
3.07,0.051,0.018,0.299
3.08,0.051,0.011,0.3
3.09,0.051,0.006,0.301
3.1,0.051,-0.025,0.31
3.11,0.051,0.014,0.3
3.12,0.051,-0.02,0.309
3.13,0.051,-0.012,0.308
3.14,0.051,-0.067,0.324
3.15,0.051,0.047,0.295
3.16,0.051,0.0,0.306
3.17,0.051,-0.029,0.314
3.18,0.051,0.011,0.304
3.19,0.051,-0.022,0.313
3.2,0.051,0.015,0.303
3.21,0.051,0.068,0.288
3.22,0.051,0.042,0.292
3.23,0.051,0.055,0.286
3.24,0.051,-0.054,0.314
3.25,0.051,-0.003,0.303
3.26,0.051,-0.032,0.311
3.27,0.051,-0.019,0.309
3.28,0.051,0.017,0.299
3.29,0.051,0.01,0.3
3.3,0.051,-0.082,0.326
3.31,0.051,0.038,0.296
3.32,0.051,-0.035,0.315
3.33,0.051,0.037,0.296
3.34,0.051,0.052,0.29
3.35,0.051,-0.056,0.318
3.36,0.051,0.054,0.29
3.37,0.051,-0.026,0.31
3.38,0.05,-0.045,0.316
3.39,0.051,-0.027,0.314
3.4,0.051,0.042,0.296
3.41,0.051,-0.003,0.306
3.42,0.051,0.086,0.281
3.43,0.051,0.023,0.295
3.44,0.051,-0.015,0.304
3.45,0.051,0.02,0.295
3.46,0.051,-0.017,0.305
3.47,0.051,-0.069,0.32
3.48,0.051,0.016,0.3
3.49,0.051,0.01,0.3
3.5,0.051,-0.023,0.309
3.51,0.051,0.015,0.3
3.52,0.051,-0.02,0.309
3.53,0.051,-0.012,0.308
3.54,0.051,-0.007,0.307
3.55,0.051,0.024,0.298
3.56,0.051,-0.043,0.316
3.57,0.051,0.032,0.297
3.58,0.051,0.019,0.299
3.59,0.051,0.012,0.3
3.6,0.051,0.037,0.293
3.61,0.051,0.022,0.295
3.62,0.051,-0.015,0.304
3.63,0.051,0.02,0.295
3.64,0.051,-0.046,0.313
3.65,0.051,-0.028,0.31
3.66,0.051,-0.076,0.325
3.67,0.051,-0.136,0.345
3.68,0.051,0.123,0.28
3.69,0.051,0.016,0.303
3.7,0.051,0.039,0.296
3.71,0.051,0.024,0.298
3.72,0.051,-0.014,0.308
3.73,0.051,-0.008,0.307
3.74,0.051,0.024,0.298
3.75,0.051,-0.044,0.316
3.76,0.051,0.002,0.305
3.77,0.051,0.031,0.297
3.78,0.051,0.019,0.299
3.79,0.051,-0.017,0.308
3.8,0.051,-0.01,0.307
3.81,0.051,-0.036,0.315
3.82,0.051,-0.022,0.313
3.83,0.051,-0.043,0.32
3.84,0.051,0.003,0.309
3.85,0.052,0.12,0.276
3.86,0.051,-0.014,0.308
3.87,0.051,-0.009,0.307
3.88,0.05,-0.124,0.34
3.89,0.05,-0.105,0.341
3.9,0.05,-0.094,0.343
3.91,0.049,-0.117,0.354
3.92,0.049,0.016,0.323
3.93,0.049,-0.078,0.349
3.94,0.049,-0.018,0.336
3.95,0.048,-0.189,0.385
3.96,0.048,-0.145,0.382
3.97,0.048,-0.089,0.374
3.98,0.048,-0.054,0.369
3.99,0.048,-0.063,0.374
4.0,0.047,-0.157,0.404
4.01,0.047,-0.126,0.404
4.02,0.047,-0.018,0.38
4.03,0.047,-0.159,0.421
4.04,0.046,-0.157,0.429
4.05,0.046,-0.244,0.461
4.06,0.045,-0.061,0.423
4.07,0.045,-0.126,0.444
4.08,0.044,-0.166,0.462
4.09,0.044,-0.131,0.462
4.1,0.043,-0.14,0.471
4.11,0.043,-0.145,0.48
4.12,0.042,-0.089,0.472
4.13,0.041,-0.025,0.459
4.14,0.04,-0.133,0.492
4.15,0.039,-0.141,0.501
4.16,0.038,-0.086,0.494
4.17,0.037,-0.023,0.481
4.18,0.036,-0.162,0.522
4.19,0.035,-0.011,0.488
4.2,0.035,-0.065,0.505
4.21,0.035,-0.099,0.518
4.22,0.035,-0.061,0.513
4.23,0.035,-0.007,0.502
4.24,0.036,0.083,0.477
4.25,0.036,0.021,0.491
4.26,0.037,-0.016,0.502
4.27,0.037,-0.009,0.501
4.28,0.038,0.082,0.477
4.29,0.038,0.08,0.474
4.3,0.039,-0.009,0.496
4.31,0.039,-0.006,0.496
4.32,0.04,0.085,0.471
4.33,0.04,0.052,0.477
4.34,0.04,0.032,0.48
4.35,0.04,-0.009,0.491
4.36,0.04,0.053,0.475
4.37,0.039,-0.026,0.495
4.38,0.039,-0.016,0.494
4.39,0.039,0.108,0.461
4.4,0.039,0.007,0.484
4.41,0.039,0.004,0.485
4.42,0.038,-0.056,0.503
4.43,0.038,-0.064,0.508
4.44,0.038,0.019,0.489
4.45,0.039,-0.017,0.499
4.46,0.039,0.018,0.49
4.47,0.039,0.041,0.483
4.48,0.04,-0.004,0.495
4.49,0.04,0.026,0.487
4.5,0.04,-0.013,0.497
4.51,0.041,0.051,0.481
4.52,0.041,0.001,0.492
4.53,0.042,0.06,0.477
4.54,0.042,0.007,0.489
4.55,0.042,0.093,0.465
4.56,0.042,0.027,0.479
4.57,0.042,0.076,0.465
4.58,0.042,-0.042,0.495
4.59,0.042,0.003,0.485
4.6,0.042,0.002,0.485
4.61,0.042,0.001,0.486
4.62,0.041,-0.028,0.495
4.63,0.041,0.041,0.478
4.64,0.041,0.055,0.472
4.65,0.041,-0.143,0.526
4.66,0.041,-0.029,0.501
4.67,0.042,-0.017,0.5
4.68,0.042,0.077,0.475
4.69,0.043,-0.011,0.497
4.7,0.043,0.081,0.472
4.71,0.043,-0.008,0.494
4.72,0.044,-0.005,0.494
4.73,0.044,0.026,0.486
4.74,0.044,0.104,0.463
4.75,0.045,0.005,0.486
4.76,0.045,0.032,0.479
4.77,0.045,0.138,0.448
4.78,0.046,0.173,0.431
4.79,0.046,0.077,0.45
4.8,0.046,0.077,0.447
4.81,0.047,0.165,0.419
4.82,0.047,0.19,0.404
4.83,0.048,0.087,0.423
4.84,0.048,0.112,0.412
4.85,0.049,0.158,0.394
4.86,0.049,0.245,0.362
4.87,0.05,0.18,0.368
4.88,0.051,0.169,0.362
4.89,0.051,0.193,0.347
4.9,0.052,0.118,0.359
4.91,0.053,0.161,0.341
4.92,0.054,0.217,0.317
4.93,0.055,0.163,0.321
4.94,0.056,0.159,0.314
4.95,0.057,0.334,0.257
4.96,0.058,0.175,0.284
4.97,0.059,0.167,0.278
4.98,0.06,0.309,0.229
4.99,0.06,0.16,0.255
5.0,0.061,0.365,0.19
5.01,0.062,0.313,0.186
5.02,0.062,0.192,0.203
5.03,0.062,0.177,0.197
5.04,0.062,0.108,0.207
5.05,0.063,0.244,0.163
5.06,0.063,0.15,0.177
5.07,0.064,0.181,0.16
5.08,0.065,0.229,0.137
5.09,0.066,0.229,0.124
5.1,0.067,0.259,0.104
5.11,0.069,0.218,0.101
5.12,0.07,0.282,0.072
5.13,0.072,0.321,0.046
5.14,0.074,0.197,0.063
5.15,0.076,0.269,0.032
5.16,0.077,0.254,0.022
5.17,0.079,0.304,-0.005
5.18,0.081,0.275,-0.013
5.19,0.082,0.169,0.0
5.2,0.083,0.311,-0.048
5.21,0.085,0.309,-0.065
5.22,0.086,0.249,-0.065
5.23,0.086,0.182,-0.06
5.24,0.087,0.171,-0.067
5.25,0.087,0.134,-0.067
5.26,0.087,0.053,-0.053
5.27,0.087,0.091,-0.068
5.28,0.088,0.026,-0.056
5.29,0.088,0.016,-0.056
5.3,0.088,0.039,-0.064
5.31,0.088,0.113,-0.088
5.32,0.089,0.128,-0.1
5.33,0.089,0.079,-0.094
5.34,0.088,-0.04,-0.066
5.35,0.088,-0.083,-0.054
5.36,0.088,-0.051,-0.06
5.37,0.088,-0.061,-0.056
5.38,0.088,-0.037,-0.061
5.39,0.088,-0.023,-0.065
5.4,0.088,0.045,-0.084
5.41,0.088,0.027,-0.083
5.42,0.088,-0.042,-0.067
5.43,0.087,0.003,-0.079
5.44,0.087,0.002,-0.08
5.45,0.086,-0.057,-0.065
5.46,0.086,-0.065,-0.062
5.47,0.085,-0.01,-0.075
5.48,0.085,-0.035,-0.069
5.49,0.084,-0.022,-0.073
5.5,0.083,0.016,-0.084
5.51,0.083,-0.108,-0.051
5.52,0.082,-0.066,-0.059
5.53,0.082,-0.07,-0.056
5.54,0.082,-0.013,-0.069
5.55,0.081,-0.067,-0.055
5.56,0.081,-0.041,-0.06
5.57,0.081,0.004,-0.072
5.58,0.081,-0.056,-0.057
5.59,0.081,-0.005,-0.07
5.6,0.081,-0.032,-0.063
5.61,0.081,0.009,-0.075
5.62,0.081,-0.083,-0.051
5.63,0.081,0.097,-0.099
5.64,0.081,-0.029,-0.07
5.65,0.08,-0.017,-0.073
5.66,0.08,0.048,-0.092
5.67,0.08,-0.029,-0.074
5.68,0.08,-0.018,-0.077
5.69,0.081,0.048,-0.096
5.7,0.081,0.088,-0.111
5.71,0.081,0.113,-0.124
5.72,0.082,0.099,-0.127
5.73,0.082,0.031,-0.115
5.74,0.082,0.078,-0.131
5.75,0.083,-0.011,-0.111
5.76,0.083,0.052,-0.13
5.77,0.084,0.121,-0.153
5.78,0.085,0.074,-0.148
5.79,0.086,0.104,-0.162
5.8,0.087,0.093,-0.165
5.81,0.088,0.116,-0.178
5.82,0.089,0.131,-0.19
5.83,0.09,0.08,-0.184
5.84,0.09,0.138,-0.206
5.85,0.091,0.084,-0.199
5.86,0.092,0.052,-0.196
5.87,0.092,0.091,-0.211
5.88,0.093,0.085,-0.216
5.89,0.093,0.082,-0.221
5.9,0.094,0.139,-0.243
5.91,0.094,-0.062,-0.195
5.92,0.094,0.08,-0.234
5.93,0.095,0.049,-0.231
5.94,0.095,0.03,-0.23
5.95,0.095,0.048,-0.238
5.96,0.096,0.029,-0.237
5.97,0.096,0.077,-0.254
5.98,0.096,0.047,-0.251
5.99,0.096,0.058,-0.259
6.0,0.096,0.006,-0.249
6.01,0.097,0.003,-0.25
6.02,0.097,0.061,-0.269
6.03,0.097,-0.021,-0.25
6.04,0.097,0.046,-0.27
6.05,0.097,0.057,-0.277
6.06,0.098,0.005,-0.268
6.07,0.098,0.062,-0.286
6.08,0.098,-0.02,-0.268
6.09,0.098,0.046,-0.287
6.1,0.099,-0.001,-0.278
6.11,0.099,0.147,-0.321
6.12,0.099,-0.027,-0.282
6.13,0.099,0.012,-0.294
6.14,0.099,0.007,-0.295
6.15,0.1,0.182,-0.346
6.16,0.1,-0.006,-0.304
6.17,0.1,-0.033,-0.298
6.18,0.1,0.008,-0.31
6.19,0.1,0.005,-0.312
6.2,0.1,0.033,-0.322
6.21,0.1,-0.009,-0.314
6.22,0.1,0.023,-0.324
6.23,0.1,-0.044,-0.308
6.24,0.1,-0.056,-0.305
6.25,0.1,0.024,-0.326
6.26,0.1,0.044,-0.335
6.27,0.1,-0.002,-0.326
6.28,0.1,-0.001,-0.328
6.29,0.1,0.028,-0.339
6.3,0.099,-0.011,-0.331
6.31,0.099,-0.036,-0.325
6.32,0.098,-0.081,-0.313
6.33,0.097,-0.05,-0.319
6.34,0.097,-0.119,-0.299
6.35,0.096,0.015,-0.333
6.36,0.096,-0.079,-0.309
6.37,0.096,-0.078,-0.307
6.38,0.095,0.011,-0.33
6.39,0.095,-0.082,-0.306
6.4,0.095,0.008,-0.33
6.41,0.095,-0.024,-0.323
6.42,0.095,-0.014,-0.326
6.43,0.095,0.02,-0.337
6.44,0.095,0.012,-0.338
6.45,0.095,0.007,-0.339
6.46,0.095,0.004,-0.34
6.47,0.096,-0.056,-0.325
6.48,0.096,0.054,-0.355
6.49,0.096,0.033,-0.354
6.5,0.096,0.02,-0.354
6.51,0.096,0.012,-0.355
6.52,0.097,0.007,-0.356
6.53,0.097,0.034,-0.365
6.54,0.097,0.08,-0.382
6.55,0.097,-0.009,-0.363
6.56,0.097,0.023,-0.373
6.57,0.097,-0.015,-0.366
6.58,0.096,-0.009,-0.368
6.59,0.096,0.053,-0.387
6.6,0.096,-0.055,-0.361
6.61,0.096,0.084,-0.4
6.62,0.096,-0.037,-0.372
6.63,0.096,-0.052,-0.368
6.64,0.096,-0.002,-0.381
6.65,0.096,-0.031,-0.374
6.66,0.096,-0.019,-0.378
6.67,0.096,0.047,-0.398
6.68,0.096,-0.03,-0.38
6.69,0.096,0.011,-0.392
6.7,0.096,0.006,-0.393
6.71,0.097,0.004,-0.395
6.72,0.097,0.061,-0.413
6.73,0.097,-0.021,-0.395
6.74,0.097,0.016,-0.406
6.75,0.097,0.01,-0.407
6.76,0.096,0.006,-0.409
6.77,0.096,-0.025,-0.402
6.78,0.096,-0.045,-0.397
6.79,0.095,-0.027,-0.402
6.8,0.095,-0.046,-0.397
6.81,0.095,-0.028,-0.401
6.82,0.094,-0.047,-0.397
6.83,0.094,-0.058,-0.393
6.84,0.093,-0.006,-0.406
6.85,0.093,-0.181,-0.359
6.86,0.093,0.006,-0.404
6.87,0.092,-0.143,-0.364
6.88,0.092,0.089,-0.424
6.89,0.092,-0.004,-0.404
6.9,0.091,-0.002,-0.406
6.91,0.091,-0.031,-0.4
6.92,0.091,-0.019,-0.404
6.93,0.09,-0.041,-0.398
6.94,0.09,-0.055,-0.394
6.95,0.09,-0.033,-0.399
6.96,0.09,0.038,-0.419
6.97,0.09,-0.005,-0.411
6.98,0.09,-0.033,-0.404
6.99,0.09,0.009,-0.416
7.0,0.09,0.035,-0.426
7.01,0.09,-0.007,-0.417
7.02,0.09,-0.004,-0.42
7.03,0.091,0.056,-0.438
7.04,0.091,0.064,-0.445
7.05,0.092,0.039,-0.443
7.06,0.092,-0.005,-0.434
7.07,0.092,0.026,-0.445
7.08,0.093,0.045,-0.453
7.09,0.093,0.057,-0.461
7.1,0.093,0.005,-0.451
7.11,0.094,0.033,-0.461
7.12,0.094,0.02,-0.461
7.13,0.094,0.071,-0.478
7.14,0.095,0.044,-0.476
7.15,0.095,0.027,-0.475
7.16,0.095,-0.013,-0.467
7.17,0.095,-0.007,-0.47
7.18,0.095,0.054,-0.489
7.19,0.095,0.033,-0.487
7.2,0.096,0.02,-0.487
7.21,0.096,-0.017,-0.48
7.22,0.096,0.107,-0.516
7.23,0.096,-0.022,-0.487
7.24,0.095,-0.043,-0.482
7.25,0.095,-0.026,-0.486
7.26,0.095,0.013,-0.498
7.27,0.095,0.008,-0.499
7.28,0.095,0.064,-0.517
7.29,0.095,0.039,-0.515
7.3,0.095,-0.094,-0.481
7.31,0.094,-0.057,-0.489
7.32,0.094,-0.035,-0.494
7.33,0.093,-0.051,-0.49
7.34,0.093,-0.031,-0.494
7.35,0.092,-0.048,-0.49
7.36,0.092,-0.03,-0.494
7.37,0.092,-0.048,-0.49
7.38,0.091,-0.059,-0.486
7.39,0.091,-0.036,-0.491
7.4,0.09,-0.081,-0.479
7.41,0.09,-0.02,-0.493
7.42,0.09,0.017,-0.505
7.43,0.089,-0.048,-0.489
7.44,0.089,-0.059,-0.485
7.45,0.088,0.052,-0.515
7.46,0.088,-0.086,-0.481
7.47,0.087,-0.082,-0.479
7.48,0.087,-0.08,-0.478
7.49,0.087,-0.019,-0.492
7.5,0.086,-0.012,-0.495
7.51,0.086,-0.007,-0.497
7.52,0.086,-0.093,-0.475
7.53,0.085,-0.027,-0.49
7.54,0.085,-0.017,-0.493
7.55,0.085,-0.01,-0.496
7.56,0.084,-0.065,-0.482
7.57,0.084,-0.01,-0.496
7.58,0.084,0.023,-0.506
7.59,0.084,0.014,-0.507
7.6,0.085,-0.05,-0.491
7.61,0.085,0.028,-0.512
7.62,0.086,0.017,-0.512
7.63,0.087,0.129,-0.546
7.64,0.088,-0.009,-0.515
7.65,0.088,0.082,-0.542
7.66,0.089,0.08,-0.548
7.67,0.09,0.167,-0.578
7.68,0.09,-0.015,-0.537
7.69,0.09,-0.009,-0.539
7.7,0.089,-0.094,-0.517
7.71,0.089,0.03,-0.549
7.72,0.089,0.018,-0.549
7.73,0.088,-0.106,-0.517
7.74,0.087,-0.035,-0.533
7.75,0.086,-0.022,-0.537
7.76,0.086,-0.072,-0.523
7.77,0.085,-0.074,-0.521
7.78,0.084,-0.075,-0.518
7.79,0.084,-0.016,-0.533
7.8,0.083,-0.099,-0.51
7.81,0.082,-0.06,-0.518
7.82,0.082,-0.037,-0.523
7.83,0.082,-0.022,-0.527
7.84,0.081,-0.073,-0.513
7.85,0.081,-0.045,-0.519
7.86,0.081,-0.086,-0.506
7.87,0.081,0.005,-0.53
7.88,0.081,0.003,-0.531
7.89,0.081,-0.086,-0.508
7.9,0.081,0.006,-0.531
7.91,0.08,0.062,-0.548
7.92,0.08,-0.02,-0.53
7.93,0.08,0.016,-0.541
7.94,0.079,-0.048,-0.525
7.95,0.079,-0.089,-0.513
7.96,0.078,-0.084,-0.511
7.97,0.078,0.007,-0.534
7.98,0.077,-0.113,-0.502
7.99,0.077,-0.099,-0.502
8.0,0.077,-0.031,-0.518
8.01,0.076,-0.167,-0.48
8.02,0.076,0.045,-0.532
8.03,0.076,0.087,-0.548
8.04,0.076,0.053,-0.544
8.05,0.076,-0.056,-0.518
8.06,0.075,-0.004,-0.531
8.07,0.075,-0.062,-0.516
8.08,0.075,-0.008,-0.529
8.09,0.074,-0.064,-0.514
8.1,0.074,-0.009,-0.528
8.11,0.073,-0.094,-0.505
8.12,0.073,0.0,-0.529
8.13,0.073,-0.029,-0.522
8.14,0.072,-0.047,-0.517
8.15,0.072,-0.029,-0.521
8.16,0.072,0.011,-0.532
8.17,0.071,-0.052,-0.516
8.18,0.071,-0.061,-0.512
8.19,0.071,-0.037,-0.517
8.2,0.071,-0.023,-0.521
8.21,0.071,0.015,-0.532
8.22,0.071,-0.02,-0.524
8.23,0.07,-0.042,-0.518
8.24,0.07,0.003,-0.53
8.25,0.07,0.002,-0.532
8.26,0.069,-0.087,-0.508
8.27,0.069,-0.024,-0.523
8.28,0.069,-0.044,-0.517
8.29,0.068,-0.027,-0.521
8.3,0.068,-0.046,-0.516
8.31,0.068,-0.028,-0.52
8.32,0.067,0.012,-0.531
8.33,0.067,-0.051,-0.515
8.34,0.067,-0.061,-0.511
8.35,0.067,-0.008,-0.524
8.36,0.066,-0.064,-0.509
8.37,0.066,0.049,-0.539
8.38,0.066,-0.058,-0.513
8.39,0.065,-0.035,-0.518
8.4,0.065,0.037,-0.537
8.41,0.065,-0.066,-0.512
8.42,0.065,-0.04,-0.517
8.43,0.064,0.034,-0.537
8.44,0.064,-0.067,-0.511
8.45,0.064,-0.071,-0.508
8.46,0.063,-0.043,-0.514
8.47,0.063,0.121,-0.559
8.48,0.063,-0.044,-0.52
8.49,0.062,-0.027,-0.524
8.5,0.062,0.013,-0.535
8.51,0.062,-0.11,-0.502
8.52,0.062,-0.067,-0.51
8.53,0.061,-0.041,-0.515
8.54,0.061,0.004,-0.527
8.55,0.061,-0.115,-0.495
8.56,0.061,0.047,-0.536
8.57,0.061,-0.059,-0.509
8.58,0.061,-0.036,-0.514
8.59,0.061,0.036,-0.534
8.6,0.061,-0.036,-0.516
8.61,0.06,-0.111,-0.495
8.62,0.06,0.02,-0.527
8.63,0.06,0.071,-0.544
8.64,0.06,-0.015,-0.524
8.65,0.059,-0.038,-0.518
8.66,0.059,-0.023,-0.521
8.67,0.058,-0.044,-0.516
8.68,0.057,-0.086,-0.503
8.69,0.057,-0.023,-0.517
8.7,0.056,-0.044,-0.511
8.71,0.056,-0.027,-0.515
8.72,0.056,-0.046,-0.51
8.73,0.056,-0.028,-0.513
8.74,0.055,-0.076,-0.499
8.75,0.055,-0.017,-0.513
8.76,0.055,0.048,-0.532
8.77,0.055,-0.059,-0.505
8.78,0.055,0.022,-0.526
8.79,0.055,-0.015,-0.518
8.8,0.055,-0.009,-0.52
8.81,0.055,-0.005,-0.522
8.82,0.054,-0.092,-0.498
8.83,0.054,-0.027,-0.513
8.84,0.054,-0.016,-0.515
8.85,0.054,-0.01,-0.517
8.86,0.054,0.023,-0.527
8.87,0.054,-0.015,-0.519
8.88,0.053,0.02,-0.529
8.89,0.053,-0.076,-0.504
8.9,0.052,-0.017,-0.518
8.91,0.052,-0.04,-0.512
8.92,0.052,0.004,-0.523
8.93,0.051,-0.085,-0.499
8.94,0.05,-0.052,-0.505
8.95,0.049,-0.091,-0.493
8.96,0.048,-0.056,-0.499
8.97,0.047,-0.152,-0.47
8.98,0.045,-0.123,-0.471
8.99,0.043,-0.223,-0.438
9.0,0.04,-0.137,-0.452
9.01,0.038,-0.202,-0.427
9.02,0.035,-0.154,-0.432
9.03,0.032,-0.301,-0.383
9.04,0.03,-0.274,-0.376
9.05,0.027,-0.286,-0.36
9.06,0.025,-0.235,-0.36
9.07,0.022,-0.381,-0.308
9.08,0.021,-0.174,-0.347
9.09,0.019,-0.137,-0.349
9.1,0.018,-0.172,-0.333
9.11,0.017,-0.135,-0.335
9.12,0.016,-0.113,-0.335
9.13,0.016,-0.128,-0.325
9.14,0.016,-0.049,-0.341
9.15,0.016,-0.03,-0.344
9.16,0.016,-0.018,-0.346
9.17,0.016,-0.011,-0.348
9.18,0.016,0.022,-0.357
9.19,0.017,0.013,-0.356
9.2,0.017,0.067,-0.372
9.21,0.017,-0.017,-0.352
9.22,0.017,0.018,-0.361
9.23,0.017,0.041,-0.369
9.24,0.017,-0.004,-0.359
9.25,0.017,-0.002,-0.359
9.26,0.017,-0.09,-0.335
9.27,0.017,0.062,-0.374
9.28,0.017,0.038,-0.37
9.29,0.017,-0.005,-0.36
9.3,0.016,-0.033,-0.352
9.31,0.016,0.009,-0.363
9.32,0.016,-0.053,-0.346
9.33,0.016,-0.032,-0.349
9.34,0.015,-0.049,-0.343
9.35,0.015,0.0,-0.355
9.36,0.015,0.0,-0.355
9.37,0.015,-0.029,-0.347
9.38,0.015,0.011,-0.358
9.39,0.015,-0.022,-0.349
9.4,0.015,0.015,-0.359
9.41,0.015,0.009,-0.358
9.42,0.015,-0.023,-0.35
9.43,0.015,-0.073,-0.335
9.44,0.015,0.013,-0.356
9.45,0.015,0.008,-0.355
9.46,0.015,0.005,-0.355
9.47,0.015,0.062,-0.372
9.48,0.015,-0.139,-0.319
9.49,0.015,0.032,-0.36
9.5,0.015,0.049,-0.367
9.51,0.015,0.0,-0.356
9.52,0.015,-0.029,-0.348
9.53,0.015,0.041,-0.366
9.54,0.014,0.025,-0.364
9.55,0.014,0.015,-0.363
9.56,0.014,-0.079,-0.337
9.57,0.014,-0.019,-0.351
9.58,0.014,0.047,-0.369
9.59,0.014,-0.03,-0.349
9.6,0.014,-0.018,-0.351
9.61,0.014,-0.011,-0.353
9.62,0.014,-0.006,-0.354
9.63,0.014,-0.004,-0.354
9.64,0.014,-0.002,-0.355
9.65,0.014,-0.001,-0.355
9.66,0.014,-0.089,-0.331
9.67,0.014,0.033,-0.361
9.68,0.014,-0.008,-0.351
9.69,0.015,0.024,-0.36
9.7,0.015,0.044,-0.367
9.71,0.015,0.027,-0.365
9.72,0.014,-0.012,-0.355
9.73,0.014,-0.007,-0.356
9.74,0.014,-0.034,-0.349
9.75,0.014,0.097,-0.384
9.76,0.013,-0.058,-0.346
9.77,0.013,-0.065,-0.341
9.78,0.013,-0.04,-0.345
9.79,0.013,0.004,-0.356
9.8,0.013,-0.026,-0.347
9.81,0.013,-0.016,-0.349
9.82,0.013,-0.01,-0.35
9.83,0.013,-0.035,-0.343
9.84,0.013,0.007,-0.353
9.85,0.013,0.063,-0.37
9.86,0.013,0.039,-0.366
9.87,0.013,0.053,-0.373
9.88,0.013,0.092,-0.386
9.89,0.013,-0.061,-0.348
9.9,0.012,-0.067,-0.344
9.91,0.012,-0.041,-0.348
9.92,0.012,-0.025,-0.35
9.93,0.012,-0.015,-0.352
9.94,0.012,-0.039,-0.345
9.95,0.012,0.035,-0.364
9.96,0.012,0.021,-0.362
9.97,0.012,0.013,-0.361
9.98,0.012,-0.021,-0.352
9.99,0.012,-0.013,-0.354
10.0,0.012,-0.008,-0.355
10.01,0.012,0.024,-0.364
10.02,0.012,-0.014,-0.354
10.03,0.012,-0.038,-0.347
10.04,0.012,0.005,-0.358
10.05,0.012,-0.055,-0.341
10.06,0.012,-0.004,-0.353
10.07,0.012,0.026,-0.361
10.08,0.012,0.016,-0.36
10.09,0.012,-0.019,-0.351
10.1,0.012,-0.041,-0.344
10.11,0.012,0.033,-0.363
10.12,0.012,0.02,-0.361
10.13,0.012,0.012,-0.36
10.14,0.012,0.007,-0.36
10.15,0.012,0.004,-0.36
10.16,0.012,-0.026,-0.351
10.17,0.011,-0.075,-0.337
10.18,0.011,0.012,-0.358
10.19,0.011,-0.021,-0.349
10.2,0.011,0.016,-0.359
10.21,0.011,-0.019,-0.35
10.22,0.011,-0.012,-0.351
10.23,0.011,0.022,-0.36
10.24,0.011,0.013,-0.359
10.25,0.011,-0.021,-0.35
10.26,0.011,-0.013,-0.351
10.27,0.011,-0.008,-0.352
10.28,0.011,-0.004,-0.353
10.29,0.011,0.026,-0.362
10.3,0.011,0.016,-0.361
10.31,0.011,-0.019,-0.351
10.32,0.011,0.047,-0.369
10.33,0.01,-0.059,-0.342
10.34,0.01,-0.066,-0.337
10.35,0.01,-0.218,-0.292
10.36,0.01,0.073,-0.362
10.37,0.011,0.074,-0.367
10.38,0.011,0.075,-0.371
10.39,0.011,0.016,-0.358
10.4,0.011,0.01,-0.358
10.41,0.011,0.035,-0.365
10.42,0.011,-0.037,-0.347
10.43,0.01,-0.022,-0.349
10.44,0.01,0.015,-0.359
10.45,0.01,-0.049,-0.342
10.46,0.01,-0.03,-0.345
10.47,0.01,0.01,-0.355
10.48,0.009,-0.022,-0.346
10.49,0.009,-0.043,-0.34
10.5,0.009,0.032,-0.359
10.51,0.009,-0.009,-0.349
10.52,0.009,0.023,-0.358
10.53,0.009,0.014,-0.357
10.54,0.009,0.008,-0.356
10.55,0.009,0.005,-0.356
10.56,0.009,-0.026,-0.347
10.57,0.009,-0.045,-0.341
10.58,0.009,0.031,-0.36
10.59,0.009,0.019,-0.358
10.6,0.009,0.011,-0.357
10.61,0.009,0.007,-0.357
10.62,0.009,0.004,-0.357
10.63,0.009,0.002,-0.357
10.64,0.009,0.031,-0.365
10.65,0.009,-0.069,-0.338
10.66,0.009,0.016,-0.359
10.67,0.009,-0.019,-0.35
10.68,0.009,-0.071,-0.335
10.69,0.009,-0.014,-0.347
10.7,0.009,-0.008,-0.348
10.71,0.009,0.024,-0.357
10.72,0.009,0.074,-0.373
10.73,0.009,0.015,-0.36
10.74,0.009,0.157,-0.401
10.75,0.009,-0.051,-0.35
10.76,0.009,-0.12,-0.329
10.77,0.009,-0.103,-0.328
10.78,0.009,-0.033,-0.342
10.79,0.009,0.008,-0.352
10.8,0.009,0.035,-0.36
10.81,0.009,0.021,-0.358
10.82,0.009,-0.016,-0.349
10.83,0.009,0.078,-0.375
10.84,0.009,-0.04,-0.346
10.85,0.009,0.004,-0.356
10.86,0.009,-0.026,-0.348
10.87,0.009,0.161,-0.399
10.88,0.009,-0.078,-0.341
10.89,0.008,-0.077,-0.337
10.9,0.008,-0.047,-0.342
10.91,0.008,0.0,-0.353
10.92,0.008,0.0,-0.353
10.93,0.008,0.0,-0.353
10.94,0.008,0.0,-0.353
10.95,0.008,0.029,-0.362
10.96,0.008,-0.011,-0.352
10.97,0.008,0.022,-0.361
10.98,0.008,0.013,-0.36
10.99,0.008,-0.05,-0.342
11.0,0.008,-0.031,-0.346
11.01,0.008,-0.019,-0.348
11.02,0.008,-0.1,-0.324
11.03,0.008,0.086,-0.371
11.04,0.008,-0.095,-0.325
11.05,0.009,0.089,-0.372
11.06,0.009,0.055,-0.367
11.07,0.008,0.211,-0.414
11.08,0.008,-0.107,-0.335
11.09,0.008,-0.036,-0.35
11.1,0.007,-0.051,-0.344
11.11,0.007,-0.031,-0.347
11.12,0.007,-0.049,-0.341
11.13,0.007,0.0,-0.352
11.14,0.007,-0.089,-0.327
11.15,0.007,0.004,-0.349
11.16,0.007,0.032,-0.357
11.17,0.007,0.019,-0.355
11.18,0.008,-0.017,-0.346
11.19,0.008,-0.01,-0.347
11.2,0.008,0.023,-0.356
11.21,0.008,0.043,-0.363
11.22,0.008,0.026,-0.361
11.23,0.008,-0.013,-0.351
11.24,0.008,0.021,-0.361
11.25,0.008,-0.016,-0.351
11.26,0.008,0.019,-0.361
11.27,0.007,-0.017,-0.351
11.28,0.007,-0.01,-0.352
11.29,0.007,-0.006,-0.353
11.3,0.007,-0.063,-0.337
11.31,0.007,-0.009,-0.349
11.32,0.007,-0.035,-0.341
11.33,0.007,-0.051,-0.335
11.34,0.007,0.057,-0.363
11.35,0.007,0.064,-0.368
11.36,0.007,-0.019,-0.348
11.37,0.007,-0.011,-0.349
11.38,0.007,0.051,-0.367
11.39,0.007,0.061,-0.372
11.4,0.007,-0.08,-0.336
11.41,0.007,-0.049,-0.34
11.42,0.006,0.0,-0.352
11.43,0.006,0.0,-0.352
11.44,0.007,0.0,-0.352
11.45,0.007,-0.029,-0.344
11.46,0.007,-0.018,-0.346
11.47,0.007,-0.07,-0.33
11.48,0.007,0.104,-0.376
11.49,0.007,0.034,-0.362
11.5,0.007,0.021,-0.36
11.51,0.007,0.072,-0.375
11.52,0.007,-0.044,-0.346
11.53,0.007,0.002,-0.357
11.54,0.006,-0.028,-0.349
11.55,0.006,-0.017,-0.351
11.56,0.006,0.018,-0.36
11.57,0.006,-0.047,-0.343
11.58,0.006,-0.088,-0.329
11.59,0.006,0.034,-0.359
11.6,0.006,0.05,-0.365
11.61,0.006,0.031,-0.362
11.62,0.006,-0.01,-0.352
11.63,0.006,-0.006,-0.353
11.64,0.006,-0.033,-0.345
11.65,0.006,0.068,-0.372
11.66,0.006,-0.076,-0.335
11.67,0.006,-0.017,-0.348
11.68,0.006,-0.188,-0.3
11.69,0.006,0.091,-0.369
11.7,0.007,0.145,-0.388
11.71,0.007,0.029,-0.363
11.72,0.007,0.018,-0.362
11.73,0.007,0.011,-0.361
11.74,0.006,-0.022,-0.352
11.75,0.006,0.015,-0.362
11.76,0.006,-0.079,-0.336
11.77,0.006,0.01,-0.357
11.78,0.006,0.006,-0.357
11.79,0.006,-0.055,-0.34
11.8,0.006,-0.033,-0.343
11.81,0.006,-0.02,-0.345
11.82,0.006,0.016,-0.355
11.83,0.006,0.01,-0.354
11.84,0.006,0.006,-0.353
11.85,0.006,0.003,-0.353
11.86,0.006,0.239,-0.419
11.87,0.006,-0.03,-0.356
11.88,0.006,-0.078,-0.341
11.89,0.005,-0.047,-0.346
11.9,0.005,-0.059,-0.34
11.91,0.005,-0.036,-0.344
11.92,0.005,0.036,-0.363
11.93,0.005,-0.006,-0.352
11.94,0.005,-0.004,-0.353
11.95,0.006,-0.032,-0.345
11.96,0.006,0.009,-0.355
11.97,0.006,0.006,-0.355
11.98,0.006,0.092,-0.379
11.99,0.006,-0.002,-0.357
12.0,0.006,-0.031,-0.349
12.01,0.006,-0.019,-0.351
12.02,0.006,-0.041,-0.344
12.03,0.006,0.033,-0.363
12.04,0.006,-0.008,-0.353
12.05,0.006,0.024,-0.362
12.06,0.006,0.014,-0.361
12.07,0.006,-0.02,-0.352
12.08,0.006,-0.012,-0.353
12.09,0.006,-0.066,-0.337
12.1,0.006,0.018,-0.358
12.11,0.006,-0.018,-0.348
12.12,0.006,-0.011,-0.35
12.13,0.006,-0.006,-0.35
12.14,0.005,-0.004,-0.351
12.15,0.005,0.026,-0.359
12.16,0.005,0.046,-0.366
12.17,0.005,-0.06,-0.339
12.18,0.005,-0.007,-0.351
12.19,0.005,-0.034,-0.343
12.2,0.005,0.038,-0.362
12.21,0.005,-0.006,-0.351
12.22,0.005,0.025,-0.36
12.23,0.005,-0.043,-0.342
12.24,0.005,-0.026,-0.344
12.25,0.005,-0.016,-0.346
12.26,0.005,0.019,-0.355
12.27,0.005,0.071,-0.371
12.28,0.005,0.014,-0.359
12.29,0.005,-0.05,-0.341
12.3,0.005,0.117,-0.386
12.31,0.005,-0.076,-0.338
12.32,0.005,-0.017,-0.35
12.33,0.005,-0.01,-0.351
12.34,0.005,-0.006,-0.352
12.35,0.005,-0.003,-0.353
12.36,0.005,-0.091,-0.328
12.37,0.005,0.003,-0.35
12.38,0.005,0.031,-0.358
12.39,0.005,0.048,-0.365
12.4,0.005,0.059,-0.37
12.41,0.005,0.036,-0.367
12.42,0.005,-0.066,-0.34
12.43,0.005,-0.07,-0.336
12.44,0.005,0.016,-0.356
12.45,0.005,-0.078,-0.331
12.46,0.005,0.04,-0.36
12.47,0.005,0.024,-0.358
12.48,0.004,-0.044,-0.34
12.49,0.004,0.002,-0.351
12.5,0.004,0.001,-0.351
12.51,0.005,0.0,-0.351
12.52,0.005,0.03,-0.359
12.53,0.005,0.048,-0.366
12.54,0.005,-0.029,-0.346
12.55,0.004,-0.047,-0.34
12.56,0.004,-0.029,-0.343
12.57,0.005,0.07,-0.369
12.58,0.005,-0.015,-0.349
12.59,0.005,-0.039,-0.341
12.6,0.005,0.005,-0.352
12.61,0.005,0.032,-0.36
12.62,0.005,-0.009,-0.35
12.63,0.005,-0.005,-0.351
12.64,0.005,0.085,-0.376
12.65,0.004,-0.036,-0.346
12.66,0.004,-0.051,-0.34
12.67,0.004,-0.031,-0.343
12.68,0.004,-0.019,-0.345
12.69,0.004,0.017,-0.354
12.7,0.004,0.01,-0.354
12.71,0.004,0.006,-0.353
12.72,0.005,0.033,-0.361
12.73,0.005,-0.038,-0.343
12.74,0.005,-0.023,-0.345
12.75,0.005,0.015,-0.355
12.76,0.005,-0.109,-0.321
12.77,0.005,0.081,-0.368
12.78,0.005,0.02,-0.356
12.79,0.005,0.041,-0.363
12.8,0.004,-0.003,-0.352
12.81,0.004,0.027,-0.361
12.82,0.004,-0.012,-0.351
12.83,0.004,-0.037,-0.343
12.84,0.004,-0.111,-0.321
12.85,0.004,-0.009,-0.344
12.86,0.004,0.053,-0.361
12.87,0.004,0.003,-0.35
12.88,0.004,0.001,-0.35
12.89,0.004,0.001,-0.35
12.9,0.004,0.059,-0.366
12.91,0.004,0.036,-0.363
12.92,0.004,0.052,-0.369
12.93,0.004,-0.027,-0.349
12.94,0.004,-0.046,-0.343
12.95,0.004,-0.058,-0.337
12.96,0.004,-0.035,-0.341
12.97,0.004,0.037,-0.359
12.98,0.004,0.022,-0.357
12.99,0.004,0.043,-0.364
13.0,0.004,-0.002,-0.353
13.01,0.004,-0.001,-0.354
13.02,0.004,0.028,-0.362
13.03,0.004,-0.041,-0.344
13.04,0.004,0.004,-0.355
13.05,0.004,-0.027,-0.346
13.06,0.004,0.012,-0.356
13.07,0.004,-0.021,-0.347
13.08,0.004,0.045,-0.365
13.09,0.004,-0.001,-0.354
13.1,0.004,-0.06,-0.338
13.11,0.004,0.022,-0.358
13.12,0.004,-0.015,-0.348
13.13,0.004,0.019,-0.358
13.14,0.004,-0.047,-0.34
13.15,0.004,0.0,-0.351
13.16,0.004,0.0,-0.351
13.17,0.004,0.029,-0.359
13.18,0.004,0.018,-0.358
13.19,0.004,0.011,-0.357
13.2,0.004,0.006,-0.356
13.21,0.004,0.004,-0.356
13.22,0.004,-0.027,-0.347
13.23,0.004,-0.016,-0.349
13.24,0.004,-0.01,-0.35
13.25,0.004,-0.006,-0.351
13.26,0.004,-0.033,-0.343
13.27,0.004,0.068,-0.369
13.28,0.004,0.012,-0.357
13.29,0.004,-0.022,-0.348
13.3,0.004,-0.013,-0.35
13.31,0.004,0.021,-0.359
13.32,0.004,0.013,-0.358
13.33,0.004,-0.021,-0.349
13.34,0.004,-0.042,-0.342
13.35,0.004,0.003,-0.353
13.36,0.004,0.002,-0.352
13.37,0.004,0.001,-0.352
13.38,0.004,-0.058,-0.336
13.39,0.004,0.023,-0.356
13.4,0.004,0.073,-0.371
13.41,0.004,0.015,-0.359
13.42,0.004,-0.02,-0.349
13.43,0.004,0.017,-0.359
13.44,0.004,-0.048,-0.341
13.45,0.004,0.0,-0.353
13.46,0.004,0.0,-0.353
13.47,0.004,0.0,-0.353
13.48,0.004,0.0,-0.353
13.49,0.004,0.029,-0.361
13.5,0.004,0.018,-0.359
13.51,0.004,-0.048,-0.342
13.52,0.004,0.0,-0.353
13.53,0.004,0.0,-0.353
13.54,0.004,-0.059,-0.336
13.55,0.004,-0.065,-0.332
13.56,0.004,0.077,-0.369
13.57,0.004,0.047,-0.364
13.58,0.004,0.0,-0.353
13.59,0.004,0.118,-0.386
13.6,0.004,-0.045,-0.346
13.61,0.003,-0.087,-0.333
13.62,0.003,0.005,-0.354
13.63,0.003,-0.055,-0.337
13.64,0.003,-0.034,-0.341
13.65,0.003,0.008,-0.351
13.66,0.003,0.094,-0.375
13.67,0.003,-0.031,-0.345
13.68,0.003,0.01,-0.355
13.69,0.003,0.006,-0.355
13.7,0.003,-0.025,-0.346
13.71,0.003,-0.045,-0.339
13.72,0.003,0.031,-0.359
13.73,0.003,-0.039,-0.34
13.74,0.003,0.034,-0.359
13.75,0.003,0.021,-0.357
13.76,0.003,-0.016,-0.348
13.77,0.003,0.019,-0.357
13.78,0.003,-0.106,-0.323
13.79,0.003,0.082,-0.37
13.8,0.004,-0.008,-0.349
13.81,0.004,-0.005,-0.35
13.82,0.004,-0.003,-0.35
13.83,0.004,-0.001,-0.35
13.84,0.004,0.058,-0.367
13.85,0.004,-0.023,-0.347
13.86,0.004,0.015,-0.357
13.87,0.003,0.038,-0.364
13.88,0.003,-0.035,-0.345
13.89,0.003,0.007,-0.356
13.9,0.003,-0.024,-0.347
13.91,0.003,-0.044,-0.34
13.92,0.003,-0.027,-0.343
13.93,0.003,0.012,-0.353
13.94,0.003,-0.021,-0.344
13.95,0.003,0.016,-0.353
13.96,0.003,0.039,-0.361
13.97,0.003,0.024,-0.359
13.98,0.003,-0.014,-0.349
13.99,0.003,0.02,-0.358
14.0,0.003,-0.016,-0.349
14.01,0.003,0.108,-0.383
14.02,0.003,-0.052,-0.344
14.03,0.003,-0.061,-0.338
14.04,0.003,-0.037,-0.342
14.05,0.003,0.035,-0.361
14.06,0.003,0.022,-0.359
14.07,0.003,0.013,-0.357
14.08,0.003,-0.021,-0.348
14.09,0.003,0.046,-0.366
14.1,0.003,-0.06,-0.339
14.11,0.003,-0.125,-0.317
14.12,0.003,0.07,-0.366
14.13,0.003,0.043,-0.362
14.14,0.004,-0.002,-0.351
14.15,0.004,-0.001,-0.352
14.16,0.004,-0.001,-0.352
14.17,0.004,0.0,-0.352
14.18,0.004,0.0,-0.352
14.19,0.004,0.029,-0.36
14.2,0.003,-0.011,-0.35
14.21,0.003,0.022,-0.359
14.22,0.003,-0.045,-0.342
14.23,0.003,0.12,-0.386
14.24,0.003,-0.074,-0.337
14.25,0.002,-0.015,-0.35
14.26,0.002,-0.009,-0.351
14.27,0.002,-0.035,-0.343
14.28,0.002,-0.021,-0.345
14.29,0.002,-0.013,-0.346
14.3,0.002,-0.008,-0.347
14.31,0.002,-0.005,-0.348
14.32,0.003,0.085,-0.373
14.33,0.003,-0.006,-0.351
14.34,0.003,-0.004,-0.352
14.35,0.003,0.027,-0.36
14.36,0.003,-0.042,-0.342
14.37,0.003,0.033,-0.361
14.38,0.003,-0.009,-0.351
14.39,0.003,0.053,-0.368
14.4,0.003,-0.115,-0.324
14.41,0.003,-0.011,-0.347
14.42,0.003,0.022,-0.356
14.43,0.003,0.043,-0.363
14.44,0.003,0.026,-0.361
14.45,0.003,-0.013,-0.351
14.46,0.003,-0.008,-0.352
14.47,0.003,-0.034,-0.344
14.48,0.003,-0.021,-0.346
14.49,0.003,0.016,-0.356
14.5,0.003,0.01,-0.355
14.51,0.003,-0.023,-0.346
14.52,0.003,-0.014,-0.347
14.53,0.003,0.05,-0.365
14.54,0.003,-0.028,-0.345
14.55,0.003,-0.017,-0.347
14.56,0.003,-0.01,-0.348
14.57,0.003,0.052,-0.365
14.58,0.003,0.002,-0.354
14.59,0.003,0.031,-0.362
14.6,0.003,-0.04,-0.344
14.61,0.003,0.005,-0.354
14.62,0.003,0.003,-0.354
14.63,0.003,-0.027,-0.346
14.64,0.003,0.012,-0.355
14.65,0.003,-0.051,-0.338
14.66,0.003,-0.002,-0.349
14.67,0.003,0.087,-0.374
14.68,0.003,-0.005,-0.353
14.69,0.003,0.026,-0.361
14.7,0.003,-0.013,-0.352
14.71,0.002,-0.067,-0.336
14.72,0.002,0.017,-0.356
14.73,0.002,-0.077,-0.331
14.74,0.002,0.07,-0.368
14.75,0.003,0.013,-0.356
14.76,0.002,0.215,-0.413
14.77,0.002,-0.104,-0.334
14.78,0.002,-0.064,-0.34
14.79,0.002,-0.068,-0.336
14.8,0.002,-0.012,-0.348
14.81,0.002,-0.007,-0.349
14.82,0.002,-0.034,-0.341
14.83,0.002,-0.021,-0.343
14.84,0.003,0.046,-0.361
14.85,0.003,-0.001,-0.35
14.86,0.003,0.0,-0.35
14.87,0.003,0.0,-0.35
14.88,0.003,0.088,-0.375
14.89,0.003,0.024,-0.362
14.9,0.003,0.104,-0.385
14.91,0.003,-0.054,-0.346
14.92,0.002,-0.063,-0.341
14.93,0.002,-0.068,-0.337
14.94,0.002,0.076,-0.374
14.95,0.002,-0.041,-0.344
14.96,0.002,-0.055,-0.339
14.97,0.002,-0.211,-0.292
14.98,0.002,0.047,-0.354
14.99,0.002,0.029,-0.351
15.0,0.003,0.077,-0.366
15.01,0.003,-0.011,-0.345
15.02,0.003,0.022,-0.354
15.03,0.003,0.072,-0.369
15.04,0.003,0.044,-0.365
15.05,0.003,-0.002,-0.354
15.06,0.003,0.028,-0.363
15.07,0.002,0.017,-0.361
15.08,0.002,-0.048,-0.344
15.09,0.002,0.0,-0.355
15.1,0.002,-0.059,-0.338
15.11,0.002,-0.006,-0.35
15.12,0.002,-0.004,-0.35
15.13,0.002,-0.032,-0.342
15.14,0.002,-0.019,-0.344
15.15,0.002,-0.041,-0.337
15.16,0.002,0.003,-0.348
15.17,0.002,0.032,-0.356
15.18,0.003,0.019,-0.354
15.19,0.003,0.041,-0.361
15.2,0.003,0.025,-0.359
15.21,0.003,0.045,-0.366
15.22,0.003,-0.031,-0.347
15.23,0.003,-0.108,-0.324
15.24,0.003,0.052,-0.363
15.25,0.003,0.031,-0.36
15.26,0.003,0.019,-0.358
15.27,0.003,-0.017,-0.349
15.28,0.003,-0.01,-0.35
15.29,0.002,0.022,-0.359
15.3,0.002,0.014,-0.358
15.31,0.002,-0.05,-0.34
15.32,0.002,-0.031,-0.343
15.33,0.002,-0.019,-0.345
15.34,0.002,0.017,-0.354
15.35,0.002,-0.018,-0.345
15.36,0.002,-0.011,-0.346
15.37,0.002,-0.007,-0.347
15.38,0.002,0.054,-0.364
15.39,0.002,0.033,-0.361
15.4,0.002,-0.038,-0.342
15.41,0.002,0.005,-0.353
15.42,0.002,0.033,-0.361
15.43,0.002,-0.009,-0.35
15.44,0.002,-0.064,-0.334
15.45,0.002,-0.01,-0.347
15.46,0.002,-0.006,-0.347
15.47,0.002,0.055,-0.364
15.48,0.002,0.004,-0.353
15.49,0.002,0.032,-0.361
15.5,0.002,-0.009,-0.351
15.51,0.002,-0.065,-0.335
15.52,0.002,0.019,-0.355
15.53,0.002,0.011,-0.354
15.54,0.002,-0.022,-0.345
15.55,0.002,0.045,-0.363
15.56,0.002,-0.001,-0.352
15.57,0.002,0.058,-0.369
15.58,0.002,-0.023,-0.349
15.59,0.002,-0.014,-0.35
15.6,0.002,-0.038,-0.343
15.61,0.002,-0.023,-0.345
15.62,0.002,0.015,-0.354
15.63,0.002,0.009,-0.354
15.64,0.002,0.005,-0.353
15.65,0.002,0.033,-0.361
15.66,0.002,0.02,-0.359
15.67,0.002,-0.017,-0.35
15.68,0.002,0.019,-0.359
15.69,0.002,-0.017,-0.35
15.7,0.002,-0.04,-0.342
15.71,0.002,0.034,-0.361
15.72,0.002,-0.008,-0.351
15.73,0.002,-0.034,-0.343
15.74,0.002,0.037,-0.362
15.75,0.002,-0.036,-0.343
15.76,0.002,0.037,-0.362
15.77,0.002,0.022,-0.36
15.78,0.002,-0.074,-0.334
15.79,0.002,-0.016,-0.346
15.8,0.002,0.019,-0.356
15.81,0.002,0.13,-0.388
15.82,0.002,-0.097,-0.33
15.83,0.002,0.0,-0.353
15.84,0.002,0.0,-0.353
15.85,0.002,0.0,-0.353
15.86,0.002,0.029,-0.361
15.87,0.002,-0.041,-0.343
15.88,0.002,0.004,-0.353
15.89,0.002,0.002,-0.353
15.9,0.002,-0.027,-0.345
15.91,0.002,0.012,-0.355
15.92,0.002,0.037,-0.362
15.93,0.002,0.082,-0.377
15.94,0.002,-0.038,-0.347
15.95,0.001,-0.053,-0.341
15.96,0.001,-0.032,-0.344
15.97,0.001,-0.02,-0.346
15.98,0.002,-0.012,-0.347
15.99,0.002,0.14,-0.389
16.0,0.002,-0.061,-0.34
16.01,0.002,-0.037,-0.343
16.02,0.002,0.006,-0.354
16.03,0.002,0.033,-0.362
16.04,0.002,-0.068,-0.335
16.05,0.002,-0.012,-0.347
16.06,0.002,-0.037,-0.34
16.07,0.002,0.036,-0.359
16.08,0.002,0.051,-0.365
16.09,0.003,-0.027,-0.345
16.1,0.003,-0.016,-0.347
16.11,0.003,0.048,-0.364
16.12,0.002,0.0,-0.353
16.13,0.002,0.029,-0.362
16.14,0.002,-0.1,-0.327
16.15,0.002,-0.002,-0.349
16.16,0.002,-0.001,-0.349
16.17,0.002,0.0,-0.349
16.18,0.002,0.0,-0.349
16.19,0.002,-0.029,-0.341
16.2,0.002,0.04,-0.359
16.21,0.002,-0.093,-0.324
16.22,0.002,-0.086,-0.321
16.23,0.002,0.065,-0.359
16.24,0.002,0.069,-0.364
16.25,0.002,0.042,-0.36
16.26,0.002,0.085,-0.374
16.27,0.002,-0.006,-0.352
16.28,0.002,-0.033,-0.345
16.29,0.002,0.038,-0.363
16.3,0.001,-0.005,-0.353
16.31,0.001,-0.062,-0.336
16.32,0.001,0.02,-0.357
16.33,0.001,-0.046,-0.339
16.34,0.001,-0.028,-0.342
16.35,0.002,0.1,-0.376
16.36,0.002,0.002,-0.354
16.37,0.002,0.001,-0.354
16.38,0.002,-0.028,-0.345
16.39,0.002,0.012,-0.355
16.4,0.002,0.037,-0.363
16.41,0.002,-0.036,-0.344
16.42,0.002,0.066,-0.371
16.43,0.002,-0.018,-0.351
16.44,0.002,-0.04,-0.344
16.45,0.002,0.004,-0.354
16.46,0.002,0.002,-0.354
16.47,0.002,-0.027,-0.346
16.48,0.002,-0.017,-0.347
16.49,0.002,0.019,-0.357
16.5,0.002,0.1,-0.38
16.51,0.002,-0.086,-0.333
16.52,0.002,-0.023,-0.346
16.53,0.002,-0.014,-0.348
16.54,0.002,-0.038,-0.34
16.55,0.002,0.183,-0.401
16.56,0.002,-0.035,-0.349
16.57,0.002,-0.021,-0.351
16.58,0.002,-0.042,-0.344
16.59,0.002,0.151,-0.396
16.6,0.002,-0.084,-0.337
16.61,0.001,-0.052,-0.342
16.62,0.001,0.086,-0.378
16.63,0.001,-0.094,-0.332
16.64,0.001,-0.058,-0.338
16.65,0.001,-0.035,-0.341
16.66,0.001,-0.021,-0.343
16.67,0.002,0.016,-0.353
16.68,0.002,0.039,-0.36
16.69,0.002,0.053,-0.366
16.7,0.002,0.003,-0.355
16.71,0.002,0.002,-0.354
16.72,0.002,0.001,-0.354
16.73,0.002,0.0,-0.354
16.74,0.002,0.0,-0.354
16.75,0.002,-0.029,-0.346
16.76,0.002,0.041,-0.364
16.77,0.002,-0.122,-0.32
16.78,0.002,0.013,-0.352
16.79,0.002,0.008,-0.352
16.8,0.002,0.034,-0.359
16.81,0.002,0.05,-0.366
16.82,0.001,0.001,-0.354
16.83,0.001,-0.087,-0.33
16.84,0.001,-0.053,-0.335
16.85,0.001,0.026,-0.354
16.86,0.001,-0.013,-0.345
16.87,0.001,0.05,-0.362
16.88,0.002,0.001,-0.351
16.89,0.002,0.001,-0.351
16.9,0.002,-0.028,-0.342
16.91,0.002,0.011,-0.352
16.92,0.002,0.007,-0.352
16.93,0.002,0.004,-0.351
16.94,0.002,0.091,-0.376
16.95,0.002,-0.002,-0.354
16.96,0.002,-0.031,-0.346
16.97,0.002,0.01,-0.356
16.98,0.002,-0.023,-0.347
16.99,0.001,0.015,-0.357
17.0,0.001,-0.02,-0.348
17.01,0.001,-0.042,-0.34
17.02,0.001,0.033,-0.359
17.03,0.001,-0.068,-0.333
17.04,0.001,0.046,-0.361
17.05,0.002,0.028,-0.359
17.06,0.002,0.017,-0.357
17.07,0.002,0.01,-0.356
17.08,0.002,0.036,-0.364
17.09,0.001,-0.007,-0.353
17.1,0.001,-0.063,-0.337
17.11,0.001,-0.009,-0.349
17.12,0.001,-0.005,-0.35
17.13,0.001,0.026,-0.358
17.14,0.002,-0.013,-0.349
17.15,0.002,0.021,-0.358
17.16,0.002,0.042,-0.365
17.17,0.002,-0.003,-0.354
17.18,0.002,0.116,-0.387
17.19,0.001,-0.076,-0.339
17.2,0.001,-0.047,-0.344
17.21,0.001,-0.028,-0.346
17.22,0.001,-0.017,-0.348
17.23,0.001,-0.07,-0.333
17.24,0.001,-0.043,-0.337
17.25,0.002,0.062,-0.364
17.26,0.002,0.038,-0.36
17.27,0.002,0.023,-0.358
17.28,0.002,0.014,-0.357
17.29,0.002,0.068,-0.373
17.3,0.002,-0.047,-0.344
17.31,0.002,0.0,-0.355
17.32,0.002,0.118,-0.388
17.33,0.002,-0.075,-0.34
17.34,0.001,-0.075,-0.336
17.35,0.001,-0.046,-0.34
17.36,0.001,0.001,-0.351
17.37,0.001,0.0,-0.351
17.38,0.001,0.118,-0.384
17.39,0.001,-0.075,-0.336
17.4,0.001,-0.016,-0.349
17.41,0.001,-0.069,-0.333
17.42,0.001,0.075,-0.37
17.43,0.002,0.016,-0.357
17.44,0.002,0.01,-0.356
17.45,0.002,-0.052,-0.339
17.46,0.002,0.026,-0.359
17.47,0.002,0.016,-0.357
17.48,0.002,0.01,-0.356
17.49,0.002,0.006,-0.356
17.5,0.002,-0.025,-0.347
17.51,0.002,0.013,-0.357
17.52,0.002,-0.021,-0.348
17.53,0.002,-0.012,-0.349
17.54,0.002,0.021,-0.358
17.55,0.002,-0.016,-0.349
17.56,0.001,0.019,-0.358
17.57,0.001,-0.017,-0.349
17.58,0.001,-0.129,-0.316
17.59,0.001,-0.02,-0.341
17.6,0.002,0.017,-0.35
17.61,0.002,0.04,-0.357
17.62,0.002,0.024,-0.355
17.63,0.002,0.044,-0.362
17.64,0.002,0.027,-0.359
17.65,0.002,-0.012,-0.349
17.66,0.002,0.021,-0.358
17.67,0.002,0.013,-0.357
17.68,0.001,-0.021,-0.348
17.69,0.001,-0.042,-0.341
17.7,0.001,0.003,-0.352
17.71,0.001,0.002,-0.352
17.72,0.001,-0.028,-0.343
17.73,0.001,-0.047,-0.337
17.74,0.001,0.0,-0.348
17.75,0.001,0.03,-0.356
17.76,0.002,0.018,-0.354
17.77,0.002,0.011,-0.353
17.78,0.002,0.036,-0.361
17.79,0.002,0.022,-0.359
17.8,0.002,-0.015,-0.349
17.81,0.002,-0.009,-0.35
17.82,0.001,0.023,-0.359
17.83,0.001,-0.015,-0.349
17.84,0.001,-0.038,-0.342
17.85,0.001,-0.023,-0.344
17.86,0.001,-0.014,-0.345
17.87,0.001,0.02,-0.355
17.88,0.002,0.042,-0.362
17.89,0.002,0.025,-0.359
17.9,0.002,-0.043,-0.341
17.91,0.001,0.032,-0.36
17.92,0.001,0.02,-0.358
17.93,0.001,-0.046,-0.341
17.94,0.001,-0.028,-0.343
17.95,0.001,0.011,-0.353
17.96,0.001,0.036,-0.361
17.97,0.001,0.022,-0.359
17.98,0.001,-0.045,-0.341
17.99,0.001,-0.027,-0.344
18.0,0.001,0.101,-0.378
18.01,0.001,-0.085,-0.331
18.02,0.001,0.036,-0.361
18.03,0.001,0.022,-0.359
18.04,0.001,0.013,-0.357
18.05,0.001,-0.021,-0.348
18.06,0.001,-0.013,-0.35
18.07,0.001,-0.008,-0.35
18.08,0.002,0.024,-0.359
18.09,0.002,0.015,-0.358
18.1,0.002,0.009,-0.357
18.11,0.001,0.005,-0.356
18.12,0.001,-0.085,-0.331
18.13,0.001,0.006,-0.353
18.14,0.001,-0.025,-0.344
18.15,0.001,0.073,-0.37
18.16,0.002,-0.043,-0.341
18.17,0.001,0.032,-0.36
18.18,0.001,0.049,-0.367
18.19,0.001,-0.058,-0.339
18.2,0.001,-0.035,-0.342
18.21,0.001,-0.022,-0.345
18.22,0.001,0.016,-0.354
18.23,0.001,0.009,-0.353
18.24,0.002,0.035,-0.361
18.25,0.002,-0.007,-0.351
18.26,0.002,-0.004,-0.351
18.27,0.001,0.085,-0.376
18.28,0.001,-0.065,-0.338
18.29,0.001,0.018,-0.358
18.3,0.001,0.07,-0.374
18.31,0.001,-0.015,-0.353
18.32,0.001,0.079,-0.379
18.33,0.001,-0.129,-0.325
18.34,0.001,0.009,-0.357
18.35,0.001,0.065,-0.373
18.36,0.001,-0.078,-0.336
18.37,0.001,-0.107,-0.324
18.38,0.001,0.022,-0.355
18.39,0.001,0.043,-0.362
18.4,0.001,0.026,-0.36
18.41,0.002,-0.161,-0.308
18.42,0.002,0.049,-0.359
18.43,0.002,0.148,-0.389
18.44,0.002,0.032,-0.364
18.45,0.002,-0.009,-0.354
18.46,0.002,0.023,-0.363
18.47,0.002,-0.044,-0.345
18.48,0.002,0.002,-0.356
18.49,0.002,-0.057,-0.339
18.5,0.001,-0.005,-0.351
18.51,0.001,-0.003,-0.351
18.52,0.001,-0.002,-0.352
18.53,0.001,-0.149,-0.31
18.54,0.001,0.056,-0.36
18.55,0.001,0.212,-0.407
18.56,0.001,-0.076,-0.337
18.57,0.001,-0.076,-0.333
18.58,0.001,0.041,-0.362
18.59,0.001,-0.033,-0.343
18.6,0.001,0.008,-0.353
18.61,0.001,0.005,-0.353
18.62,0.002,-0.026,-0.344
18.63,0.002,-0.016,-0.346
18.64,0.002,0.049,-0.363
18.65,0.002,0.03,-0.36
18.66,0.002,-0.011,-0.35
18.67,0.002,0.022,-0.359
18.68,0.001,-0.074,-0.333
18.69,0.001,0.072,-0.371
18.7,0.001,-0.044,-0.342
18.71,0.001,-0.027,-0.344
18.72,0.001,-0.046,-0.337
18.73,0.001,0.001,-0.348
18.74,0.001,-0.028,-0.34
18.75,0.001,-0.047,-0.333
18.76,0.002,0.059,-0.361
18.77,0.002,0.036,-0.358
18.78,0.002,-0.007,-0.347
18.79,0.002,-0.004,-0.348
18.8,0.002,0.026,-0.356
18.81,0.002,0.046,-0.363
18.82,0.002,-0.001,-0.352
18.83,0.002,0.028,-0.36
18.84,0.001,-0.041,-0.342
18.85,0.001,0.004,-0.353
18.86,0.001,-0.027,-0.344
18.87,0.001,0.042,-0.362
18.88,0.001,-0.003,-0.352
18.89,0.001,-0.031,-0.344
18.9,0.0,-0.049,-0.337
18.91,0.001,-0.03,-0.34
18.92,0.001,-0.018,-0.342
18.93,0.001,0.018,-0.351
18.94,0.001,0.011,-0.35
18.95,0.002,0.036,-0.358
18.96,0.002,0.052,-0.364
18.97,0.002,0.002,-0.353
18.98,0.002,-0.028,-0.344
18.99,0.002,0.041,-0.362
19.0,0.002,-0.092,-0.327
19.01,0.002,-0.056,-0.332
19.02,0.002,0.083,-0.369
19.03,0.002,0.051,-0.364
19.04,0.002,0.001,-0.353
19.05,0.002,0.001,-0.352
19.06,0.002,0.03,-0.361
19.07,0.002,-0.01,-0.351
19.08,0.001,-0.036,-0.343
19.09,0.001,0.007,-0.353
19.1,0.001,0.004,-0.353
19.11,0.001,0.002,-0.353
19.12,0.001,-0.087,-0.328
19.13,0.001,-0.023,-0.341
19.14,0.001,0.014,-0.351
19.15,0.001,0.038,-0.358
19.16,0.001,0.053,-0.364
19.17,0.001,-0.026,-0.345
19.18,0.001,0.013,-0.354
19.19,0.001,-0.021,-0.345
19.2,0.001,-0.013,-0.347
19.21,0.001,0.021,-0.356
19.22,0.001,-0.016,-0.346
19.23,0.001,-0.01,-0.347
19.24,0.001,-0.065,-0.331
19.25,0.002,0.078,-0.368
19.26,0.002,0.048,-0.363
19.27,0.002,0.0,-0.352
19.28,0.002,0.029,-0.361
19.29,0.002,0.018,-0.359
19.3,0.001,-0.107,-0.325
19.31,0.001,-0.125,-0.314
19.32,0.001,0.071,-0.363
19.33,0.001,0.073,-0.367
19.34,0.001,-0.043,-0.338
19.35,0.001,0.032,-0.357
19.36,0.001,-0.039,-0.339
19.37,0.001,0.035,-0.358
19.38,0.001,0.021,-0.356
19.39,0.001,-0.016,-0.346
19.4,0.001,0.019,-0.355
19.41,0.001,0.012,-0.354
19.42,0.001,0.007,-0.354
19.43,0.001,-0.025,-0.345
19.44,0.001,0.043,-0.363
19.45,0.001,-0.032,-0.344
19.46,0.001,-0.019,-0.346
19.47,0.001,-0.012,-0.347
19.48,0.001,-0.007,-0.347
19.49,0.001,-0.182,-0.298
19.5,0.001,0.095,-0.367
19.51,0.002,0.177,-0.394
19.52,0.002,-0.009,-0.351
19.53,0.002,0.023,-0.36
19.54,0.001,0.014,-0.359
19.55,0.001,-0.02,-0.349
19.56,0.001,-0.042,-0.342
19.57,0.001,-0.025,-0.345
19.58,0.001,-0.015,-0.346
19.59,0.001,-0.128,-0.314
19.6,0.001,0.069,-0.363
19.61,0.001,0.072,-0.367
19.62,0.001,0.014,-0.355
19.63,0.001,0.038,-0.362
19.64,0.001,0.023,-0.36
19.65,0.001,0.014,-0.359
19.66,0.001,-0.05,-0.341
19.67,0.001,-0.03,-0.344
19.68,0.001,-0.048,-0.338
19.69,0.001,-0.059,-0.332
19.7,0.001,0.022,-0.352
19.71,0.001,0.043,-0.359
19.72,0.001,0.026,-0.357
19.73,0.001,0.046,-0.363
19.74,0.001,-0.03,-0.344
19.75,0.001,0.01,-0.354
19.76,0.001,0.006,-0.354
19.77,0.002,0.003,-0.353
19.78,0.001,0.032,-0.361
19.79,0.001,-0.009,-0.351
19.8,0.001,-0.006,-0.352
19.81,0.001,-0.033,-0.344
19.82,0.001,0.009,-0.354
19.83,0.001,-0.024,-0.345
19.84,0.001,-0.014,-0.347
19.85,0.001,-0.009,-0.347
19.86,0.001,-0.005,-0.348
19.87,0.001,0.026,-0.357
19.88,0.002,0.045,-0.363
19.89,0.002,-0.001,-0.352
19.9,0.001,0.028,-0.361
19.91,0.001,-0.041,-0.343
19.92,0.001,-0.025,-0.345
19.93,0.001,-0.015,-0.346
19.94,0.001,-0.009,-0.347
19.95,0.001,0.023,-0.356
19.96,0.001,-0.015,-0.347
19.97,0.001,0.02,-0.356
19.98,0.001,0.012,-0.355
19.99,0.001,-0.021,-0.346
20.0,0.001,0.016,-0.355
20.01,0.001,-0.019,-0.346
20.02,0.001,0.047,-0.364
20.03,0.001,0.028,-0.361
20.04,0.001,-0.041,-0.343
20.05,0.001,-0.025,-0.345
20.06,0.001,0.043,-0.363
20.07,0.001,-0.032,-0.344
20.08,0.001,0.009,-0.354
20.09,0.001,0.005,-0.354
20.1,0.001,-0.025,-0.345
20.11,0.001,0.013,-0.355
20.12,0.001,0.038,-0.362
20.13,0.001,-0.035,-0.343
20.14,0.001,0.007,-0.354
20.15,0.001,-0.054,-0.337
20.16,0.001,-0.003,-0.348
20.17,0.002,-0.061,-0.332
20.18,0.002,0.08,-0.369
20.19,0.002,0.049,-0.364
20.2,0.002,0.03,-0.361
20.21,0.002,0.018,-0.359
20.22,0.001,-0.047,-0.342
20.23,0.001,0.0,-0.353
20.24,0.001,0.0,-0.353
20.25,0.001,0.059,-0.369
20.26,0.001,-0.052,-0.341
20.27,0.001,-0.061,-0.336
20.28,0.001,-0.008,-0.348
20.29,0.001,-0.034,-0.34
20.3,0.001,0.037,-0.358
20.31,0.001,0.171,-0.398
20.32,0.001,-0.072,-0.338
20.33,0.001,-0.014,-0.351
20.34,0.001,-0.038,-0.343
20.35,0.001,0.065,-0.37
20.36,0.001,-0.048,-0.342
20.37,0.001,-0.03,-0.344
20.38,0.001,0.011,-0.354
20.39,0.001,0.006,-0.354
20.4,0.002,-0.025,-0.345
20.41,0.002,0.043,-0.363
20.42,0.002,-0.002,-0.352
20.43,0.002,0.027,-0.361
20.44,0.002,-0.101,-0.326
20.45,0.002,-0.002,-0.349
20.46,0.002,0.057,-0.365
20.47,0.002,0.005,-0.354
20.48,0.002,0.003,-0.353
20.49,0.001,-0.027,-0.345
20.5,0.001,0.042,-0.363
20.51,0.001,-0.003,-0.352
20.52,0.001,-0.002,-0.353
20.53,0.001,-0.03,-0.344
20.54,0.001,-0.019,-0.346
20.55,0.001,-0.011,-0.347
20.56,0.001,-0.007,-0.348
20.57,0.001,-0.004,-0.348
20.58,0.001,-0.032,-0.34
20.59,0.001,0.039,-0.359
20.6,0.001,0.024,-0.356
20.61,0.001,0.133,-0.388
20.62,0.001,-0.036,-0.347
20.63,0.001,-0.022,-0.349
20.64,0.001,0.015,-0.359
20.65,0.001,-0.049,-0.342
20.66,0.001,0.0,-0.353
20.67,0.001,-0.03,-0.344
20.68,0.001,-0.018,-0.346
20.69,0.002,0.077,-0.372
20.7,0.002,-0.011,-0.351
20.71,0.002,-0.007,-0.352
20.72,0.002,0.025,-0.361
20.73,0.002,-0.043,-0.342
20.74,0.001,-0.026,-0.345
20.75,0.001,0.072,-0.371
20.76,0.001,-0.044,-0.342
20.77,0.001,-0.027,-0.345
20.78,0.001,-0.046,-0.338
20.79,0.001,0.178,-0.399
20.8,0.001,-0.067,-0.339
20.81,0.001,-0.041,-0.343
20.82,0.001,0.122,-0.387
20.83,0.001,-0.072,-0.338
20.84,0.001,-0.015,-0.351
20.85,0.001,-0.038,-0.343
20.86,0.001,0.094,-0.379
20.87,0.001,-0.03,-0.348
20.88,0.001,-0.048,-0.342
20.89,0.001,0.029,-0.361
20.9,0.001,-0.041,-0.343
20.91,0.001,-0.084,-0.329
20.92,0.001,0.036,-0.358
20.93,0.001,0.022,-0.356
20.94,0.002,0.043,-0.363
20.95,0.002,-0.15,-0.311
20.96,0.002,0.114,-0.378
20.97,0.002,0.011,-0.355
20.98,0.002,0.006,-0.354
20.99,0.002,0.033,-0.362
21.0,0.002,0.02,-0.36
21.01,0.002,0.012,-0.359
21.02,0.001,-0.021,-0.35
21.03,0.001,0.016,-0.359
21.04,0.001,-0.108,-0.325
21.05,0.001,0.022,-0.356
21.06,0.001,0.013,-0.355
21.07,0.001,-0.021,-0.346
21.08,0.001,-0.013,-0.347
21.09,0.001,-0.008,-0.348
21.1,0.001,0.083,-0.373
21.11,0.001,-0.037,-0.344
21.12,0.001,-0.022,-0.346
21.13,0.001,0.015,-0.355
21.14,0.001,0.009,-0.354
21.15,0.001,0.005,-0.354
21.16,0.001,0.003,-0.354
21.17,0.001,-0.027,-0.345
21.18,0.001,-0.046,-0.338
21.19,0.001,0.03,-0.358
21.2,0.002,0.048,-0.364
21.21,0.002,-0.029,-0.345
21.22,0.002,0.041,-0.363
21.23,0.002,-0.004,-0.352
21.24,0.002,-0.002,-0.353
21.25,0.001,0.027,-0.361
21.26,0.001,-0.012,-0.351
21.27,0.001,-0.007,-0.352
21.28,0.001,-0.004,-0.352
21.29,0.001,-0.032,-0.344
21.3,0.001,-0.019,-0.346
21.31,0.001,0.017,-0.356
21.32,0.001,-0.018,-0.346
21.33,0.001,-0.011,-0.347
21.34,0.001,-0.007,-0.348
21.35,0.001,0.025,-0.357
21.36,0.001,-0.043,-0.339
21.37,0.001,0.032,-0.358
21.38,0.001,-0.009,-0.348
21.39,0.001,0.023,-0.357
21.4,0.001,0.014,-0.355
21.41,0.001,0.008,-0.354
21.42,0.001,0.005,-0.354
21.43,0.001,-0.026,-0.345
21.44,0.001,0.013,-0.355
21.45,0.001,-0.021,-0.346
21.46,0.001,-0.013,-0.347
21.47,0.001,-0.037,-0.34
21.48,0.002,0.065,-0.367
21.49,0.002,0.01,-0.355
21.5,0.002,-0.023,-0.346
21.51,0.002,-0.073,-0.331
21.52,0.002,0.043,-0.36
21.53,0.002,0.026,-0.357
21.54,0.001,0.046,-0.364
21.55,0.001,0.057,-0.37
21.56,0.001,0.005,-0.358
21.57,0.001,0.003,-0.358
21.58,0.0,-0.056,-0.341
21.59,0.0,-0.064,-0.336
21.6,0.0,-0.039,-0.339
21.61,0.0,-0.053,-0.333
21.62,0.001,0.026,-0.353
21.63,0.001,0.045,-0.36
21.64,0.001,-0.001,-0.349
21.65,0.001,0.0,-0.349
21.66,0.002,0.029,-0.357
21.67,0.002,-0.011,-0.347
21.68,0.002,0.051,-0.365
21.69,0.002,0.002,-0.353
21.7,0.002,0.001,-0.353
21.71,0.002,0.03,-0.362
21.72,0.002,-0.04,-0.343
21.73,0.002,0.004,-0.354
21.74,0.002,0.032,-0.362
21.75,0.001,-0.039,-0.343
21.76,0.001,0.035,-0.362
21.77,0.001,-0.037,-0.344
21.78,0.001,-0.023,-0.346
21.79,0.001,-0.043,-0.339
21.8,0.001,0.002,-0.35
21.81,0.001,-0.027,-0.341
21.82,0.001,0.19,-0.401
21.83,0.001,-0.06,-0.34
21.84,0.001,-0.007,-0.352
21.85,0.001,-0.064,-0.336
21.86,0.001,-0.009,-0.348
21.87,0.001,-0.005,-0.348
21.88,0.001,0.025,-0.357
21.89,0.001,-0.013,-0.347
21.9,0.001,-0.008,-0.348
21.91,0.001,0.024,-0.357
21.92,0.002,0.044,-0.364
21.93,0.002,-0.002,-0.353
21.94,0.002,-0.001,-0.353
21.95,0.002,0.028,-0.361
21.96,0.002,0.017,-0.36
21.97,0.001,-0.018,-0.35
21.98,0.001,-0.041,-0.343
21.99,0.001,-0.054,-0.337
22.0,0.001,-0.004,-0.349
22.01,0.001,-0.002,-0.349
22.02,0.001,-0.001,-0.349
22.03,0.001,0.028,-0.357
22.04,0.001,0.017,-0.356
22.05,0.001,-0.018,-0.347
22.06,0.001,-0.041,-0.339
22.07,0.001,0.093,-0.375
22.08,0.001,0.027,-0.361
22.09,0.001,-0.042,-0.343
22.1,0.001,-0.025,-0.345
22.11,0.001,0.013,-0.355
22.12,0.001,-0.021,-0.346
22.13,0.001,0.016,-0.356
22.14,0.001,-0.019,-0.346
22.15,0.001,0.017,-0.356
22.16,0.001,-0.018,-0.347
22.17,0.001,-0.041,-0.339
22.18,0.001,0.033,-0.358
22.19,0.002,0.05,-0.365
22.2,0.001,0.001,-0.353
22.21,0.001,-0.058,-0.337
22.22,0.001,0.023,-0.357
22.23,0.001,-0.133,-0.314
22.24,0.001,0.065,-0.363
22.25,0.002,0.04,-0.359
22.26,0.002,0.024,-0.357
22.27,0.001,0.044,-0.364
22.28,0.001,-0.031,-0.345
22.29,0.001,-0.049,-0.338
22.3,0.001,0.029,-0.358
22.31,0.001,0.017,-0.356
22.32,0.001,0.01,-0.355
22.33,0.001,0.006,-0.354
22.34,0.001,0.033,-0.362
22.35,0.001,-0.068,-0.335
22.36,0.001,-0.071,-0.331
22.37,0.001,0.015,-0.352
22.38,0.001,0.009,-0.351
22.39,0.001,0.005,-0.35
22.4,0.001,0.003,-0.35
22.41,0.001,0.061,-0.366
22.42,0.001,0.008,-0.354
22.43,0.001,0.004,-0.354
22.44,0.001,0.003,-0.354
22.45,0.001,-0.027,-0.345
22.46,0.001,-0.017,-0.347
22.47,0.001,-0.01,-0.348
22.48,0.001,0.082,-0.373
22.49,0.001,-0.038,-0.344
22.5,0.001,0.006,-0.354
22.51,0.001,-0.085,-0.329
22.52,0.001,0.006,-0.35
22.53,0.001,0.004,-0.35
22.54,0.001,0.032,-0.358
22.55,0.002,0.049,-0.365
22.56,0.001,0.03,-0.362
22.57,0.001,-0.01,-0.352
22.58,0.001,0.052,-0.369
22.59,0.001,-0.056,-0.341
22.6,0.001,0.024,-0.361
22.61,0.001,-0.044,-0.343
22.62,0.0,0.061,-0.37
22.63,0.0,-0.08,-0.334
22.64,0.0,-0.049,-0.338
22.65,0.001,-0.059,-0.333
22.66,0.001,0.022,-0.353
22.67,0.001,0.013,-0.351
22.68,0.001,0.067,-0.367
22.69,0.002,0.071,-0.372
22.7,0.002,-0.015,-0.351
22.71,0.002,-0.009,-0.352
22.72,0.002,0.053,-0.369
22.73,0.002,0.032,-0.366
22.74,0.001,-0.068,-0.339
22.75,0.001,-0.012,-0.351
22.76,0.001,-0.037,-0.344
22.77,0.001,-0.022,-0.346
22.78,0.001,0.015,-0.356
22.79,0.001,0.009,-0.355
22.8,0.001,-0.082,-0.329
22.81,0.001,0.037,-0.359
22.82,0.001,0.023,-0.357
22.83,0.001,0.014,-0.355
22.84,0.001,-0.08,-0.33
22.85,0.001,0.039,-0.359
22.86,0.001,0.024,-0.357
22.87,0.001,0.014,-0.356
22.88,0.001,-0.02,-0.346
22.89,0.001,-0.012,-0.348
22.9,0.001,0.021,-0.357
22.91,0.001,0.013,-0.355
22.92,0.001,-0.021,-0.346
22.93,0.001,0.016,-0.356
22.94,0.001,0.039,-0.363
22.95,0.001,-0.034,-0.344
22.96,0.001,-0.05,-0.338
22.97,0.001,0.057,-0.366
22.98,0.001,-0.023,-0.346
22.99,0.001,-0.044,-0.339
23.0,0.001,0.002,-0.35
23.01,0.001,0.031,-0.358
23.02,0.001,0.019,-0.356
23.03,0.001,0.041,-0.363
23.04,0.001,-0.004,-0.353
23.05,0.001,-0.032,-0.345
23.06,0.001,0.009,-0.355
23.07,0.001,-0.023,-0.346
23.08,0.001,0.074,-0.372
23.09,0.001,-0.072,-0.335
23.1,0.001,-0.044,-0.339
23.11,0.001,0.002,-0.35
23.12,0.001,0.03,-0.358
23.13,0.001,-0.01,-0.348
23.14,0.001,0.023,-0.357
23.15,0.001,-0.015,-0.347
23.16,0.001,-0.009,-0.348
23.17,0.001,0.023,-0.357
23.18,0.001,-0.015,-0.347
23.19,0.001,-0.009,-0.348
23.2,0.001,-0.005,-0.349
23.21,0.001,-0.033,-0.341
23.22,0.001,0.038,-0.359
23.23,0.001,-0.005,-0.349
23.24,0.001,-0.033,-0.341
23.25,0.001,0.009,-0.351
23.26,0.001,0.094,-0.375
23.27,0.001,-0.001,-0.353
23.28,0.001,0.028,-0.362
23.29,0.001,-0.011,-0.352
23.3,0.001,-0.007,-0.352
23.31,0.001,-0.004,-0.353
23.32,0.001,-0.061,-0.336
23.33,0.001,0.021,-0.357
23.34,0.001,-0.016,-0.347
23.35,0.001,0.019,-0.356
23.36,0.001,0.011,-0.355
23.37,0.001,0.007,-0.354
23.38,0.001,0.004,-0.354
23.39,0.001,0.002,-0.354
23.4,0.001,0.031,-0.362
23.41,0.001,-0.069,-0.335
23.42,0.001,-0.013,-0.348
23.43,0.001,0.051,-0.365
23.44,0.001,-0.116,-0.321
23.45,0.001,0.017,-0.352
23.46,0.002,0.069,-0.368
23.47,0.002,0.072,-0.372
23.48,0.001,-0.014,-0.351
23.49,0.001,-0.097,-0.327
23.5,0.001,0.028,-0.358
23.51,0.001,0.047,-0.364
23.52,0.001,-0.03,-0.345
23.53,0.001,0.011,-0.355
23.54,0.001,0.006,-0.354
23.55,0.001,-0.025,-0.346
23.56,0.001,0.013,-0.356
23.57,0.001,-0.021,-0.346
23.58,0.001,-0.101,-0.323
23.59,0.001,0.055,-0.362
23.6,0.001,0.004,-0.35
23.61,0.001,0.002,-0.35
23.62,0.001,0.001,-0.35
23.63,0.001,0.06,-0.366
23.64,0.001,-0.022,-0.346
23.65,0.001,-0.072,-0.331
23.66,0.002,-0.103,-0.319
23.67,0.002,0.084,-0.366
23.68,0.002,0.051,-0.361
23.69,0.002,0.002,-0.35
23.7,0.002,0.03,-0.358
23.71,0.002,0.048,-0.365
23.72,0.002,0.0,-0.354
23.73,0.001,0.029,-0.362
23.74,0.001,-0.011,-0.352
23.75,0.001,-0.006,-0.352
23.76,0.001,-0.063,-0.336
23.77,0.0,-0.009,-0.348
23.78,0.0,-0.035,-0.34
23.79,0.0,-0.021,-0.343
23.8,0.0,-0.013,-0.344
23.81,0.001,-0.126,-0.311
23.82,0.001,0.129,-0.377
23.83,0.001,0.02,-0.353
23.84,0.001,0.012,-0.351
23.85,0.002,0.066,-0.367
23.86,0.002,0.041,-0.363
23.87,0.002,-0.004,-0.353
23.88,0.001,-0.032,-0.345
23.89,0.001,0.039,-0.363
23.9,0.001,-0.005,-0.353
23.91,0.001,-0.003,-0.353
23.92,0.001,-0.002,-0.353
23.93,0.001,-0.149,-0.312
23.94,0.001,0.026,-0.354
23.95,0.001,0.016,-0.352
23.96,0.001,0.01,-0.351
23.97,0.001,-0.023,-0.342
23.98,0.001,0.015,-0.352
23.99,0.001,0.038,-0.359
24.0,0.001,-0.005,-0.349
24.01,0.001,-0.003,-0.349
24.02,0.001,-0.002,-0.349
24.03,0.001,-0.001,-0.349
24.04,0.001,0.0,-0.349
24.05,0.001,0.029,-0.358
24.06,0.001,0.017,-0.356
24.07,0.001,-0.018,-0.347
24.08,0.001,-0.011,-0.348
24.09,0.001,0.022,-0.357
24.1,0.001,-0.015,-0.347
24.11,0.001,-0.009,-0.348
24.12,0.001,0.023,-0.357
24.13,0.001,-0.015,-0.347
24.14,0.001,-0.009,-0.348
24.15,0.001,-0.005,-0.349
24.16,0.001,-0.003,-0.349
24.17,0.001,0.027,-0.358
24.18,0.001,0.016,-0.356
24.19,0.001,0.039,-0.363
24.2,0.001,-0.034,-0.344
24.21,0.001,-0.05,-0.338
24.22,0.001,-0.001,-0.349
24.23,0.001,-0.03,-0.341
24.24,0.001,0.04,-0.36
24.25,0.002,-0.034,-0.341
24.26,0.001,0.067,-0.367
24.27,0.001,0.041,-0.364
24.28,0.001,-0.033,-0.345
24.29,0.001,0.008,-0.355
24.3,0.001,0.005,-0.354
24.31,0.001,-0.026,-0.346
24.32,0.001,-0.045,-0.339
24.33,0.001,-0.028,-0.342
24.34,0.001,-0.017,-0.343
24.35,0.001,0.048,-0.361
24.36,0.001,0.029,-0.358
24.37,0.001,-0.011,-0.348
24.38,0.001,-0.006,-0.349
24.39,0.001,0.025,-0.357
24.4,0.001,-0.014,-0.348
24.41,0.001,0.02,-0.357
24.42,0.001,0.042,-0.364
24.43,0.001,-0.003,-0.353
24.44,0.001,-0.002,-0.353
24.45,0.001,-0.03,-0.345
24.46,0.001,-0.018,-0.347
24.47,0.001,-0.011,-0.348
24.48,0.001,-0.007,-0.349
24.49,0.001,0.054,-0.366
24.5,0.001,0.004,-0.354
24.51,0.001,0.091,-0.379
24.52,0.001,-0.062,-0.34
24.53,0.001,-0.067,-0.336
24.54,0.001,0.076,-0.373
24.55,0.001,0.017,-0.36
24.56,0.001,-0.018,-0.351
24.57,0.001,-0.011,-0.352
24.58,0.001,-0.007,-0.352
24.59,0.001,-0.033,-0.345
24.6,0.001,-0.02,-0.346
24.61,0.001,-0.101,-0.323
24.62,0.001,0.026,-0.354
24.63,0.001,0.045,-0.36
24.64,0.001,-0.001,-0.349
24.65,0.001,0.028,-0.358
24.66,0.002,0.047,-0.364
24.67,0.002,0.117,-0.387
24.68,0.001,-0.105,-0.33
24.69,0.001,-0.005,-0.353
24.7,0.001,-0.032,-0.345
24.71,0.001,0.009,-0.355
24.72,0.001,0.005,-0.354
24.73,0.001,0.003,-0.354
24.74,0.001,0.031,-0.362
24.75,0.001,-0.039,-0.344
24.76,0.001,-0.024,-0.346
24.77,0.001,0.014,-0.356
24.78,0.001,-0.02,-0.347
24.79,0.001,0.016,-0.356
24.8,0.001,0.01,-0.355
24.81,0.001,0.006,-0.354
24.82,0.001,0.003,-0.354
24.83,0.001,-0.027,-0.346
24.84,0.001,-0.016,-0.347
24.85,0.001,-0.01,-0.348
24.86,0.001,0.023,-0.357
24.87,0.001,-0.044,-0.339
24.88,0.001,0.031,-0.358
24.89,0.001,-0.039,-0.34
24.9,0.001,-0.024,-0.342
24.91,0.001,0.044,-0.36
24.92,0.002,0.145,-0.391
24.93,0.002,0.0,-0.357
24.94,0.001,-0.029,-0.349
24.95,0.001,-0.017,-0.351
24.96,0.001,-0.011,-0.352
24.97,0.001,-0.066,-0.336
24.98,0.001,-0.099,-0.323
24.99,0.001,0.057,-0.362
25.0,0.001,0.005,-0.35
25.01,0.001,0.062,-0.367
25.02,0.001,-0.02,-0.347
25.03,0.001,-0.012,-0.348
25.04,0.001,-0.007,-0.348
25.05,0.001,0.024,-0.357
25.06,0.001,0.015,-0.356
25.07,0.001,0.009,-0.355
25.08,0.001,-0.023,-0.346
25.09,0.001,0.014,-0.356
25.1,0.001,0.009,-0.355
25.11,0.001,0.005,-0.354
25.12,0.001,-0.026,-0.346
25.13,0.001,0.013,-0.356
25.14,0.001,0.186,-0.404
25.15,0.001,-0.063,-0.344
25.16,0.001,-0.009,-0.356
25.17,0.001,-0.035,-0.348
25.18,0.001,-0.08,-0.334
25.19,0.001,-0.02,-0.347
25.2,0.001,0.046,-0.364
25.21,0.001,-0.06,-0.337
25.22,0.001,-0.007,-0.349
25.23,0.001,-0.004,-0.349
25.24,0.001,-0.002,-0.349
25.25,0.001,0.057,-0.366
25.26,0.002,0.035,-0.363
25.27,0.002,0.021,-0.361
25.28,0.002,0.013,-0.359
25.29,0.001,-0.021,-0.35
25.3,0.001,-0.042,-0.343
25.31,0.001,-0.026,-0.346
25.32,0.001,0.043,-0.364
25.33,0.001,-0.032,-0.345
25.34,0.001,-0.02,-0.347
25.35,0.001,0.017,-0.356
25.36,0.001,-0.048,-0.339
25.37,0.001,0.029,-0.358
25.38,0.001,-0.041,-0.34
25.39,0.001,0.004,-0.35
25.4,0.001,0.032,-0.358
25.41,0.001,-0.009,-0.348
25.42,0.001,0.053,-0.365
25.43,0.001,0.003,-0.354
25.44,0.001,0.001,-0.354
25.45,0.001,-0.028,-0.345
25.46,0.001,0.041,-0.364
25.47,0.001,-0.003,-0.353
25.48,0.001,-0.002,-0.353
25.49,0.001,-0.031,-0.345
25.5,0.001,0.04,-0.363
25.51,0.001,-0.004,-0.353
25.52,0.001,-0.003,-0.353
25.53,0.001,-0.031,-0.345
25.54,0.001,0.158,-0.396
25.55,0.001,-0.08,-0.338
25.56,0.0,-0.079,-0.334
25.57,0.0,-0.018,-0.347
25.58,0.001,0.047,-0.364
25.59,0.001,0.0,-0.353
25.6,0.001,-0.029,-0.345
25.61,0.001,0.011,-0.355
25.62,0.001,-0.022,-0.346
25.63,0.001,0.015,-0.356
25.64,0.001,0.039,-0.363
25.65,0.002,0.024,-0.361
25.66,0.002,-0.014,-0.351
25.67,0.002,-0.009,-0.352
25.68,0.001,0.024,-0.361
25.69,0.001,-0.133,-0.318
25.7,0.001,0.006,-0.351
25.71,0.001,0.063,-0.367
25.72,0.001,0.009,-0.355
25.73,0.001,0.005,-0.354
25.74,0.001,0.003,-0.354
25.75,0.001,-0.027,-0.346
25.76,0.001,-0.016,-0.347
25.77,0.001,-0.039,-0.34
25.78,0.001,0.005,-0.35
25.79,0.001,0.121,-0.383
25.8,0.001,-0.043,-0.343
25.81,0.001,-0.026,-0.346
25.82,0.001,-0.016,-0.347
25.83,0.001,-0.01,-0.348
25.84,0.001,0.023,-0.357
25.85,0.001,0.014,-0.356
25.86,0.001,-0.02,-0.347
25.87,0.001,0.076,-0.373
25.88,0.001,-0.012,-0.352
25.89,0.001,-0.037,-0.344
25.9,0.001,-0.022,-0.346
25.91,0.001,-0.014,-0.348
25.92,0.001,-0.008,-0.348
25.93,0.001,0.024,-0.357
25.94,0.001,-0.044,-0.339
25.95,0.001,-0.027,-0.342
25.96,0.001,0.19,-0.401
25.97,0.001,-0.001,-0.357
25.98,0.001,-0.03,-0.349
25.99,0.001,-0.048,-0.342
26.0,0.0,0.0,-0.354
26.01,0.001,-0.059,-0.337
26.02,0.001,-0.036,-0.34
26.03,0.001,0.007,-0.351
26.04,0.001,0.034,-0.359
26.05,0.001,-0.008,-0.348
26.06,0.002,-0.005,-0.349
26.07,0.002,0.026,-0.357
26.08,0.002,0.016,-0.356
26.09,0.002,0.069,-0.372
26.1,0.002,-0.016,-0.351
26.11,0.002,0.019,-0.36
26.12,0.002,0.011,-0.359
26.13,0.001,-0.022,-0.35
26.14,0.001,-0.102,-0.327
26.15,0.001,0.025,-0.357
26.16,0.001,0.015,-0.356
26.17,0.001,0.039,-0.363
26.18,0.001,-0.035,-0.344
26.19,0.001,-0.021,-0.347
26.2,0.0,-0.042,-0.339
26.21,0.001,-0.055,-0.334
26.22,0.001,0.054,-0.362
26.23,0.001,0.003,-0.35
26.24,0.001,0.031,-0.358
26.25,0.001,0.019,-0.356
26.26,0.001,-0.017,-0.347
26.27,0.001,-0.01,-0.348
26.28,0.001,0.052,-0.365
26.29,0.001,0.061,-0.371
26.3,0.001,-0.021,-0.35
26.31,0.001,-0.013,-0.352
26.32,0.001,-0.007,-0.352
26.33,0.001,-0.004,-0.353
26.34,0.001,-0.032,-0.345
26.35,0.001,0.009,-0.355
26.36,0.001,-0.053,-0.338
26.37,0.001,-0.003,-0.349
26.38,0.001,-0.001,-0.349
26.39,0.001,-0.001,-0.35
26.4,0.001,0.0,-0.35
26.41,0.001,0.029,-0.358
26.42,0.001,0.017,-0.356
26.43,0.001,-0.018,-0.347
26.44,0.001,0.018,-0.356
26.45,0.001,0.011,-0.355
26.46,0.001,0.006,-0.355
26.47,0.001,-0.055,-0.338
26.48,0.001,-0.004,-0.349
26.49,0.001,0.056,-0.366
26.5,0.001,0.005,-0.354
26.51,0.001,0.003,-0.354
26.52,0.001,0.001,-0.354
26.53,0.001,-0.028,-0.345
26.54,0.001,-0.017,-0.347
26.55,0.001,-0.01,-0.348
26.56,0.001,0.023,-0.357
26.57,0.001,0.014,-0.356
26.58,0.001,-0.109,-0.322
26.59,0.001,0.051,-0.361
26.6,0.001,0.001,-0.35
26.61,0.001,0.06,-0.366
26.62,0.001,-0.051,-0.338
26.63,0.001,0.027,-0.358
26.64,0.001,0.016,-0.356
26.65,0.001,-0.019,-0.347
26.66,0.001,0.017,-0.356
26.67,0.001,0.01,-0.355
26.68,0.001,0.036,-0.363
26.69,0.001,-0.066,-0.336
26.7,0.001,0.018,-0.356
26.71,0.001,-0.047,-0.339
26.72,0.001,0.029,-0.358
26.73,0.001,0.018,-0.356
26.74,0.001,-0.047,-0.339
26.75,0.001,0.0,-0.35
26.76,0.001,0.088,-0.375
26.77,0.001,-0.093,-0.328
26.78,0.001,0.001,-0.35
26.79,0.001,0.001,-0.35
26.8,0.001,0.03,-0.358
26.81,0.001,0.018,-0.356
26.82,0.001,-0.018,-0.347
26.83,0.001,-0.04,-0.34
26.84,0.001,0.034,-0.359
26.85,0.001,-0.008,-0.348
26.86,0.001,-0.005,-0.349
26.87,0.001,-0.003,-0.349
26.88,0.001,0.057,-0.366
26.89,0.001,-0.024,-0.346
26.9,0.001,-0.044,-0.339
26.91,0.001,0.15,-0.391
26.92,0.001,-0.055,-0.341
26.93,0.001,-0.034,-0.345
26.94,0.001,-0.021,-0.347
26.95,0.001,0.046,-0.364
26.96,0.001,-0.03,-0.345
26.97,0.001,0.04,-0.363
26.98,0.001,-0.034,-0.345
26.99,0.001,-0.05,-0.338
27.0,0.001,0.028,-0.358
27.01,0.001,-0.042,-0.34
27.02,0.001,0.003,-0.35
27.03,0.001,0.002,-0.35
27.04,0.001,0.149,-0.391
27.05,0.001,-0.056,-0.341
27.06,0.001,-0.034,-0.345
27.07,0.001,0.008,-0.355
27.08,0.001,-0.083,-0.329
27.09,0.002,0.037,-0.359
27.1,0.002,0.052,-0.365
27.11,0.002,0.032,-0.362
27.12,0.002,0.019,-0.36
27.13,0.001,-0.017,-0.351
27.14,0.001,-0.099,-0.327
27.15,0.001,-0.001,-0.349
27.16,0.001,-0.001,-0.35
27.17,0.001,0.147,-0.391
27.18,0.001,-0.057,-0.341
27.19,0.001,-0.064,-0.336
27.2,0.001,-0.039,-0.34
27.21,0.001,-0.024,-0.342
27.22,0.001,0.014,-0.352
27.23,0.001,0.038,-0.359
27.24,0.001,0.023,-0.357
27.25,0.001,-0.015,-0.347
27.26,0.001,-0.038,-0.34
27.27,0.001,0.005,-0.351
27.28,0.001,0.033,-0.359
27.29,0.001,-0.009,-0.348
27.3,0.001,0.023,-0.357
27.31,0.001,0.014,-0.356
27.32,0.001,0.068,-0.372
27.33,0.001,-0.046,-0.343
27.34,0.001,0.06,-0.37
27.35,0.001,-0.051,-0.342
27.36,0.001,-0.031,-0.345
27.37,0.001,-0.019,-0.347
27.38,0.001,-0.012,-0.348
27.39,0.001,-0.007,-0.349
27.4,0.001,-0.004,-0.349
27.41,0.001,-0.002,-0.349
27.42,0.001,0.027,-0.358
27.43,0.001,0.017,-0.356
27.44,0.001,0.01,-0.355
27.45,0.001,0.006,-0.355
27.46,0.001,-0.025,-0.346
27.47,0.001,-0.015,-0.347
27.48,0.001,0.019,-0.357
27.49,0.001,0.012,-0.355
27.5,0.001,-0.022,-0.346
27.51,0.001,-0.043,-0.339
27.52,0.001,0.032,-0.358
27.53,0.001,-0.009,-0.348
27.54,0.001,-0.005,-0.349
27.55,0.001,0.026,-0.357
27.56,0.002,-0.072,-0.331
27.57,0.002,0.014,-0.352
27.58,0.002,0.068,-0.368
27.59,0.002,0.041,-0.364
27.6,0.002,-0.003,-0.353
27.61,0.001,0.086,-0.378
27.62,0.001,-0.035,-0.348
27.63,0.001,-0.021,-0.35
27.64,0.001,-0.102,-0.327
27.65,0.0,-0.003,-0.349
27.66,0.0,0.027,-0.358
27.67,0.001,0.016,-0.356
27.68,0.001,-0.019,-0.347
27.69,0.001,-0.011,-0.348
27.7,0.001,-0.036,-0.34
27.71,0.001,-0.111,-0.318
27.72,0.001,0.109,-0.374
27.73,0.002,0.037,-0.359
27.74,0.002,-0.006,-0.349
27.75,0.002,0.055,-0.366
27.76,0.002,-0.025,-0.346
27.77,0.002,-0.045,-0.339
27.78,0.002,0.061,-0.367
27.79,0.002,0.007,-0.355
27.8,0.002,0.004,-0.354
27.81,0.002,0.032,-0.362
27.82,0.001,0.02,-0.36
27.83,0.001,-0.017,-0.351
27.84,0.001,-0.069,-0.335
27.85,0.001,-0.013,-0.348
27.86,0.001,-0.037,-0.34
27.87,0.001,0.036,-0.359
27.88,0.001,-0.066,-0.332
27.89,0.001,-0.011,-0.344
27.9,0.001,0.052,-0.361
27.91,0.001,0.002,-0.35
27.92,0.001,0.001,-0.35
27.93,0.001,-0.058,-0.333
27.94,0.002,0.053,-0.362
27.95,0.002,0.062,-0.367
27.96,0.002,0.038,-0.363
27.97,0.002,-0.035,-0.344
27.98,0.002,-0.021,-0.346
27.99,0.002,0.016,-0.356
28.0,0.001,0.009,-0.355
28.01,0.001,-0.053,-0.338
28.02,0.001,0.026,-0.358
28.03,0.001,-0.042,-0.34
28.04,0.001,-0.115,-0.317
28.05,0.001,0.077,-0.365
28.06,0.001,-0.011,-0.344
28.07,0.001,0.022,-0.353
28.08,0.001,0.072,-0.368
28.09,0.001,0.015,-0.356
28.1,0.001,-0.02,-0.347
28.11,0.001,-0.012,-0.348
28.12,0.001,0.021,-0.357
28.13,0.001,0.043,-0.364
28.14,0.001,-0.003,-0.353
28.15,0.001,-0.031,-0.345
28.16,0.001,0.01,-0.355
28.17,0.001,0.006,-0.355
28.18,0.001,0.003,-0.354
28.19,0.001,-0.056,-0.337
28.2,0.001,-0.005,-0.349
28.21,0.001,-0.032,-0.341
28.22,0.001,0.009,-0.351
28.23,0.001,0.035,-0.359
28.24,0.001,0.021,-0.357
28.25,0.001,-0.045,-0.339
28.26,0.001,0.031,-0.358
28.27,0.002,0.048,-0.365
28.28,0.002,-0.029,-0.345
28.29,0.002,0.011,-0.355
28.3,0.002,0.036,-0.363
28.31,0.001,-0.036,-0.344
28.32,0.001,0.007,-0.355
28.33,0.001,0.004,-0.354
28.34,0.001,0.002,-0.354
28.35,0.001,-0.057,-0.337
28.36,0.001,-0.005,-0.349
28.37,0.001,-0.033,-0.341
28.38,0.001,0.038,-0.359
28.39,0.001,-0.005,-0.349
28.4,0.001,0.026,-0.358
28.41,0.001,0.016,-0.356
28.42,0.001,-0.019,-0.347
28.43,0.001,-0.012,-0.348
28.44,0.001,-0.007,-0.349
28.45,0.001,0.025,-0.357
28.46,0.001,0.015,-0.356
28.47,0.001,-0.02,-0.347
28.48,0.001,-0.012,-0.348
28.49,0.001,-0.007,-0.349
28.5,0.001,0.054,-0.366
28.51,0.001,-0.025,-0.346
28.52,0.001,-0.015,-0.347
28.53,0.001,0.019,-0.357
28.54,0.001,0.012,-0.355
28.55,0.001,0.037,-0.363
28.56,0.001,-0.006,-0.353
28.57,0.001,-0.004,-0.353
28.58,0.001,-0.002,-0.353
28.59,0.001,-0.001,-0.353
28.6,0.001,0.0,-0.353
28.61,0.001,-0.03,-0.345
28.62,0.001,-0.018,-0.347
28.63,0.001,0.047,-0.365
28.64,0.001,-0.029,-0.345
28.65,0.001,0.011,-0.355
28.66,0.001,0.036,-0.363
28.67,0.001,-0.066,-0.336
28.68,0.001,-0.011,-0.348
28.69,0.001,-0.006,-0.349
28.7,0.001,-0.093,-0.324
28.71,0.001,0.002,-0.346
28.72,0.001,0.06,-0.363
28.73,0.002,0.037,-0.359
28.74,0.002,0.022,-0.357
28.75,0.002,-0.015,-0.347
28.76,0.002,0.02,-0.357
28.77,0.002,0.041,-0.364
28.78,0.001,0.173,-0.403
28.79,0.001,-0.1,-0.335
28.8,0.001,-0.032,-0.349
28.81,0.0,-0.049,-0.342
28.82,0.0,-0.03,-0.345
28.83,0.0,-0.018,-0.347
28.84,0.0,-0.041,-0.34
28.85,0.0,-0.025,-0.342
28.86,0.001,-0.015,-0.344
28.87,0.001,0.049,-0.361
28.88,0.001,0.03,-0.358
28.89,0.001,-0.01,-0.348
28.9,0.001,0.022,-0.357
28.91,0.002,0.043,-0.364
28.92,0.002,0.026,-0.361
28.93,0.002,-0.013,-0.352
28.94,0.002,-0.008,-0.352
28.95,0.001,-0.004,-0.353
28.96,0.001,-0.003,-0.353
28.97,0.001,-0.031,-0.345
28.98,0.001,0.039,-0.363
28.99,0.001,-0.064,-0.336
29.0,0.001,-0.009,-0.348
29.01,0.001,0.023,-0.357
29.02,0.001,0.014,-0.356
29.03,0.001,-0.02,-0.347
29.04,0.001,0.016,-0.356
29.05,0.001,-0.019,-0.347
29.06,0.001,-0.041,-0.34
29.07,0.001,-0.084,-0.326
29.08,0.001,0.066,-0.364
29.09,0.001,0.07,-0.368
29.1,0.001,0.043,-0.364
29.11,0.001,0.085,-0.378
29.12,0.001,-0.036,-0.348
29.13,0.001,-0.022,-0.35
29.14,0.001,-0.013,-0.352
29.15,0.001,-0.037,-0.344
29.16,0.0,-0.112,-0.321
29.17,0.001,0.049,-0.361
29.18,0.001,0.0,-0.35
29.19,0.001,0.0,-0.35
29.2,0.001,0.029,-0.358
29.21,0.001,-0.011,-0.348
29.22,0.001,0.022,-0.357
29.23,0.001,0.013,-0.356
29.24,0.001,0.008,-0.355
29.25,0.001,0.034,-0.363
29.26,0.001,-0.037,-0.344
29.27,0.001,0.006,-0.355
29.28,0.001,-0.025,-0.346
29.29,0.001,-0.015,-0.347
29.3,0.001,0.049,-0.365
29.31,0.001,-0.028,-0.345
29.32,0.001,-0.017,-0.347
29.33,0.001,0.018,-0.356
29.34,0.001,-0.047,-0.339
29.35,0.001,0.029,-0.358
29.36,0.001,0.018,-0.356
29.37,0.001,0.011,-0.355
29.38,0.001,-0.022,-0.346
29.39,0.001,0.015,-0.356
29.4,0.001,-0.019,-0.347
29.41,0.001,-0.041,-0.34
29.42,0.001,0.033,-0.359
29.43,0.001,-0.009,-0.348
29.44,0.001,0.053,-0.366
29.45,0.001,-0.055,-0.338
29.46,0.001,-0.004,-0.349
29.47,0.001,-0.032,-0.341
29.48,0.001,0.068,-0.368
29.49,0.001,0.012,-0.356
29.5,0.001,0.007,-0.355
29.51,0.001,-0.024,-0.346
29.52,0.001,-0.015,-0.348
29.53,0.001,0.02,-0.357
29.54,0.001,0.012,-0.356
29.55,0.001,-0.021,-0.347
29.56,0.001,0.016,-0.356
29.57,0.001,0.009,-0.355
29.58,0.001,-0.053,-0.338
29.59,0.001,-0.032,-0.341
29.6,0.001,0.009,-0.351
29.61,0.001,-0.053,-0.334
29.62,0.001,0.056,-0.362
29.63,0.001,0.093,-0.375
29.64,0.001,-0.001,-0.353
29.65,0.001,-0.001,-0.353
29.66,0.001,-0.03,-0.345
29.67,0.001,-0.137,-0.314
29.68,0.001,0.093,-0.372
29.69,0.001,-0.031,-0.341
29.7,0.001,0.01,-0.351
29.71,0.002,0.006,-0.351
29.72,0.002,0.033,-0.359
29.73,0.002,0.02,-0.357
29.74,0.002,0.16,-0.397
29.75,0.001,-0.079,-0.338
29.76,0.001,-0.048,-0.343
29.77,0.001,-0.059,-0.337
29.78,0.001,-0.036,-0.341
29.79,0.001,-0.052,-0.334
29.8,0.001,0.027,-0.354
29.81,0.001,0.016,-0.352
29.82,0.001,0.039,-0.36
29.83,0.001,-0.005,-0.349
29.84,0.001,-0.003,-0.349
29.85,0.001,-0.001,-0.35
29.86,0.001,-0.001,-0.35
29.87,0.001,-0.03,-0.341
29.88,0.001,0.01,-0.351
29.89,0.002,0.036,-0.359
29.9,0.002,0.051,-0.365
29.91,0.001,0.031,-0.362
29.92,0.001,-0.039,-0.344
29.93,0.001,0.005,-0.354
29.94,0.001,0.003,-0.354
29.95,0.001,0.031,-0.362
29.96,0.001,-0.039,-0.344
29.97,0.001,-0.054,-0.338
29.98,0.001,-0.003,-0.349
29.99,0.001,-0.002,-0.349
30.0,0.001,0.028,-0.358
30.01,0.001,-0.012,-0.348
30.02,0.001,-0.007,-0.349
30.03,0.001,-0.004,-0.349
30.04,0.001,-0.062,-0.333
30.05,0.001,0.05,-0.361
30.06,0.002,0.06,-0.367
30.07,0.002,-0.021,-0.347
30.08,0.002,0.045,-0.364
30.09,0.001,0.028,-0.362
30.1,0.001,-0.071,-0.335
30.11,0.001,-0.043,-0.339
30.12,0.001,0.061,-0.367
30.13,0.001,0.008,-0.355
30.14,0.001,-0.024,-0.346
30.15,0.001,0.014,-0.356
30.16,0.001,0.008,-0.355
30.17,0.001,0.035,-0.363
30.18,0.001,-0.067,-0.336
30.19,0.001,-0.041,-0.34
30.2,0.001,0.004,-0.35
30.21,0.001,0.032,-0.358
30.22,0.001,-0.009,-0.348
30.23,0.001,-0.006,-0.349
30.24,0.001,0.025,-0.358
30.25,0.001,0.015,-0.356
30.26,0.001,-0.108,-0.322
30.27,0.001,0.022,-0.353
30.28,0.001,0.043,-0.36
30.29,0.001,-0.003,-0.349
30.3,0.001,-0.001,-0.35
30.31,0.001,0.028,-0.358
30.32,0.001,0.017,-0.356
30.33,0.001,0.01,-0.355
30.34,0.001,-0.023,-0.346
30.35,0.001,0.015,-0.356
30.36,0.001,0.009,-0.355
30.37,0.001,0.005,-0.355
30.38,0.001,-0.026,-0.346
30.39,0.001,0.013,-0.356
30.4,0.001,0.008,-0.355
30.41,0.001,-0.024,-0.346
30.42,0.001,-0.044,-0.339
30.43,0.001,0.002,-0.35
30.44,0.001,0.03,-0.358
30.45,0.001,-0.01,-0.348
30.46,0.001,0.082,-0.374
30.47,0.001,-0.008,-0.352
30.48,0.001,-0.034,-0.345
30.49,0.001,-0.051,-0.338
30.5,0.001,-0.001,-0.35
30.51,0.001,-0.001,-0.35
30.52,0.001,0.0,-0.35
30.53,0.001,0.0,-0.35
30.54,0.001,0.029,-0.358
30.55,0.001,0.018,-0.356
30.56,0.001,0.011,-0.355
30.57,0.001,-0.022,-0.346
30.58,0.001,0.015,-0.356
30.59,0.001,0.009,-0.355
30.6,0.001,0.005,-0.355
30.61,0.001,-0.026,-0.346
30.62,0.001,-0.015,-0.347
30.63,0.001,0.019,-0.357
30.64,0.001,0.012,-0.355
30.65,0.001,0.007,-0.355
30.66,0.001,-0.025,-0.346
30.67,0.001,-0.015,-0.348
30.68,0.001,0.02,-0.357
30.69,0.001,0.012,-0.356
30.7,0.001,-0.022,-0.347
30.71,0.001,-0.013,-0.348
30.72,0.001,0.021,-0.357
30.73,0.001,0.013,-0.356
30.74,0.001,0.008,-0.355
30.75,0.001,-0.024,-0.346
30.76,0.001,-0.015,-0.348
30.77,0.001,-0.009,-0.348
30.78,0.001,-0.035,-0.341
30.79,0.001,0.037,-0.359
30.8,0.002,0.052,-0.365
30.81,0.001,0.002,-0.354
30.82,0.001,-0.027,-0.346
30.83,0.001,0.012,-0.356
30.84,0.001,-0.051,-0.338
30.85,0.001,0.027,-0.358
30.86,0.001,-0.012,-0.348
30.87,0.001,-0.007,-0.349
30.88,0.001,-0.004,-0.349
30.89,0.001,-0.032,-0.341
30.9,0.001,0.009,-0.351
30.91,0.001,0.005,-0.351
30.92,0.001,-0.174,-0.301
30.93,0.001,0.07,-0.36
30.94,0.002,0.102,-0.373
30.95,0.002,0.033,-0.359
30.96,0.002,0.02,-0.357
30.97,0.002,-0.017,-0.347
30.98,0.001,-0.01,-0.348
30.99,0.001,0.023,-0.357
31.0,0.001,-0.015,-0.348
31.01,0.001,-0.009,-0.348
31.02,0.001,-0.005,-0.349
31.03,0.001,-0.003,-0.349
31.04,0.001,-0.031,-0.341
31.05,0.001,0.01,-0.351
31.06,0.001,-0.023,-0.342
31.07,0.001,-0.014,-0.344
31.08,0.001,0.02,-0.353
31.09,0.001,-0.016,-0.343
31.1,0.001,0.019,-0.353
31.11,0.001,0.041,-0.36
31.12,0.001,0.025,-0.357
31.13,0.001,0.045,-0.364
31.14,0.001,-0.031,-0.345
31.15,0.001,0.01,-0.355
31.16,0.001,-0.023,-0.346
31.17,0.001,0.074,-0.373
31.18,0.001,-0.25,-0.285
31.19,0.001,0.083,-0.366
31.2,0.002,-0.008,-0.345
31.21,0.002,0.202,-0.403
31.22,0.002,-0.053,-0.342
31.23,0.001,-0.003,-0.353
31.24,0.001,-0.001,-0.353
31.25,0.001,-0.03,-0.345
31.26,0.001,-0.018,-0.347
31.27,0.001,-0.011,-0.348
31.28,0.001,-0.007,-0.349
31.29,0.001,-0.033,-0.341
31.3,0.001,0.008,-0.351
31.31,0.001,0.034,-0.359
31.32,0.001,0.021,-0.357
31.33,0.0,-0.046,-0.339
31.34,0.0,-0.028,-0.342
31.35,0.0,-0.046,-0.335
31.36,0.0,-0.236,-0.28
31.37,0.0,0.032,-0.343
31.38,0.0,0.049,-0.349
31.39,0.0,0.0,-0.338
31.4,0.0,0.059,-0.355
31.41,0.0,0.007,-0.343
31.42,0.0,-0.025,-0.334
31.43,0.0,-0.015,-0.336
31.44,0.0,-0.009,-0.336
31.45,-0.001,-0.065,-0.32
31.46,-0.002,-0.069,-0.316
31.47,-0.003,-0.042,-0.32
31.48,-0.004,-0.115,-0.297
31.49,-0.006,-0.1,-0.295
31.5,-0.008,-0.209,-0.26
31.51,-0.01,-0.217,-0.247
31.52,-0.012,-0.192,-0.243
31.53,-0.015,-0.207,-0.229
31.54,-0.017,-0.245,-0.207
31.55,-0.02,-0.21,-0.204
31.56,-0.022,-0.277,-0.175
31.57,-0.025,-0.258,-0.165
31.58,-0.027,-0.247,-0.155
31.59,-0.029,-0.27,-0.135
31.6,-0.031,-0.136,-0.159
31.61,-0.033,-0.231,-0.124
31.62,-0.034,-0.201,-0.12
31.63,-0.036,-0.212,-0.106
31.64,-0.037,-0.1,-0.126
31.65,-0.038,-0.18,-0.098
31.66,-0.039,-0.14,-0.099
31.67,-0.04,-0.115,-0.098
31.68,-0.04,-0.071,-0.104
31.69,-0.041,-0.25,-0.049
31.7,-0.042,-0.094,-0.079
31.71,-0.043,-0.117,-0.067
31.72,-0.043,-0.131,-0.057
31.73,-0.044,-0.021,-0.08
31.74,-0.045,-0.161,-0.039
31.75,-0.046,-0.069,-0.055
31.76,-0.047,-0.279,0.007
31.77,-0.048,-0.023,-0.048
31.78,-0.049,-0.073,-0.032
31.79,-0.049,-0.074,-0.027
31.8,-0.05,-0.016,-0.038
31.81,-0.05,-0.069,-0.021
31.82,-0.05,-0.042,-0.024
31.83,-0.05,0.003,-0.034
31.84,-0.05,0.061,-0.049
31.85,-0.05,-0.021,-0.028
31.86,-0.05,0.016,-0.036
31.87,-0.049,0.069,-0.051
31.88,-0.048,0.072,-0.054
31.89,-0.048,0.014,-0.04
31.9,-0.047,0.097,-0.063
31.91,-0.045,0.089,-0.065
31.92,-0.044,0.143,-0.083
31.93,-0.043,0.147,-0.091
31.94,-0.041,0.149,-0.098
31.95,-0.039,0.18,-0.113
31.96,-0.038,0.229,-0.135
31.97,-0.036,0.17,-0.129
31.98,-0.034,0.193,-0.143
31.99,-0.033,0.178,-0.148
32.0,-0.031,0.198,-0.161
32.01,-0.029,0.151,-0.157
32.02,-0.028,0.122,-0.156
32.03,-0.026,0.252,-0.198
32.04,-0.024,0.214,-0.2
32.05,-0.022,0.131,-0.187
32.06,-0.02,0.14,-0.195
32.07,-0.018,0.234,-0.228
32.08,-0.016,0.291,-0.255
32.09,-0.013,0.238,-0.255
32.1,-0.011,0.235,-0.265
32.11,-0.008,0.233,-0.276
32.12,-0.006,0.261,-0.296
32.13,-0.003,0.279,-0.314
32.14,-0.001,0.26,-0.322
32.15,0.001,0.307,-0.348
32.16,0.003,0.248,-0.347
32.17,0.006,0.241,-0.358
32.18,0.008,0.296,-0.385
32.19,0.011,0.211,-0.377
32.2,0.013,0.248,-0.398
32.21,0.015,0.211,-0.4
32.22,0.017,0.248,-0.421
32.23,0.019,0.182,-0.415
32.24,0.021,0.2,-0.43
32.25,0.022,0.182,-0.435
32.26,0.024,0.171,-0.442
32.27,0.026,0.164,-0.449
32.28,0.027,0.219,-0.473
32.29,0.029,0.164,-0.469
32.3,0.03,0.189,-0.485
32.31,0.032,0.146,-0.483
32.32,0.033,0.089,-0.475
32.33,0.034,0.114,-0.487
32.34,0.035,0.247,-0.531
32.35,0.036,0.092,-0.501
32.36,0.038,0.116,-0.513
32.37,0.039,0.101,-0.515
32.38,0.04,0.121,-0.526
32.39,0.041,0.074,-0.52
32.4,0.042,0.104,-0.533
32.41,0.043,0.064,-0.528
32.42,0.043,0.009,-0.517
32.43,0.044,0.065,-0.534
32.44,0.044,0.069,-0.539
32.45,0.044,0.013,-0.528
32.46,0.043,0.037,-0.536
32.47,0.043,0.052,-0.543
32.48,0.042,-0.086,-0.507
32.49,0.041,-0.082,-0.505
32.5,0.04,-0.109,-0.494
32.51,0.04,-0.097,-0.493
32.52,0.039,-0.029,-0.507
32.53,0.039,-0.077,-0.493
32.54,0.039,0.011,-0.515
32.55,0.038,-0.022,-0.507
32.56,0.038,-0.013,-0.509
32.57,0.038,0.021,-0.519
32.58,0.038,-0.046,-0.502
32.59,0.038,0.001,-0.513
32.6,0.038,-0.028,-0.506
32.61,0.038,0.011,-0.516
32.62,0.038,-0.022,-0.508
32.63,0.038,0.015,-0.519
32.64,0.038,0.039,-0.527
32.65,0.038,-0.064,-0.5
32.66,0.038,-0.01,-0.513
32.67,0.038,-0.006,-0.514
32.68,0.038,-0.003,-0.515
32.69,0.038,-0.031,-0.508
32.7,0.037,-0.019,-0.511
32.71,0.037,-0.041,-0.504
32.72,0.037,-0.025,-0.507
32.73,0.037,0.013,-0.518
32.74,0.037,-0.05,-0.501
32.75,0.036,0.028,-0.521
32.76,0.036,-0.041,-0.504
32.77,0.036,0.003,-0.515
32.78,0.036,0.002,-0.516
32.79,0.036,0.001,-0.516
32.8,0.035,-0.028,-0.508
32.81,0.035,-0.076,-0.494
32.82,0.035,-0.017,-0.508
32.83,0.035,-0.01,-0.509
32.84,0.035,-0.036,-0.502
32.85,0.035,0.007,-0.513
32.86,0.035,0.004,-0.514
32.87,0.035,0.032,-0.522
32.88,0.035,0.019,-0.521
32.89,0.034,-0.017,-0.512
32.9,0.034,-0.04,-0.506
32.91,0.034,-0.024,-0.509
32.92,0.034,-0.044,-0.502
32.93,0.034,-0.057,-0.497
32.94,0.034,-0.005,-0.51
32.95,0.033,-0.032,-0.502
32.96,0.033,0.009,-0.513
32.97,0.033,0.035,-0.521
32.98,0.033,-0.067,-0.495
32.99,0.033,0.018,-0.516
33.0,0.033,-0.018,-0.508
33.01,0.033,0.018,-0.518
33.02,0.033,0.011,-0.517
33.03,0.033,0.036,-0.525
33.04,0.032,-0.007,-0.516
33.05,0.032,-0.034,-0.508
33.06,0.032,-0.05,-0.503
33.07,0.031,-0.06,-0.498
33.08,0.031,-0.037,-0.502
33.09,0.031,0.036,-0.521
33.1,0.031,-0.007,-0.512
33.11,0.031,-0.211,-0.455
33.12,0.031,0.077,-0.525
33.13,0.031,-0.011,-0.505
33.14,0.031,0.022,-0.515
33.15,0.031,0.013,-0.514
33.16,0.031,-0.021,-0.505
33.17,0.031,-0.013,-0.507
33.18,0.03,-0.007,-0.508
33.19,0.03,-0.093,-0.485
33.2,0.03,0.031,-0.516
33.21,0.03,0.048,-0.523
33.22,0.03,0.0,-0.512
33.23,0.03,0.0,-0.513
33.24,0.03,-0.029,-0.505
33.25,0.029,0.011,-0.515
33.26,0.029,-0.14,-0.474
33.27,0.029,0.031,-0.516
33.28,0.029,-0.01,-0.506
33.29,0.029,0.023,-0.516
33.3,0.029,-0.015,-0.506
33.31,0.029,-0.009,-0.508
33.32,0.029,-0.005,-0.509
33.33,0.029,-0.033,-0.502
33.34,0.029,0.038,-0.521
33.35,0.029,-0.005,-0.511
33.36,0.028,-0.003,-0.511
33.37,0.028,-0.061,-0.496
33.38,0.028,-0.037,-0.5
33.39,0.028,0.095,-0.536
33.4,0.028,-0.03,-0.506
33.41,0.028,0.04,-0.525
33.42,0.027,-0.063,-0.498
33.43,0.027,-0.039,-0.502
33.44,0.027,-0.083,-0.488
33.45,0.027,0.008,-0.51
33.46,0.027,-0.024,-0.502
33.47,0.027,0.014,-0.512
33.48,0.027,0.008,-0.512
33.49,0.027,0.064,-0.528
33.5,0.027,-0.049,-0.5
33.51,0.027,0.0,-0.512
33.52,0.027,0.029,-0.521
33.53,0.027,-0.07,-0.495
33.54,0.027,0.015,-0.516
33.55,0.026,0.009,-0.516
33.56,0.026,-0.053,-0.499
33.57,0.026,0.026,-0.519
33.58,0.026,-0.042,-0.501
33.59,0.026,-0.115,-0.48
33.6,0.026,0.047,-0.52
33.61,0.026,0.058,-0.526
33.62,0.025,-0.023,-0.506
33.63,0.025,-0.014,-0.508
33.64,0.025,-0.008,-0.509
33.65,0.025,-0.034,-0.502
33.66,0.025,-0.021,-0.505
33.67,0.025,0.016,-0.515
33.68,0.025,0.01,-0.514
33.69,0.024,-0.053,-0.498
33.7,0.024,-0.032,-0.501
33.71,0.024,-0.138,-0.47
33.72,0.024,0.033,-0.512
33.73,0.024,0.05,-0.519
33.74,0.024,0.001,-0.508
33.75,0.024,-0.028,-0.5
33.76,0.023,-0.076,-0.486
33.77,0.022,-0.047,-0.49
33.78,0.021,-0.058,-0.485
33.79,0.02,-0.065,-0.481
33.8,0.019,-0.099,-0.468
33.81,0.017,-0.12,-0.458
33.82,0.016,-0.073,-0.465
33.83,0.015,-0.104,-0.453
33.84,0.014,-0.123,-0.443
33.85,0.013,-0.164,-0.426
33.86,0.012,-0.13,-0.427
33.87,0.011,-0.287,-0.377
33.88,0.011,0.06,-0.46
33.89,0.011,0.007,-0.448
33.9,0.01,-0.025,-0.44
33.91,0.01,-0.015,-0.442
33.92,0.009,-0.009,-0.443
33.93,0.009,-0.005,-0.443
33.94,0.008,-0.092,-0.419
33.95,0.007,-0.086,-0.416
33.96,0.006,-0.053,-0.421
33.97,0.006,-0.151,-0.391
33.98,0.005,-0.092,-0.4
33.99,0.005,-0.027,-0.414
34.0,0.004,0.072,-0.44
34.01,0.004,-0.014,-0.42
34.02,0.003,-0.068,-0.404
34.03,0.002,-0.101,-0.391
34.04,0.002,-0.121,-0.381
34.05,0.001,-0.133,-0.371
34.06,0.001,-0.022,-0.396
34.07,0.0,-0.014,-0.397
34.08,0.0,-0.008,-0.398
34.09,0.0,-0.064,-0.382
34.1,0.0,-0.01,-0.394
34.11,-0.001,-0.065,-0.378
34.12,-0.002,-0.099,-0.365
34.13,-0.003,-0.061,-0.37
34.14,-0.003,-0.185,-0.332
34.15,-0.004,-0.054,-0.36
34.16,-0.005,-0.033,-0.363
34.17,-0.005,-0.05,-0.356
34.18,-0.006,-0.03,-0.359
34.19,-0.006,-0.048,-0.352
34.2,-0.007,-0.089,-0.338
34.21,-0.008,-0.054,-0.343
34.22,-0.008,-0.063,-0.338
34.23,-0.009,-0.068,-0.333
34.24,-0.01,-0.071,-0.329
34.25,-0.011,-0.073,-0.324
34.26,-0.011,-0.074,-0.32
34.27,-0.012,-0.045,-0.324
34.28,-0.013,-0.117,-0.302
34.29,-0.013,-0.101,-0.3
34.3,-0.014,-0.032,-0.314
34.31,-0.014,-0.108,-0.29
34.32,-0.015,-0.066,-0.296
34.33,-0.015,-0.041,-0.3
34.34,-0.016,-0.025,-0.302
34.35,-0.016,-0.015,-0.303
34.36,-0.016,-0.276,-0.229
34.37,-0.016,0.067,-0.311
34.38,-0.016,0.041,-0.307
34.39,-0.016,0.084,-0.32
34.4,-0.016,0.022,-0.307
34.41,-0.016,0.013,-0.305
34.42,-0.016,0.008,-0.304
34.43,-0.016,-0.142,-0.262
34.44,-0.016,0.03,-0.303
34.45,-0.016,0.107,-0.325
34.46,-0.016,0.066,-0.319
34.47,-0.016,-0.018,-0.298
34.48,-0.016,0.018,-0.307
34.49,-0.016,-0.048,-0.289
34.5,-0.016,-0.088,-0.275
34.51,-0.017,0.004,-0.296
34.52,-0.017,0.002,-0.295
34.53,-0.018,-0.087,-0.27
34.54,-0.018,-0.083,-0.266
34.55,-0.019,-0.051,-0.271
34.56,-0.02,-0.06,-0.265
34.57,-0.021,-0.067,-0.26
34.58,-0.022,-0.1,-0.247
34.59,-0.023,-0.12,-0.235
34.6,-0.024,-0.074,-0.242
34.61,-0.025,-0.134,-0.221
34.62,-0.027,-0.141,-0.211
34.63,-0.028,-0.116,-0.211
34.64,-0.029,-0.101,-0.209
34.65,-0.03,-0.239,-0.164
34.66,-0.031,-0.088,-0.194
34.67,-0.032,-0.083,-0.19
34.68,-0.033,-0.11,-0.178
34.69,-0.034,-0.156,-0.158
34.7,-0.036,-0.096,-0.167
34.71,-0.037,-0.177,-0.138
34.72,-0.038,-0.138,-0.139
34.73,-0.039,-0.144,-0.13
34.74,-0.041,-0.118,-0.129
34.75,-0.042,-0.042,-0.143
34.76,-0.043,-0.174,-0.104
34.77,-0.044,-0.136,-0.104
34.78,-0.045,-0.143,-0.095
34.79,-0.046,-0.147,-0.085
34.8,-0.047,-0.09,-0.093
34.81,-0.047,-0.085,-0.089
34.82,-0.048,-0.052,-0.093
34.83,-0.048,-0.091,-0.078
34.84,-0.048,-0.056,-0.082
34.85,-0.049,-0.034,-0.084
34.86,-0.049,-0.05,-0.077
34.87,-0.05,-0.149,-0.046
34.88,-0.05,-0.032,-0.07
34.89,-0.051,-0.079,-0.054
34.9,-0.051,-0.019,-0.066
34.91,-0.051,-0.1,-0.041
34.92,-0.052,-0.032,-0.054
34.93,-0.053,-0.049,-0.046
34.94,-0.053,-0.059,-0.039
34.95,-0.054,-0.066,-0.033
34.96,-0.054,-0.07,-0.028
34.97,-0.054,-0.043,-0.031
34.98,-0.054,-0.056,-0.024
34.99,-0.055,-0.064,-0.017
35.0,-0.054,0.019,-0.036
35.01,-0.054,0.012,-0.034
35.02,-0.054,0.037,-0.04
35.03,-0.054,-0.036,-0.02
35.04,-0.054,-0.022,-0.021
35.05,-0.055,-0.072,-0.005
35.06,-0.055,-0.015,-0.016
35.07,-0.055,-0.038,-0.007
35.08,-0.055,-0.053,0.0
35.09,-0.055,-0.003,-0.01
35.1,-0.055,-0.061,0.007
35.11,-0.055,0.021,-0.011
35.12,-0.056,-0.016,0.0
35.13,-0.056,-0.01,0.0
35.14,-0.056,-0.006,0.0
35.15,-0.057,-0.181,0.051
35.16,-0.057,-0.081,0.033
35.17,-0.057,-0.05,0.03
35.18,-0.057,-0.06,0.037
35.19,-0.056,-0.096,0.051
35.2,-0.056,0.029,0.022
35.21,-0.055,0.047,0.017
35.22,-0.055,0.088,0.005
35.23,-0.054,0.054,0.011
35.24,-0.054,0.063,0.007
35.25,-0.054,-0.079,0.045
35.26,-0.055,-0.019,0.034
35.27,-0.055,0.017,0.026
35.28,-0.055,-0.077,0.053
35.29,-0.056,-0.047,0.05
35.3,-0.056,-0.058,0.057
35.31,-0.056,-0.036,0.055
35.32,-0.056,-0.229,0.112
35.33,-0.056,0.036,0.051
35.34,-0.055,0.081,0.038
35.35,-0.055,-0.068,0.077
35.36,-0.055,0.046,0.05
35.37,-0.055,0.088,0.037
35.38,-0.055,-0.005,0.06
35.39,-0.055,-0.003,0.061
35.4,-0.055,-0.031,0.071
35.41,-0.055,0.039,0.054
35.42,-0.055,-0.034,0.074
35.43,-0.055,0.008,0.065
35.44,-0.056,-0.024,0.076
35.45,-0.056,0.014,0.067
35.46,-0.056,-0.02,0.078
35.47,-0.056,-0.012,0.078
35.48,-0.056,-0.096,0.104
35.49,-0.056,0.029,0.075
35.5,-0.055,0.018,0.078
35.51,-0.055,0.011,0.08
35.52,-0.054,0.066,0.066
35.53,-0.054,0.04,0.071
35.54,-0.053,-0.093,0.108
35.55,-0.053,0.12,0.054
35.56,-0.052,0.073,0.063
35.57,-0.052,0.074,0.06
35.58,-0.051,0.046,0.066
35.59,-0.051,0.057,0.061
35.6,-0.051,0.065,0.058
35.61,-0.051,0.01,0.071
35.62,-0.051,0.006,0.073
35.63,-0.051,0.003,0.075
35.64,-0.05,0.002,0.076
35.65,-0.05,0.06,0.061
35.66,-0.05,-0.021,0.083
35.67,-0.05,0.016,0.075
35.68,-0.049,0.039,0.069
35.69,-0.049,0.024,0.072
35.7,-0.048,0.044,0.067
35.71,-0.048,0.056,0.062
35.72,-0.048,0.034,0.067
35.73,-0.047,0.021,0.07
35.74,-0.047,0.042,0.064
35.75,-0.047,0.026,0.068
35.76,-0.047,0.045,0.063
35.77,-0.046,0.028,0.066
35.78,-0.046,-0.071,0.094
35.79,-0.046,0.044,0.066
35.8,-0.045,-0.002,0.079
35.81,-0.045,0.087,0.055
35.82,-0.044,-0.005,0.078
35.83,-0.044,0.055,0.062
35.84,-0.044,0.063,0.058
35.85,-0.044,0.039,0.063
35.86,-0.043,0.053,0.058
35.87,-0.043,0.003,0.071
35.88,-0.043,0.179,0.023
35.89,-0.043,-0.067,0.084
35.9,-0.043,-0.041,0.081
35.91,-0.043,-0.054,0.088
35.92,-0.043,-0.004,0.078
35.93,-0.042,0.086,0.054
35.94,-0.042,-0.006,0.077
35.95,-0.042,0.025,0.069
35.96,-0.041,0.045,0.064
35.97,-0.041,-0.001,0.076
35.98,-0.04,0.087,0.052
35.99,-0.04,-0.005,0.075
36.0,-0.04,0.055,0.059
36.01,-0.039,0.004,0.072
36.02,-0.039,0.062,0.057
36.03,-0.039,0.038,0.061
36.04,-0.039,0.023,0.065
36.05,-0.038,-0.015,0.075
36.06,-0.038,-0.038,0.084
36.07,-0.038,0.035,0.066
36.08,-0.038,0.051,0.061
36.09,-0.038,-0.027,0.082
36.1,-0.037,0.042,0.065
36.11,-0.037,0.025,0.068
36.12,-0.037,0.104,0.046
36.13,-0.037,0.005,0.07
36.14,-0.037,0.003,0.071
36.15,-0.036,0.031,0.064
36.16,-0.036,0.019,0.067
36.17,-0.036,0.011,0.069
36.18,-0.036,0.036,0.063
36.19,-0.036,0.022,0.066
36.2,-0.035,0.013,0.068
36.21,-0.035,0.126,0.037
36.22,-0.035,-0.04,0.078
36.23,-0.035,0.004,0.069
36.24,-0.035,-0.026,0.079
36.25,-0.034,0.042,0.061
36.26,-0.034,0.026,0.065
36.27,-0.033,0.045,0.059
36.28,-0.033,0.028,0.063
36.29,-0.033,0.046,0.057
36.3,-0.032,0.058,0.053
36.31,-0.032,-0.141,0.107
36.32,-0.032,0.09,0.05
36.33,-0.032,0.114,0.039
36.34,-0.031,0.011,0.064
36.35,-0.031,0.095,0.04
36.36,-0.031,0.0,0.063
36.37,-0.031,-0.029,0.073
36.38,-0.031,0.04,0.055
36.39,-0.031,0.025,0.059
36.4,-0.031,-0.014,0.069
36.41,-0.031,-0.008,0.069
36.42,-0.031,0.053,0.053
36.43,-0.031,-0.026,0.074
36.44,-0.031,-0.016,0.073
36.45,-0.03,0.019,0.065
36.46,-0.03,-0.017,0.076
36.47,-0.029,0.078,0.051
36.48,-0.029,-0.04,0.081
36.49,-0.029,0.063,0.055
36.5,-0.028,0.246,0.001
36.51,-0.028,-0.026,0.066
36.52,-0.028,-0.016,0.066
36.53,-0.028,-0.039,0.074
36.54,-0.028,0.064,0.048
36.55,-0.028,-0.019,0.069
36.56,-0.028,-0.041,0.077
36.57,-0.027,0.004,0.067
36.58,-0.027,-0.027,0.076
36.59,-0.027,0.042,0.059
36.6,-0.026,0.055,0.054
36.61,-0.026,-0.024,0.075
36.62,-0.026,0.043,0.058
36.63,-0.026,0.026,0.061
36.64,-0.025,0.046,0.055
36.65,-0.025,0.057,0.05
36.66,-0.025,0.005,0.063
36.67,-0.025,-0.025,0.072
36.68,-0.025,0.043,0.055
36.69,-0.025,0.026,0.059
36.7,-0.025,0.016,0.061
36.71,-0.025,-0.019,0.071
36.72,-0.025,-0.012,0.071
36.73,-0.025,-0.066,0.087
36.74,-0.025,0.107,0.043
36.75,-0.024,-0.023,0.075
36.76,-0.024,0.104,0.041
36.77,-0.024,-0.024,0.073
36.78,-0.024,0.044,0.056
36.79,-0.023,0.027,0.059
36.8,-0.023,-0.013,0.07
36.81,-0.023,0.051,0.053
36.82,-0.023,-0.027,0.074
36.83,-0.022,0.071,0.048
36.84,-0.022,0.044,0.053
36.85,-0.022,0.027,0.056
36.86,-0.022,-0.012,0.067
36.87,-0.022,0.021,0.059
36.88,-0.021,-0.016,0.069
36.89,-0.021,-0.01,0.069
36.9,-0.021,-0.006,0.069
36.91,-0.021,0.025,0.061
36.92,-0.02,0.104,0.039
36.93,-0.02,-0.024,0.07
36.94,-0.02,0.014,0.061
36.95,-0.02,0.038,0.055
36.96,-0.02,-0.005,0.066
36.97,-0.02,0.025,0.058
36.98,-0.02,0.075,0.044
36.99,-0.02,0.016,0.057
37.0,-0.02,-0.019,0.067
37.01,-0.02,-0.071,0.083
37.02,-0.02,0.015,0.063
37.03,-0.019,0.009,0.065
37.04,-0.019,0.005,0.066
37.05,-0.019,0.033,0.059
37.06,-0.019,0.02,0.062
37.07,-0.018,0.012,0.063
37.08,-0.018,0.037,0.057
37.09,-0.018,0.052,0.051
37.1,-0.018,0.002,0.063
37.11,-0.017,0.001,0.064
37.12,-0.017,0.03,0.057
37.13,-0.017,-0.01,0.067
37.14,-0.017,0.022,0.059
37.15,-0.017,0.043,0.053
37.16,-0.017,0.056,0.048
37.17,-0.016,0.005,0.06
37.18,-0.016,0.032,0.053
37.19,-0.016,0.02,0.055
37.2,-0.017,0.012,0.057
37.21,-0.017,-0.081,0.083
37.22,-0.016,-0.049,0.079
37.23,-0.016,0.028,0.061
37.24,-0.016,0.047,0.055
37.25,-0.016,0.058,0.05
37.26,-0.015,0.006,0.062
37.27,-0.015,0.063,0.047
37.28,-0.015,0.009,0.059
37.29,-0.015,0.005,0.06
37.3,-0.015,0.033,0.053
37.31,-0.015,-0.009,0.064
37.32,-0.014,0.023,0.056
37.33,-0.014,0.044,0.05
37.34,-0.014,-0.002,0.061
37.35,-0.014,-0.001,0.062
37.36,-0.014,0.0,0.062
37.37,-0.014,-0.03,0.071
37.38,-0.014,0.04,0.053
37.39,-0.013,0.054,0.048
37.4,-0.013,-0.114,0.093
37.41,-0.013,0.048,0.054
37.42,-0.013,0.029,0.057
37.43,-0.012,0.047,0.051
37.44,-0.012,0.118,0.03
37.45,-0.012,-0.016,0.062
37.46,-0.012,-0.039,0.07
37.47,-0.012,0.005,0.06
37.48,-0.012,0.003,0.061
37.49,-0.012,0.031,0.054
37.5,-0.012,0.019,0.056
37.51,-0.012,0.041,0.049
37.52,-0.012,-0.004,0.061
37.53,-0.012,-0.12,0.094
37.54,-0.012,0.073,0.046
37.55,-0.012,-0.013,0.068
37.56,-0.011,0.08,0.043
37.57,-0.011,0.019,0.056
37.58,-0.011,-0.017,0.066
37.59,-0.011,0.048,0.049
37.6,-0.011,0.0,0.061
37.61,-0.011,0.088,0.037
37.62,-0.01,0.024,0.051
37.63,-0.01,-0.073,0.078
37.64,-0.01,0.073,0.041
37.65,-0.01,-0.043,0.07
37.66,-0.01,0.032,0.052
37.67,-0.01,-0.009,0.063
37.68,-0.01,0.023,0.054
37.69,-0.01,0.014,0.056
37.7,-0.009,-0.02,0.066
37.71,-0.009,-0.012,0.065
37.72,-0.009,0.051,0.048
37.73,-0.009,-0.175,0.11
37.74,-0.008,0.129,0.034
37.75,-0.008,0.049,0.05
37.76,-0.008,0.06,0.045
37.77,-0.008,0.007,0.058
37.78,-0.008,-0.025,0.067
37.79,-0.008,0.073,0.041
37.8,-0.008,0.045,0.046
37.81,-0.008,-0.001,0.057
37.82,-0.008,-0.001,0.058
37.83,-0.008,-0.03,0.066
37.84,-0.008,-0.196,0.115
37.85,-0.008,0.086,0.046
37.86,-0.008,0.023,0.06
37.87,-0.008,0.044,0.053
37.88,-0.007,0.027,0.057
37.89,-0.007,0.135,0.026
37.9,-0.007,-0.035,0.067
37.91,-0.007,0.007,0.057
37.92,-0.007,0.004,0.058
37.93,-0.007,-0.026,0.067
37.94,-0.007,0.013,0.058
37.95,-0.007,-0.021,0.067
37.96,-0.007,0.016,0.058
37.97,-0.006,0.039,0.052
37.98,-0.006,0.024,0.054
37.99,-0.006,0.044,0.048
38.0,-0.006,-0.002,0.059
38.01,-0.006,0.028,0.051
38.02,-0.006,-0.041,0.07
38.03,-0.005,0.003,0.06
38.04,-0.005,0.061,0.044
38.05,-0.005,0.008,0.056
38.06,-0.005,0.005,0.057
38.07,-0.005,0.003,0.058
38.08,-0.005,0.001,0.059
38.09,-0.005,-0.028,0.067
38.1,-0.005,-0.017,0.066
38.11,-0.004,0.078,0.041
38.12,-0.004,0.018,0.054
38.13,-0.004,0.011,0.056
38.14,-0.004,0.036,0.048
38.15,-0.004,-0.007,0.059
38.16,-0.004,-0.004,0.059
38.17,-0.004,-0.002,0.059
38.18,-0.005,0.116,0.027
38.19,-0.005,-0.076,0.075
38.2,-0.005,-0.017,0.063
38.21,-0.004,-0.04,0.071
38.22,-0.004,0.034,0.052
38.23,-0.004,-0.126,0.096
38.24,-0.004,0.099,0.04
38.25,-0.003,0.061,0.046
38.26,-0.003,0.008,0.058
38.27,-0.003,0.034,0.051
38.28,-0.003,0.021,0.053
38.29,-0.002,0.042,0.046
38.3,-0.002,-0.003,0.058
38.31,-0.002,0.086,0.033
38.32,-0.002,-0.035,0.063
38.33,-0.002,-0.021,0.062
38.34,-0.002,-0.013,0.061
38.35,-0.002,0.021,0.052
38.36,-0.002,-0.016,0.062
38.37,-0.002,0.049,0.045
38.38,-0.002,-0.058,0.073
38.39,-0.002,0.052,0.045
38.4,-0.002,0.002,0.057
38.41,-0.002,0.001,0.058
38.42,-0.002,0.03,0.05
38.43,-0.002,-0.01,0.06
38.44,-0.002,-0.065,0.077
38.45,-0.001,0.078,0.04
38.46,-0.001,0.047,0.045
38.47,-0.001,-0.029,0.065
38.48,-0.001,0.011,0.055
38.49,-0.001,-0.052,0.073
38.5,-0.001,0.056,0.045
38.51,-0.001,0.064,0.041
38.52,-0.001,-0.049,0.069
38.53,-0.001,0.058,0.042
38.54,-0.001,0.006,0.054
38.55,-0.001,-0.055,0.072
38.56,-0.001,-0.004,0.06
38.57,-0.001,0.026,0.052
38.58,-0.001,0.046,0.046
38.59,-0.001,-0.001,0.057
38.6,-0.001,0.028,0.049
38.61,-0.001,-0.041,0.068
38.62,-0.001,0.004,0.058
38.63,-0.001,0.002,0.058
38.64,-0.001,0.001,0.059
38.65,0.0,-0.028,0.067
38.66,0.0,0.012,0.058
38.67,0.0,0.066,0.042
38.68,0.0,-0.018,0.063
38.69,0.0,0.018,0.054
38.7,0.0,0.011,0.056
38.71,0.0,0.036,0.048
38.72,0.0,-0.036,0.067
38.73,0.0,0.036,0.049
38.74,0.0,0.022,0.051
38.75,0.0,-0.075,0.078
38.76,0.001,0.072,0.041
38.77,0.001,0.014,0.054
38.78,0.001,0.009,0.055
38.79,0.001,0.035,0.047
38.8,0.001,0.021,0.05
38.81,0.001,-0.016,0.06
38.82,0.001,0.019,0.051
38.83,0.001,-0.106,0.085
38.84,0.001,0.023,0.055
38.85,0.001,0.044,0.048
38.86,0.001,-0.002,0.059
38.87,0.001,0.057,0.043
38.88,0.001,-0.053,0.071
38.89,0.001,-0.032,0.069
38.9,0.001,0.039,0.05
38.91,0.001,0.112,0.028
38.92,0.001,-0.078,0.076
38.93,0.001,0.04,0.047
38.94,0.001,-0.004,0.058
38.95,0.002,0.026,0.05
38.96,0.002,0.045,0.044
38.97,0.002,-0.001,0.055
38.98,0.002,0.0,0.055
38.99,0.001,0.029,0.047
39.0,0.001,-0.041,0.066
39.01,0.001,0.004,0.055
39.02,0.002,0.002,0.056
39.03,0.002,0.001,0.056
39.04,0.002,0.0,0.057
39.05,0.002,0.03,0.049
39.06,0.002,-0.011,0.059
39.07,0.002,0.111,0.026
39.08,0.003,-0.049,0.066
39.09,0.003,-0.06,0.071
39.1,0.003,0.022,0.052
39.11,0.004,0.102,0.028
39.12,0.005,0.062,0.034
39.13,0.005,0.097,0.022
39.14,0.006,0.237,-0.021
39.15,0.006,0.027,0.025
39.16,0.006,0.016,0.027
39.17,0.007,0.069,0.011
39.18,0.007,-0.016,0.032
39.19,0.007,0.078,0.007
39.2,0.007,0.018,0.02
39.21,0.008,0.189,-0.028
39.22,0.009,0.145,-0.025
39.23,0.009,0.089,-0.017
39.24,0.009,0.054,-0.011
39.25,0.009,0.152,-0.041
39.26,0.01,0.093,-0.033
39.27,0.01,0.086,-0.035
39.28,0.011,0.083,-0.039
39.29,0.011,0.11,-0.051
39.3,0.012,0.126,-0.061
39.31,0.014,0.137,-0.07
39.32,0.015,0.143,-0.079
39.33,0.017,0.147,-0.087
39.34,0.018,0.179,-0.104
39.35,0.02,0.139,-0.102
39.36,0.022,0.263,-0.144
39.37,0.024,0.191,-0.137
39.38,0.026,0.176,-0.143
39.39,0.028,0.197,-0.158
39.4,0.029,0.269,-0.189
39.41,0.031,0.106,-0.157
39.42,0.032,0.124,-0.168
39.43,0.032,0.165,-0.186
39.44,0.033,0.131,-0.185
39.45,0.034,0.08,-0.178
39.46,0.034,0.019,-0.166
39.47,0.034,0.071,-0.182
39.48,0.035,0.073,-0.187
39.49,0.035,0.074,-0.191
39.5,0.036,0.075,-0.196
39.51,0.036,0.135,-0.217
39.52,0.037,-0.005,-0.185
39.53,0.037,0.085,-0.211
39.54,0.038,0.022,-0.198
39.55,0.038,0.073,-0.214
39.56,0.039,0.104,-0.227
39.57,0.04,0.093,-0.23
39.58,0.041,0.087,-0.234
39.59,0.041,0.083,-0.238
39.6,0.042,0.021,-0.225
39.61,0.043,0.072,-0.241
39.62,0.043,0.074,-0.246
39.63,0.043,0.015,-0.235
39.64,0.044,0.039,-0.243
39.65,0.044,0.053,-0.25
39.66,0.044,0.062,-0.256
39.67,0.043,-0.05,-0.228
39.68,0.043,-0.001,-0.24
39.69,0.043,-0.089,-0.216
39.7,0.042,-0.025,-0.23
39.71,0.042,0.043,-0.249
39.72,0.041,-0.062,-0.222
39.73,0.041,-0.067,-0.218
39.74,0.041,-0.041,-0.223
39.75,0.041,-0.055,-0.218
39.76,0.04,-0.033,-0.222
39.77,0.04,0.008,-0.233
39.78,0.04,0.005,-0.233
39.79,0.04,0.003,-0.234
39.8,0.04,0.002,-0.234
39.81,0.04,-0.057,-0.218
39.82,0.04,-0.005,-0.23
39.83,0.039,-0.003,-0.232
39.84,0.039,-0.031,-0.224
39.85,0.039,0.01,-0.235
39.86,0.039,-0.053,-0.219
39.87,0.039,-0.002,-0.231
39.88,0.039,-0.031,-0.223
39.89,0.039,-0.226,-0.168
39.9,0.039,0.068,-0.24
39.91,0.039,0.071,-0.245
39.92,0.039,0.132,-0.266
39.93,0.039,-0.036,-0.226
39.94,0.038,0.006,-0.237
39.95,0.038,-0.054,-0.221
39.96,0.038,-0.004,-0.233
39.97,0.037,-0.032,-0.226
39.98,0.037,0.009,-0.237
39.99,0.036,-0.082,-0.212
40.0,0.036,-0.05,-0.217
40.01,0.036,-0.09,-0.204
40.02,0.036,0.003,-0.227
40.03,0.036,0.002,-0.227
40.04,0.036,0.031,-0.236
40.05,0.036,0.019,-0.235
40.06,0.036,0.07,-0.251
40.07,0.036,-0.104,-0.206
40.08,0.036,-0.004,-0.229
40.09,0.036,-0.003,-0.23
40.1,0.035,-0.001,-0.231
40.11,0.035,-0.089,-0.207
40.12,0.035,0.033,-0.238
40.13,0.035,-0.038,-0.22
40.14,0.035,-0.023,-0.223
40.15,0.035,0.044,-0.241
40.16,0.035,-0.031,-0.223
40.17,0.035,0.01,-0.234
40.18,0.034,0.006,-0.234
40.19,0.034,-0.025,-0.226
40.2,0.034,-0.015,-0.228
40.21,0.034,-0.068,-0.213
40.22,0.033,-0.042,-0.217
40.23,0.033,-0.055,-0.212
40.24,0.033,0.054,-0.241
40.25,0.033,0.003,-0.23
40.26,0.033,-0.027,-0.222
40.27,0.033,0.012,-0.232
40.28,0.033,-0.021,-0.224
40.29,0.033,-0.013,-0.226
40.3,0.032,0.021,-0.236
40.31,0.032,-0.016,-0.227
40.32,0.032,-0.039,-0.22
40.33,0.032,-0.024,-0.223
40.34,0.032,-0.014,-0.225
40.35,0.032,-0.009,-0.226
40.36,0.032,-0.035,-0.219
40.37,0.032,-0.021,-0.222
40.38,0.032,-0.013,-0.223
40.39,0.032,-0.008,-0.225
40.4,0.032,0.024,-0.234
40.41,0.031,0.015,-0.233
40.42,0.031,-0.02,-0.225
40.43,0.031,-0.012,-0.226
40.44,0.031,0.021,-0.236
40.45,0.031,-0.016,-0.227
40.46,0.03,-0.069,-0.212
40.47,0.03,-0.042,-0.216
40.48,0.03,0.003,-0.228
40.49,0.03,0.002,-0.228
40.5,0.03,0.001,-0.228
40.51,0.03,-0.028,-0.221
40.52,0.03,-0.017,-0.223
40.53,0.03,-0.01,-0.224
40.54,0.03,0.022,-0.234
40.55,0.03,-0.015,-0.225
40.56,0.029,-0.009,-0.226
40.57,0.029,-0.035,-0.219
40.58,0.029,-0.021,-0.222
40.59,0.029,0.016,-0.232
40.6,0.029,-0.138,-0.19
40.61,0.029,0.063,-0.24
40.62,0.029,0.157,-0.27
40.63,0.029,-0.021,-0.228
40.64,0.029,-0.043,-0.222
40.65,0.029,-0.026,-0.225
40.66,0.028,-0.075,-0.21
40.67,0.028,-0.016,-0.223
40.68,0.028,0.078,-0.25
40.69,0.028,-0.04,-0.221
40.7,0.028,-0.054,-0.215
40.71,0.027,-0.033,-0.219
40.72,0.027,-0.02,-0.221
40.73,0.027,-0.012,-0.223
40.74,0.027,-0.007,-0.224
40.75,0.028,0.054,-0.242
40.76,0.028,0.003,-0.231
40.77,0.028,-0.027,-0.223
40.78,0.027,-0.075,-0.208
40.79,0.027,0.012,-0.23
40.8,0.027,0.007,-0.229
40.81,0.027,0.004,-0.229
40.82,0.027,0.002,-0.23
40.83,0.027,0.031,-0.238
40.84,0.027,-0.039,-0.22
40.85,0.027,0.005,-0.231
40.86,0.027,0.003,-0.232
40.87,0.026,0.001,-0.232
40.88,0.026,0.06,-0.249
40.89,0.026,-0.081,-0.213
40.9,0.026,-0.049,-0.218
40.91,0.025,-0.03,-0.221
40.92,0.025,-0.078,-0.207
40.93,0.025,-0.018,-0.22
40.94,0.025,-0.011,-0.222
40.95,0.025,-0.006,-0.223
40.96,0.025,0.143,-0.265
40.97,0.025,-0.03,-0.224
40.98,0.025,-0.018,-0.226
40.99,0.025,-0.1,-0.203
41.0,0.025,-0.002,-0.226
41.01,0.025,-0.031,-0.218
41.02,0.025,0.04,-0.237
41.03,0.025,0.024,-0.235
41.04,0.025,-0.014,-0.225
41.05,0.025,-0.008,-0.227
41.06,0.025,0.024,-0.236
41.07,0.025,-0.044,-0.218
41.08,0.025,-0.027,-0.221
41.09,0.025,-0.075,-0.207
41.1,0.025,0.042,-0.237
41.11,0.024,-0.033,-0.218
41.12,0.024,0.038,-0.237
41.13,0.024,-0.005,-0.227
41.14,0.024,-0.033,-0.219
41.15,0.024,0.009,-0.23
41.16,0.023,-0.053,-0.213
41.17,0.023,-0.003,-0.225
41.18,0.023,-0.031,-0.217
41.19,0.023,-0.019,-0.22
41.2,0.023,0.076,-0.246
41.21,0.023,-0.011,-0.225
41.22,0.023,-0.066,-0.21
41.23,0.023,0.018,-0.231
41.24,0.023,-0.136,-0.189
41.25,0.023,0.034,-0.23
41.26,0.023,0.021,-0.228
41.27,0.023,0.012,-0.228
41.28,0.023,0.037,-0.235
41.29,0.023,-0.006,-0.225
41.3,0.023,-0.063,-0.21
41.31,0.023,-0.009,-0.222
41.32,0.023,0.023,-0.231
41.33,0.023,0.044,-0.238
41.34,0.022,0.027,-0.236
41.35,0.022,-0.072,-0.21
41.36,0.022,-0.014,-0.223
41.37,0.022,0.02,-0.233
41.38,0.022,-0.016,-0.223
41.39,0.021,-0.04,-0.216
41.4,0.021,-0.024,-0.219
41.41,0.021,-0.044,-0.213
41.42,0.021,0.002,-0.224
41.43,0.021,0.06,-0.241
41.44,0.021,-0.022,-0.221
41.45,0.021,-0.043,-0.214
41.46,0.021,-0.026,-0.217
41.47,0.021,0.042,-0.236
41.48,0.021,0.026,-0.233
41.49,0.021,0.045,-0.241
41.5,0.021,-0.09,-0.205
41.51,0.021,0.003,-0.227
41.52,0.021,0.031,-0.236
41.53,0.021,0.019,-0.234
41.54,0.021,-0.017,-0.225
41.55,0.021,-0.04,-0.218
41.56,0.02,-0.024,-0.221
41.57,0.02,-0.044,-0.214
41.58,0.02,0.09,-0.25
41.59,0.02,-0.033,-0.221
41.6,0.02,-0.079,-0.206
41.61,0.02,-0.019,-0.22
41.62,0.02,-0.041,-0.213
41.63,0.02,0.004,-0.224
41.64,0.02,0.032,-0.232
41.65,0.02,-0.039,-0.214
41.66,0.02,0.034,-0.233
41.67,0.02,-0.037,-0.215
41.68,0.02,-0.023,-0.218
41.69,0.02,0.015,-0.227
41.7,0.02,0.009,-0.227
41.71,0.02,0.005,-0.227
41.72,0.02,0.003,-0.227
41.73,0.019,0.002,-0.227
41.74,0.019,0.001,-0.227
41.75,0.019,0.0,-0.227
41.76,0.019,-0.029,-0.219
41.77,0.019,-0.017,-0.221
41.78,0.018,-0.04,-0.214
41.79,0.018,0.004,-0.225
41.8,0.018,-0.056,-0.209
41.81,0.018,-0.004,-0.221
41.82,0.018,-0.032,-0.213
41.83,0.018,0.009,-0.223
41.84,0.018,0.065,-0.24
41.85,0.018,-0.078,-0.203
41.86,0.018,0.011,-0.224
41.87,0.018,0.006,-0.224
41.88,0.018,0.093,-0.249
41.89,0.018,-0.061,-0.211
41.9,0.018,0.021,-0.231
41.91,0.018,-0.045,-0.214
41.92,0.018,0.03,-0.233
41.93,0.017,-0.04,-0.215
41.94,0.017,-0.024,-0.218
41.95,0.017,0.044,-0.236
41.96,0.017,-0.061,-0.209
41.97,0.017,-0.008,-0.221
41.98,0.017,-0.034,-0.213
41.99,0.017,-0.169,-0.174
42.0,0.017,0.103,-0.242
42.01,0.018,0.033,-0.228
42.02,0.018,0.05,-0.235
42.03,0.018,0.03,-0.232
42.04,0.018,0.018,-0.231
42.05,0.017,-0.017,-0.222
42.06,0.017,-0.04,-0.215
42.07,0.017,0.034,-0.234
42.08,0.017,-0.038,-0.216
42.09,0.017,-0.053,-0.21
42.1,0.016,-0.002,-0.222
42.11,0.016,0.027,-0.23
42.12,0.016,-0.012,-0.221
42.13,0.016,-0.037,-0.213
42.14,0.016,-0.022,-0.216
42.15,0.016,0.015,-0.226
42.16,0.016,0.039,-0.233
42.17,0.016,-0.064,-0.206
42.18,0.016,0.019,-0.227
42.19,0.016,0.011,-0.226
42.2,0.016,-0.022,-0.217
42.21,0.016,0.134,-0.26
42.22,0.016,-0.035,-0.22
42.23,0.016,-0.051,-0.214
42.24,0.016,-0.002,-0.225
42.25,0.016,-0.03,-0.217
42.26,0.016,-0.018,-0.22
42.27,0.016,0.017,-0.229
42.28,0.016,-0.018,-0.22
42.29,0.016,-0.011,-0.221
42.3,0.016,-0.007,-0.222
42.31,0.016,-0.004,-0.223
42.32,0.016,-0.002,-0.223
42.33,0.016,-0.001,-0.224
42.34,0.015,0.0,-0.224
42.35,0.015,0.147,-0.266
42.36,0.015,-0.087,-0.208
42.37,0.015,-0.083,-0.205
42.38,0.015,-0.021,-0.218
42.39,0.015,-0.013,-0.22
42.4,0.015,0.021,-0.229
42.41,0.015,-0.016,-0.22
42.42,0.015,-0.01,-0.221
42.43,0.015,-0.006,-0.222
42.44,0.015,-0.063,-0.206
42.45,0.015,0.02,-0.226
42.46,0.015,0.042,-0.234
42.47,0.015,-0.033,-0.215
42.48,0.014,0.009,-0.225
42.49,0.014,-0.023,-0.217
42.5,0.014,-0.044,-0.21
42.51,0.014,0.031,-0.229
42.52,0.014,0.019,-0.228
42.53,0.014,-0.047,-0.21
42.54,0.014,0.0,-0.222
42.55,0.015,0.059,-0.238
42.56,0.014,0.006,-0.227
42.57,0.014,-0.025,-0.218
42.58,0.014,0.102,-0.253
42.59,0.014,-0.055,-0.214
42.6,0.014,-0.063,-0.209
42.61,0.014,-0.039,-0.213
42.62,0.014,-0.023,-0.216
42.63,0.014,-0.044,-0.209
42.64,0.014,0.002,-0.22
42.65,0.014,0.031,-0.229
42.66,0.014,0.019,-0.227
42.67,0.014,0.011,-0.226
42.68,0.014,0.007,-0.226
42.69,0.014,0.004,-0.225
42.7,0.014,-0.056,-0.209
42.71,0.013,-0.034,-0.212
42.72,0.013,0.008,-0.223
42.73,0.013,0.005,-0.223
42.74,0.013,0.003,-0.222
42.75,0.013,0.031,-0.231
42.76,0.013,0.019,-0.229
42.77,0.013,-0.017,-0.22
42.78,0.013,-0.01,-0.221
42.79,0.013,0.022,-0.23
42.8,0.013,-0.074,-0.204
42.81,0.013,0.042,-0.234
42.82,0.013,-0.032,-0.215
42.83,0.013,-0.02,-0.217
42.84,0.013,0.017,-0.227
42.85,0.013,0.01,-0.226
42.86,0.013,0.006,-0.225
42.87,0.013,-0.025,-0.217
42.88,0.013,-0.015,-0.219
42.89,0.013,-0.098,-0.195
42.9,0.013,0.028,-0.226
42.91,0.013,0.076,-0.241
42.92,0.013,-0.012,-0.22
42.93,0.013,-0.007,-0.221
42.94,0.013,-0.034,-0.213
42.95,0.013,0.038,-0.232
42.96,0.013,-0.006,-0.222
42.97,0.013,-0.033,-0.214
42.98,0.013,-0.02,-0.216
42.99,0.013,0.017,-0.226
43.0,0.013,0.069,-0.241
43.01,0.013,-0.016,-0.221
43.02,0.012,-0.01,-0.222
43.03,0.012,-0.035,-0.215
43.04,0.012,-0.021,-0.217
43.05,0.012,-0.013,-0.218
43.06,0.012,-0.037,-0.211
43.07,0.012,-0.023,-0.213
43.08,0.012,0.015,-0.223
43.09,0.012,-0.02,-0.214
43.1,0.011,0.017,-0.224
43.11,0.011,-0.019,-0.215
43.12,0.011,0.017,-0.224
43.13,0.011,0.011,-0.223
43.14,0.011,-0.022,-0.215
43.15,0.011,0.015,-0.225
43.16,0.011,-0.02,-0.215
43.17,0.011,-0.012,-0.217
43.18,0.011,0.022,-0.226
43.19,0.011,-0.016,-0.217
43.2,0.011,-0.069,-0.201
43.21,0.011,0.046,-0.23
43.22,0.012,0.028,-0.228
43.23,0.012,0.106,-0.251
43.24,0.011,-0.053,-0.212
43.25,0.011,-0.032,-0.215
43.26,0.011,-0.049,-0.209
43.27,0.011,0.0,-0.22
43.28,0.011,0.029,-0.229
43.29,0.011,-0.011,-0.219
43.3,0.011,-0.007,-0.22
43.31,0.01,-0.034,-0.212
43.32,0.01,0.008,-0.223
43.33,0.01,-0.024,-0.214
43.34,0.01,-0.014,-0.215
43.35,0.011,-0.009,-0.216
43.36,0.011,0.023,-0.225
43.37,0.011,-0.014,-0.216
43.38,0.011,0.02,-0.225
43.39,0.011,0.012,-0.224
43.4,0.011,0.007,-0.224
43.41,0.011,0.004,-0.223
43.42,0.01,-0.026,-0.215
43.43,0.01,0.013,-0.225
43.44,0.01,0.008,-0.224
43.45,0.01,0.034,-0.232
43.46,0.01,-0.008,-0.222
43.47,0.01,-0.064,-0.206
43.48,0.01,-0.039,-0.21
43.49,0.01,0.005,-0.221
43.5,0.01,0.003,-0.221
43.51,0.01,0.002,-0.221
43.52,0.01,0.03,-0.229
43.53,0.01,-0.01,-0.219
43.54,0.01,0.023,-0.228
43.55,0.01,-0.015,-0.219
43.56,0.01,-0.009,-0.22
43.57,0.01,-0.005,-0.22
43.58,0.01,-0.033,-0.213
43.59,0.01,-0.02,-0.215
43.6,0.01,0.017,-0.224
43.61,0.01,0.01,-0.223
43.62,0.01,0.006,-0.223
43.63,0.01,0.003,-0.223
43.64,0.01,-0.027,-0.214
43.65,0.01,-0.016,-0.216
43.66,0.01,-0.01,-0.217
43.67,0.01,0.023,-0.226
43.68,0.01,-0.044,-0.208
43.69,0.01,0.002,-0.219
43.7,0.01,0.001,-0.219
43.71,0.01,0.03,-0.228
43.72,0.01,-0.01,-0.218
43.73,0.01,-0.006,-0.219
43.74,0.01,0.025,-0.227
43.75,0.009,0.045,-0.234
43.76,0.009,-0.001,-0.224
43.77,0.009,-0.089,-0.199
43.78,0.009,0.003,-0.221
43.79,0.009,0.002,-0.221
43.8,0.009,0.001,-0.221
43.81,0.009,0.03,-0.229
43.82,0.009,-0.158,-0.178
43.83,0.009,0.02,-0.22
43.84,0.009,0.042,-0.227
43.85,0.009,0.026,-0.225
43.86,0.009,0.045,-0.232
43.87,0.009,-0.031,-0.213
43.88,0.009,0.069,-0.24
43.89,0.009,-0.016,-0.219
43.9,0.009,-0.01,-0.22
43.91,0.009,-0.006,-0.221
43.92,0.008,-0.092,-0.197
43.93,0.008,0.002,-0.219
43.94,0.008,-0.028,-0.211
43.95,0.008,0.012,-0.221
43.96,0.008,0.037,-0.228
43.97,0.008,-0.066,-0.201
43.98,0.008,0.018,-0.222
43.99,0.008,0.041,-0.229
44.0,0.008,-0.004,-0.219
44.01,0.008,-0.002,-0.219
44.02,0.008,-0.001,-0.219
44.03,0.008,-0.001,-0.22
44.04,0.008,0.0,-0.22
44.05,0.008,-0.059,-0.203
44.06,0.008,0.022,-0.223
44.07,0.008,0.013,-0.222
44.08,0.008,-0.05,-0.205
44.09,0.008,0.057,-0.233
44.1,0.009,0.005,-0.221
44.11,0.008,0.033,-0.229
44.12,0.008,0.02,-0.228
44.13,0.008,-0.076,-0.202
44.14,0.008,0.012,-0.223
44.15,0.008,0.007,-0.222
44.16,0.008,0.004,-0.222
44.17,0.008,-0.145,-0.18
44.18,0.008,0.058,-0.23
44.19,0.008,0.036,-0.227
44.2,0.008,0.022,-0.225
44.21,0.008,0.043,-0.232
44.22,0.008,-0.032,-0.213
44.23,0.008,-0.02,-0.215
44.24,0.008,-0.012,-0.216
44.25,0.008,0.022,-0.226
44.26,0.008,-0.045,-0.208
44.27,0.008,-0.028,-0.211
44.28,0.008,0.012,-0.221
44.29,0.008,-0.022,-0.212
44.3,0.008,0.045,-0.23
44.31,0.008,0.028,-0.227
44.32,0.008,-0.012,-0.217
44.33,0.008,0.081,-0.243
44.34,0.007,-0.038,-0.214
44.35,0.007,-0.023,-0.216
44.36,0.007,-0.014,-0.217
44.37,0.007,-0.038,-0.21
44.38,0.007,0.005,-0.221
44.39,0.007,-0.025,-0.212
44.4,0.007,-0.045,-0.205
44.41,0.007,0.001,-0.216
44.42,0.008,0.149,-0.258
44.43,0.008,-0.026,-0.216
44.44,0.008,0.013,-0.226
44.45,0.007,-0.051,-0.209
44.46,0.007,-0.001,-0.22
44.47,0.007,-0.001,-0.22
44.48,0.007,0.028,-0.229
44.49,0.007,-0.071,-0.203
44.5,0.007,-0.043,-0.207
44.51,0.008,0.062,-0.234
44.52,0.008,0.038,-0.231
44.53,0.008,0.023,-0.229
44.54,0.008,-0.015,-0.219
44.55,0.007,-0.009,-0.22
44.56,0.007,-0.005,-0.221
44.57,0.007,-0.003,-0.221
44.58,0.007,-0.031,-0.213
44.59,0.007,0.01,-0.223
44.6,0.007,-0.023,-0.215
44.61,0.007,-0.014,-0.216
44.62,0.007,-0.008,-0.217
44.63,0.007,-0.005,-0.218
44.64,0.007,-0.032,-0.21
44.65,0.007,0.009,-0.22
44.66,0.007,0.064,-0.236
44.67,0.007,0.01,-0.224
44.68,0.007,-0.052,-0.207
44.69,0.007,0.026,-0.227
44.7,0.007,-0.013,-0.217
44.71,0.007,-0.037,-0.21
44.72,0.007,-0.052,-0.204
44.73,0.007,0.145,-0.256
44.74,0.007,0.0,-0.223
44.75,0.007,-0.059,-0.207
44.76,0.007,-0.036,-0.21
44.77,0.007,-0.022,-0.212
44.78,0.007,0.015,-0.222
44.79,0.007,0.009,-0.221
44.8,0.007,-0.023,-0.213
44.81,0.007,0.074,-0.239
44.82,0.007,-0.013,-0.218
44.83,0.007,-0.008,-0.219
44.84,0.007,0.113,-0.253
44.85,0.006,-0.167,-0.18
44.86,0.006,0.015,-0.223
44.87,0.006,0.009,-0.222
44.88,0.006,0.005,-0.222
44.89,0.006,-0.055,-0.205
44.9,0.006,0.025,-0.225
44.91,0.006,0.015,-0.223
44.92,0.006,0.009,-0.222
44.93,0.006,-0.053,-0.205
44.94,0.006,-0.003,-0.217
44.95,0.006,-0.001,-0.217
44.96,0.006,0.028,-0.226
44.97,0.006,-0.012,-0.216
44.98,0.006,-0.007,-0.216
44.99,0.006,0.025,-0.225
45.0,0.006,-0.014,-0.216
45.01,0.006,-0.008,-0.217
45.02,0.006,0.024,-0.225
45.03,0.006,0.014,-0.224
45.04,0.006,0.038,-0.232
45.05,0.006,-0.035,-0.213
45.06,0.006,-0.021,-0.215
45.07,0.006,-0.042,-0.208
45.08,0.006,0.003,-0.219
45.09,0.006,0.001,-0.219
45.1,0.006,0.001,-0.219
45.11,0.006,0.0,-0.219
45.12,0.006,0.03,-0.227
45.13,0.006,0.018,-0.225
45.14,0.006,0.011,-0.224
45.15,0.006,-0.052,-0.207
45.16,0.006,-0.032,-0.21
45.17,0.006,-0.019,-0.212
45.18,0.006,-0.041,-0.205
45.19,0.006,0.033,-0.224
45.2,0.006,0.05,-0.231
45.21,0.006,0.03,-0.228
45.22,0.006,0.018,-0.226
45.23,0.006,-0.047,-0.209
45.24,0.006,-0.029,-0.211
45.25,0.006,-0.017,-0.213
45.26,0.006,-0.011,-0.214
45.27,0.006,0.022,-0.223
45.28,0.006,0.014,-0.222
45.29,0.006,-0.02,-0.213
45.3,0.006,-0.012,-0.214
45.31,0.006,0.08,-0.24
45.32,0.006,-0.039,-0.21
45.33,0.006,-0.024,-0.213
45.34,0.006,0.014,-0.223
45.35,0.006,0.009,-0.222
45.36,0.006,0.035,-0.23
45.37,0.006,-0.037,-0.211
45.38,0.006,-0.023,-0.213
45.39,0.006,0.015,-0.223
45.4,0.006,0.127,-0.255
45.41,0.006,-0.099,-0.198
45.42,0.006,-0.001,-0.221
45.43,0.006,-0.03,-0.213
45.44,0.006,0.01,-0.223
45.45,0.006,0.006,-0.222
45.46,0.005,0.033,-0.23
45.47,0.005,-0.008,-0.22
45.48,0.005,0.024,-0.229
45.49,0.005,-0.044,-0.211
45.5,0.005,-0.056,-0.205
45.51,0.005,-0.034,-0.209
45.52,0.005,0.008,-0.219
45.53,0.006,0.153,-0.26
45.54,0.006,-0.024,-0.218
45.55,0.005,-0.192,-0.17
45.56,0.006,0.059,-0.231
45.57,0.006,0.036,-0.227
45.58,0.006,-0.007,-0.217
45.59,0.006,0.025,-0.226
45.6,0.006,-0.014,-0.216
45.61,0.006,0.02,-0.225
45.62,0.006,0.012,-0.224
45.63,0.006,-0.051,-0.207
45.64,0.006,-0.001,-0.218
45.65,0.006,-0.001,-0.218
45.66,0.006,0.028,-0.227
45.67,0.006,-0.041,-0.209
45.68,0.006,0.004,-0.219
45.69,0.006,-0.027,-0.211
45.7,0.006,0.042,-0.229
45.71,0.006,-0.033,-0.21
45.72,0.006,0.009,-0.22
45.73,0.006,0.035,-0.228
45.74,0.005,-0.037,-0.21
45.75,0.005,-0.023,-0.212
45.76,0.005,0.015,-0.222
45.77,0.005,-0.02,-0.212
45.78,0.005,-0.012,-0.214
45.79,0.005,-0.007,-0.214
45.8,0.005,-0.004,-0.215
45.81,0.005,-0.002,-0.215
45.82,0.005,-0.001,-0.215
45.83,0.005,0.028,-0.224
45.84,0.005,-0.012,-0.214
45.85,0.005,0.022,-0.223
45.86,0.005,0.043,-0.23
45.87,0.005,-0.032,-0.211
45.88,0.005,0.068,-0.238
45.89,0.005,-0.046,-0.209
45.9,0.005,0.0,-0.22
45.91,0.005,0.0,-0.22
45.92,0.005,-0.029,-0.212
45.93,0.005,0.011,-0.222
45.94,0.005,0.007,-0.221
45.95,0.005,-0.054,-0.204
45.96,0.005,-0.004,-0.216
45.97,0.005,0.027,-0.224
45.98,0.005,-0.012,-0.215
45.99,0.005,-0.007,-0.215
46.0,0.005,0.024,-0.224
46.01,0.005,-0.014,-0.215
46.02,0.005,-0.008,-0.215
46.03,0.005,0.024,-0.224
46.04,0.005,0.044,-0.231
46.05,0.005,-0.002,-0.22
46.06,0.005,-0.031,-0.212
46.07,0.005,0.04,-0.231
46.08,0.005,-0.093,-0.195
46.09,0.005,0.031,-0.226
46.1,0.005,-0.01,-0.216
46.11,0.005,0.023,-0.225
46.12,0.005,-0.015,-0.215
46.13,0.004,-0.009,-0.216
46.14,0.004,-0.065,-0.2
46.15,0.004,0.048,-0.229
46.16,0.005,0.0,-0.218
46.17,0.005,0.0,-0.218
46.18,0.005,0.059,-0.234
46.19,0.005,-0.022,-0.214
46.2,0.005,0.015,-0.224
46.21,0.004,-0.02,-0.215
46.22,0.004,-0.041,-0.208
46.23,0.004,-0.025,-0.21
46.24,0.005,0.013,-0.22
46.25,0.005,-0.021,-0.211
46.26,0.005,0.046,-0.229
46.27,0.005,0.028,-0.226
46.28,0.005,0.017,-0.225
46.29,0.005,-0.018,-0.215
46.3,0.005,-0.041,-0.208
46.31,0.005,0.033,-0.227
46.32,0.005,-0.008,-0.217
46.33,0.004,-0.005,-0.217
46.34,0.004,-0.003,-0.218
46.35,0.004,-0.031,-0.21
46.36,0.004,-0.019,-0.212
46.37,0.004,0.076,-0.238
46.38,0.005,0.047,-0.233
46.39,0.004,-0.059,-0.206
46.4,0.004,-0.036,-0.209
46.41,0.004,-0.022,-0.211
46.42,0.005,0.015,-0.221
46.43,0.005,0.009,-0.22
46.44,0.005,0.035,-0.228
46.45,0.005,-0.007,-0.218
46.46,0.005,-0.004,-0.218
46.47,0.005,0.026,-0.227
46.48,0.004,-0.042,-0.209
46.49,0.004,-0.026,-0.211
46.5,0.004,0.013,-0.221
46.51,0.004,-0.021,-0.212
46.52,0.004,0.046,-0.23
46.53,0.004,-0.001,-0.219
46.54,0.004,-0.03,-0.211
46.55,0.004,0.01,-0.221
46.56,0.004,0.006,-0.22
46.57,0.004,0.033,-0.228
46.58,0.005,0.05,-0.235
46.59,0.004,-0.028,-0.215
46.6,0.004,-0.047,-0.209
46.61,0.004,0.0,-0.22
46.62,0.004,0.0,-0.22
46.63,0.004,-0.058,-0.203
46.64,0.005,0.023,-0.223
46.65,0.005,-0.015,-0.213
46.66,0.005,0.02,-0.223
46.67,0.005,0.041,-0.23
46.68,0.005,-0.003,-0.219
46.69,0.005,-0.031,-0.211
46.7,0.005,-0.019,-0.213
46.71,0.004,0.017,-0.223
46.72,0.004,0.01,-0.222
46.73,0.004,-0.022,-0.213
46.74,0.004,0.015,-0.222
46.75,0.004,-0.02,-0.213
46.76,0.004,0.076,-0.239
46.77,0.004,-0.012,-0.218
46.78,0.004,-0.037,-0.211
46.79,0.004,-0.022,-0.213
46.8,0.004,-0.043,-0.206
46.81,0.004,0.091,-0.242
46.82,0.004,-0.002,-0.22
46.83,0.004,-0.031,-0.212
46.84,0.004,0.01,-0.222
46.85,0.004,0.006,-0.221
46.86,0.004,0.033,-0.229
46.87,0.004,-0.038,-0.211
46.88,0.004,0.005,-0.221
46.89,0.004,-0.026,-0.213
46.9,0.004,-0.045,-0.206
46.91,0.004,0.06,-0.234
46.92,0.004,0.007,-0.222
46.93,0.005,0.004,-0.221
46.94,0.005,0.062,-0.238
46.95,0.004,-0.021,-0.218
46.96,0.004,-0.042,-0.211
46.97,0.004,-0.026,-0.213
46.98,0.004,-0.193,-0.165
46.99,0.004,0.088,-0.234
47.0,0.005,0.083,-0.237
47.01,0.005,-0.037,-0.208
47.02,0.005,0.065,-0.235
47.03,0.005,-0.166,-0.173
47.04,0.004,0.075,-0.232
47.05,0.004,0.105,-0.245
47.06,0.004,0.035,-0.23
47.07,0.004,-0.067,-0.204
47.08,0.004,-0.041,-0.207
47.09,0.004,0.004,-0.218
47.1,0.003,0.032,-0.226
47.11,0.003,-0.069,-0.199
47.12,0.003,0.016,-0.22
47.13,0.003,-0.019,-0.211
47.14,0.003,0.017,-0.22
47.15,0.004,-0.018,-0.211
47.16,0.004,-0.011,-0.212
47.17,0.004,-0.007,-0.213
47.18,0.004,0.054,-0.23
47.19,0.004,0.033,-0.227
47.2,0.004,0.02,-0.225
47.21,0.004,0.012,-0.224
47.22,0.004,0.007,-0.223
47.23,0.004,-0.024,-0.214
47.24,0.004,0.014,-0.224
47.25,0.004,-0.02,-0.215
47.26,0.004,0.016,-0.224
47.27,0.004,0.01,-0.223
47.28,0.004,0.006,-0.223
47.29,0.004,-0.055,-0.206
47.3,0.004,-0.033,-0.209
47.31,0.004,0.038,-0.228
47.32,0.004,-0.035,-0.209
47.33,0.004,-0.051,-0.203
47.34,0.004,0.057,-0.231
47.35,0.004,0.035,-0.227
47.36,0.004,0.021,-0.225
47.37,0.004,-0.016,-0.216
47.38,0.004,0.049,-0.233
47.39,0.004,0.0,-0.222
47.4,0.004,-0.029,-0.214
47.41,0.004,-0.047,-0.207
47.42,0.004,0.0,-0.218
47.43,0.004,-0.029,-0.21
47.44,0.004,0.011,-0.22
47.45,0.004,-0.022,-0.211
47.46,0.004,-0.013,-0.213
47.47,0.004,0.021,-0.222
47.48,0.004,-0.016,-0.212
47.49,0.004,0.019,-0.222
47.5,0.004,0.041,-0.229
47.51,0.004,-0.004,-0.218
47.52,0.004,-0.002,-0.218
47.53,0.004,-0.001,-0.219
47.54,0.004,-0.03,-0.21
47.55,0.003,-0.048,-0.204
47.56,0.003,0.0,-0.215
47.57,0.004,0.029,-0.223
47.58,0.004,-0.011,-0.213
47.59,0.004,0.052,-0.231
47.6,0.004,-0.027,-0.211
47.61,0.004,-0.016,-0.213
47.62,0.004,0.019,-0.222
47.63,0.004,0.041,-0.229
47.64,0.004,-0.004,-0.218
47.65,0.004,-0.002,-0.219
47.66,0.004,-0.06,-0.202
47.67,0.004,0.021,-0.222
47.68,0.004,-0.016,-0.213
47.69,0.004,0.019,-0.222
47.7,0.004,0.012,-0.221
47.71,0.004,0.007,-0.22
47.72,0.004,-0.025,-0.212
47.73,0.004,-0.045,-0.205
47.74,0.004,0.031,-0.224
47.75,0.004,-0.069,-0.197
47.76,0.004,0.046,-0.226
47.77,0.004,0.028,-0.224
47.78,0.004,0.017,-0.222
47.79,0.004,0.01,-0.221
47.8,0.004,-0.023,-0.212
47.81,0.004,-0.014,-0.214
47.82,0.003,-0.008,-0.214
47.83,0.003,-0.005,-0.215
47.84,0.003,-0.003,-0.215
47.85,0.003,-0.002,-0.215
47.86,0.003,0.028,-0.224
47.87,0.003,0.017,-0.222
47.88,0.003,-0.018,-0.213
47.89,0.003,-0.011,-0.214
47.9,0.003,0.022,-0.223
47.91,0.003,0.013,-0.222
47.92,0.003,0.008,-0.221
47.93,0.003,-0.024,-0.212
47.94,0.003,-0.014,-0.214
47.95,0.003,-0.009,-0.215
47.96,0.003,0.023,-0.223
47.97,0.004,-0.014,-0.214
47.98,0.004,-0.038,-0.206
47.99,0.004,0.065,-0.233
48.0,0.004,0.01,-0.221
48.01,0.004,0.006,-0.221
48.02,0.004,-0.025,-0.212
48.03,0.004,-0.015,-0.214
48.04,0.004,-0.068,-0.198
48.05,0.004,-0.042,-0.202
48.06,0.004,0.062,-0.229
48.07,0.004,0.008,-0.218
48.08,0.004,0.035,-0.225
48.09,0.004,0.051,-0.232
48.1,0.004,-0.027,-0.212
48.11,0.003,-0.076,-0.197
48.12,0.003,0.219,-0.276
48.13,0.003,0.046,-0.239
48.14,0.003,-0.179,-0.178
48.15,0.002,-0.05,-0.205
48.16,0.002,-0.031,-0.208
48.17,0.002,0.01,-0.218
48.18,0.002,-0.023,-0.209
48.19,0.003,0.015,-0.219
48.2,0.003,-0.02,-0.21
48.21,0.003,0.076,-0.236
48.22,0.003,-0.012,-0.215
48.23,0.003,-0.066,-0.199
48.24,0.004,0.018,-0.219
48.25,0.004,0.04,-0.226
48.26,0.004,0.025,-0.224
48.27,0.004,0.015,-0.223
48.28,0.004,0.009,-0.222
48.29,0.004,0.035,-0.23
48.3,0.004,-0.067,-0.203
48.31,0.004,-0.011,-0.215
48.32,0.004,0.022,-0.224
48.33,0.003,-0.015,-0.214
48.34,0.003,0.019,-0.224
48.35,0.003,-0.017,-0.214
48.36,0.003,-0.01,-0.215
48.37,0.003,0.023,-0.224
48.38,0.003,-0.045,-0.206
48.39,0.003,-0.027,-0.209
48.4,0.003,0.042,-0.227
48.41,0.003,-0.003,-0.216
48.42,0.003,-0.002,-0.216
48.43,0.003,-0.031,-0.208
48.44,0.003,0.01,-0.218
48.45,0.003,0.006,-0.218
48.46,0.003,0.003,-0.217
48.47,0.003,0.002,-0.217
48.48,0.004,0.031,-0.225
48.49,0.004,0.019,-0.224
48.5,0.004,0.011,-0.223
48.51,0.004,0.007,-0.222
48.52,0.004,0.004,-0.221
48.53,0.003,0.032,-0.23
48.54,0.003,-0.009,-0.219
48.55,0.003,-0.005,-0.22
48.56,0.003,-0.033,-0.212
48.57,0.003,-0.02,-0.214
48.58,0.003,-0.101,-0.19
48.59,0.003,0.026,-0.221
48.6,0.003,0.045,-0.228
48.61,0.003,0.117,-0.25
48.62,0.003,-0.016,-0.218
48.63,0.003,-0.04,-0.211
48.64,0.003,-0.054,-0.205
48.65,0.003,-0.003,-0.217
48.66,0.003,-0.002,-0.217
48.67,0.003,-0.03,-0.209
48.68,0.003,0.01,-0.219
48.69,0.003,0.006,-0.218
48.7,0.003,0.003,-0.218
48.71,0.004,0.032,-0.226
48.72,0.004,0.019,-0.224
48.73,0.004,0.012,-0.223
48.74,0.004,0.007,-0.222
48.75,0.004,-0.025,-0.214
48.76,0.004,-0.015,-0.215
48.77,0.004,-0.009,-0.216
48.78,0.004,-0.035,-0.208
48.79,0.004,0.007,-0.219
48.8,0.004,0.034,-0.226
48.81,0.004,0.109,-0.249
48.82,0.003,-0.021,-0.218
48.83,0.003,-0.013,-0.219
48.84,0.003,-0.037,-0.212
48.85,0.003,-0.023,-0.214
48.86,0.003,-0.014,-0.215
48.87,0.003,-0.038,-0.208
48.88,0.003,-0.053,-0.202
48.89,0.003,-0.032,-0.205
48.9,0.003,0.128,-0.248
48.91,0.003,-0.01,-0.216
48.92,0.003,-0.006,-0.217
48.93,0.003,-0.003,-0.217
48.94,0.003,0.027,-0.226
48.95,0.003,-0.012,-0.216
48.96,0.003,-0.007,-0.216
48.97,0.003,0.024,-0.225
48.98,0.003,0.044,-0.232
48.99,0.003,-0.002,-0.221
49.0,0.003,-0.06,-0.205
49.01,0.003,-0.066,-0.2
49.02,0.003,-0.011,-0.212
49.03,0.003,0.022,-0.221
49.04,0.003,0.043,-0.228
49.05,0.003,-0.18,-0.168
49.06,0.003,0.096,-0.236
49.07,0.003,0.059,-0.23
49.08,0.003,-0.022,-0.211
49.09,0.003,0.015,-0.22
49.1,0.003,0.098,-0.244
49.11,0.003,0.001,-0.222
49.12,0.003,-0.028,-0.214
49.13,0.003,-0.076,-0.199
49.14,0.003,-0.017,-0.211
49.15,0.003,0.018,-0.221
49.16,0.003,-0.077,-0.195
49.17,0.003,0.041,-0.224
49.18,0.003,0.025,-0.222
49.19,0.003,0.015,-0.22
49.2,0.003,0.009,-0.219
49.21,0.003,0.005,-0.219
49.22,0.003,0.003,-0.219
49.23,0.003,0.031,-0.227
49.24,0.003,-0.01,-0.217
49.25,0.003,-0.035,-0.209
49.26,0.003,0.007,-0.219
49.27,0.003,0.004,-0.219
49.28,0.003,-0.026,-0.21
49.29,0.003,-0.016,-0.212
49.3,0.003,0.049,-0.229
49.31,0.003,0.03,-0.226
49.32,0.003,-0.04,-0.208
49.33,0.003,0.004,-0.219
49.34,0.003,0.062,-0.235
49.35,0.003,0.008,-0.223
49.36,0.003,-0.054,-0.206
49.37,0.003,-0.033,-0.209
49.38,0.003,-0.049,-0.203
49.39,0.003,0.058,-0.231
49.4,0.003,0.035,-0.227
49.41,0.003,-0.007,-0.217
49.42,0.003,0.024,-0.226
49.43,0.003,-0.014,-0.216
49.44,0.003,-0.008,-0.217
49.45,0.003,-0.035,-0.209
49.46,0.003,-0.021,-0.211
49.47,0.003,0.046,-0.229
49.48,0.003,0.057,-0.235
49.49,0.003,-0.082,-0.198
49.5,0.003,0.008,-0.219
49.51,0.003,-0.024,-0.211
49.52,0.003,0.044,-0.229
49.53,0.003,-0.002,-0.218
49.54,0.003,0.028,-0.226
49.55,0.003,-0.041,-0.208
49.56,0.003,-0.025,-0.211
49.57,0.003,0.073,-0.237
49.58,0.003,-0.014,-0.216
49.59,0.003,-0.068,-0.2
49.6,0.003,0.017,-0.221
49.61,0.003,0.04,-0.228
49.62,0.003,-0.004,-0.218
49.63,0.003,0.026,-0.226
49.64,0.003,0.016,-0.225
49.65,0.003,-0.019,-0.215
49.66,0.003,-0.041,-0.208
49.67,0.003,-0.025,-0.211
49.68,0.003,-0.015,-0.212
49.69,0.003,-0.068,-0.197
49.7,0.003,0.046,-0.225
49.71,0.003,-0.001,-0.214
49.72,0.003,0.058,-0.231
49.73,0.003,0.006,-0.219
49.74,0.003,-0.025,-0.211
49.75,0.003,0.013,-0.221
49.76,0.003,0.008,-0.22
49.77,0.003,0.005,-0.219
49.78,0.003,0.003,-0.219
49.79,0.003,-0.027,-0.211
49.8,0.003,0.071,-0.237
49.81,0.003,-0.015,-0.216
49.82,0.002,-0.038,-0.209
49.83,0.002,0.005,-0.219
49.84,0.002,-0.026,-0.211
49.85,0.002,-0.045,-0.204
49.86,0.002,0.001,-0.215
49.87,0.002,0.0,-0.215
49.88,0.003,0.0,-0.215
49.89,0.003,0.0,-0.215
49.9,0.003,0.029,-0.223
49.91,0.003,0.018,-0.221
49.92,0.003,0.07,-0.237
49.93,0.003,-0.045,-0.208
49.94,0.003,0.001,-0.219
49.95,0.003,0.001,-0.219
49.96,0.003,-0.028,-0.21
49.97,0.003,0.011,-0.22
49.98,0.003,0.036,-0.228
49.99,0.003,0.022,-0.226
50.0,0.003,-0.015,-0.216
50.01,0.003,-0.009,-0.217
50.02,0.003,-0.005,-0.218
50.03,0.002,-0.033,-0.21
50.04,0.002,0.038,-0.228
50.05,0.002,-0.035,-0.21
50.06,0.002,-0.051,-0.203
50.07,0.002,0.027,-0.223
50.08,0.002,0.017,-0.221
50.09,0.003,-0.019,-0.212
50.1,0.003,-0.041,-0.205
50.11,0.003,0.004,-0.215
50.12,0.003,0.032,-0.224
50.13,0.003,0.019,-0.222
50.14,0.003,0.012,-0.221
50.15,0.003,0.007,-0.22
50.16,0.003,0.034,-0.228
50.17,0.003,-0.008,-0.217
50.18,0.003,-0.005,-0.218
50.19,0.003,0.026,-0.227
50.2,0.003,-0.043,-0.209
50.21,0.003,0.003,-0.219
50.22,0.003,-0.027,-0.211
50.23,0.003,0.012,-0.221
50.24,0.003,-0.021,-0.212
50.25,0.003,-0.013,-0.213
50.26,0.003,-0.008,-0.214
50.27,0.003,0.024,-0.222
50.28,0.003,-0.014,-0.213
50.29,0.003,0.05,-0.23
50.3,0.003,0.06,-0.236
50.31,0.003,-0.022,-0.216
50.32,0.003,-0.161,-0.175
50.33,0.003,0.048,-0.226
50.34,0.003,0.059,-0.232
50.35,0.003,0.006,-0.22
50.36,0.003,0.004,-0.22
50.37,0.003,0.091,-0.244
50.38,0.003,-0.062,-0.206
50.39,0.003,-0.067,-0.201
50.4,0.002,-0.012,-0.213
50.41,0.002,-0.007,-0.214
50.42,0.003,0.054,-0.231
50.43,0.003,-0.025,-0.211
50.44,0.002,-0.015,-0.213
50.45,0.003,0.138,-0.255
50.46,0.002,-0.092,-0.197
50.47,0.002,-0.027,-0.211
50.48,0.002,0.101,-0.246
50.49,0.002,-0.026,-0.215
50.5,0.002,-0.016,-0.216
50.51,0.002,-0.069,-0.201
50.52,0.002,0.016,-0.221
50.53,0.002,-0.108,-0.187
50.54,0.003,0.022,-0.218
50.55,0.003,0.132,-0.25
50.56,0.003,-0.007,-0.218
50.57,0.003,-0.004,-0.218
50.58,0.003,-0.002,-0.219
50.59,0.003,0.027,-0.227
50.6,0.003,-0.042,-0.209
50.61,0.003,0.122,-0.253
50.62,0.003,-0.073,-0.204
50.63,0.003,-0.044,-0.208
50.64,0.003,-0.027,-0.211
50.65,0.003,0.042,-0.229
50.66,0.003,-0.003,-0.218
50.67,0.003,-0.031,-0.21
50.68,0.003,-0.049,-0.204
50.69,0.003,0.029,-0.223
50.7,0.003,-0.041,-0.205
50.71,0.003,0.004,-0.216
50.72,0.003,0.091,-0.24
50.73,0.003,-0.003,-0.219
50.74,0.003,-0.031,-0.21
50.75,0.003,0.01,-0.221
50.76,0.003,0.035,-0.228
50.77,0.003,-0.037,-0.21
50.78,0.003,-0.022,-0.212
50.79,0.003,-0.014,-0.213
50.8,0.003,0.021,-0.222
50.81,0.003,-0.046,-0.204
50.82,0.003,-0.146,-0.174
50.83,0.003,0.176,-0.257
50.84,0.003,0.019,-0.222
50.85,0.003,0.041,-0.229
50.86,0.003,-0.004,-0.219
50.87,0.003,-0.032,-0.211
50.88,0.003,-0.019,-0.212
50.89,0.003,0.017,-0.222
50.9,0.003,0.01,-0.221
50.91,0.003,0.006,-0.22
50.92,0.003,-0.025,-0.211
50.93,0.002,0.013,-0.221
50.94,0.002,-0.021,-0.212
50.95,0.002,0.046,-0.23
50.96,0.002,-0.03,-0.211
50.97,0.002,0.01,-0.221
50.98,0.002,0.006,-0.22
50.99,0.002,-0.025,-0.211
51.0,0.002,0.013,-0.221
51.01,0.002,0.008,-0.22
51.02,0.002,-0.142,-0.179
51.03,0.003,-0.058,-0.195
51.04,0.003,0.053,-0.223
51.05,0.003,0.091,-0.237
51.06,0.003,0.056,-0.231
51.07,0.003,0.064,-0.237
51.08,0.003,-0.019,-0.216
51.09,0.003,0.017,-0.226
51.1,0.003,-0.078,-0.2
51.11,0.003,-0.018,-0.213
51.12,0.003,0.047,-0.23
51.13,0.003,0.0,-0.219
51.14,0.002,0.0,-0.219
51.15,0.002,0.0,-0.219
51.16,0.002,-0.059,-0.203
51.17,0.002,-0.154,-0.173
51.18,0.002,0.052,-0.223
51.19,0.003,0.062,-0.229
51.2,0.003,-0.021,-0.208
51.21,0.003,0.046,-0.226
51.22,0.003,0.028,-0.223
51.23,0.003,0.047,-0.23
51.24,0.003,0.0,-0.219
51.25,0.003,0.029,-0.228
51.26,0.003,-0.041,-0.209
51.27,0.003,0.004,-0.22
51.28,0.003,-0.027,-0.211
51.29,0.002,0.013,-0.221
51.3,0.002,0.008,-0.22
51.31,0.002,-0.024,-0.212
51.32,0.002,-0.104,-0.188
51.33,0.002,0.024,-0.219
51.34,0.002,0.015,-0.218
51.35,0.003,0.187,-0.267
51.36,0.003,-0.033,-0.214
51.37,0.002,-0.02,-0.216
51.38,0.002,-0.042,-0.209
51.39,0.002,-0.025,-0.212
51.4,0.002,0.013,-0.221
51.41,0.002,0.008,-0.221
51.42,0.002,-0.024,-0.212
51.43,0.002,-0.015,-0.213
51.44,0.003,0.05,-0.231
51.45,0.003,0.001,-0.219
51.46,0.003,0.0,-0.219
51.47,0.003,0.0,-0.219
51.48,0.003,0.029,-0.228
51.49,0.003,-0.04,-0.209
51.5,0.003,0.004,-0.22
51.51,0.003,0.061,-0.236
51.52,0.003,0.008,-0.224
51.53,0.003,-0.083,-0.199
51.54,0.003,0.007,-0.221
51.55,0.003,-0.024,-0.212
51.56,0.003,0.014,-0.221
51.57,0.003,-0.02,-0.212
51.58,0.003,0.016,-0.222
51.59,0.003,0.01,-0.221
51.6,0.003,-0.112,-0.187
51.61,0.003,-0.009,-0.21
51.62,0.003,0.082,-0.236
51.63,0.003,0.021,-0.223
51.64,0.003,0.013,-0.221
51.65,0.003,-0.021,-0.212
51.66,0.003,0.105,-0.247
51.67,0.003,-0.083,-0.199
51.68,0.002,0.007,-0.221
51.69,0.002,-0.024,-0.212
51.7,0.002,-0.074,-0.197
51.71,0.002,-0.016,-0.209
51.72,0.002,0.019,-0.219
51.73,0.002,0.1,-0.242
51.74,0.002,0.032,-0.228
51.75,0.002,0.019,-0.226
51.76,0.002,-0.047,-0.208
51.77,0.002,-0.028,-0.211
51.78,0.002,-0.017,-0.213
51.79,0.002,-0.01,-0.214
51.8,0.003,0.022,-0.223
51.81,0.003,0.014,-0.221
51.82,0.003,-0.02,-0.212
51.83,0.003,-0.012,-0.214
51.84,0.003,0.051,-0.231
51.85,0.003,-0.027,-0.211
51.86,0.003,0.012,-0.221
51.87,0.003,-0.021,-0.212
51.88,0.003,0.075,-0.238
51.89,0.003,0.016,-0.226
51.9,0.003,0.039,-0.233
51.91,0.003,-0.034,-0.214
51.92,0.002,-0.021,-0.216
51.93,0.002,-0.042,-0.209
51.94,0.002,-0.085,-0.195
51.95,0.002,-0.022,-0.208
51.96,0.002,0.045,-0.226
51.97,0.003,-0.001,-0.215
51.98,0.003,-0.001,-0.215
51.99,0.003,0.0,-0.215
52.0,0.003,0.118,-0.249
52.01,0.003,0.013,-0.225
52.02,0.003,-0.021,-0.216
52.03,0.003,-0.161,-0.176
52.04,0.003,0.019,-0.219
52.05,0.003,0.1,-0.242
52.06,0.003,0.032,-0.228
52.07,0.003,-0.039,-0.21
52.08,0.003,0.005,-0.22
52.09,0.003,-0.026,-0.212
52.1,0.003,-0.016,-0.213
52.11,0.003,-0.009,-0.214
52.12,0.003,0.023,-0.223
52.13,0.003,-0.044,-0.205
52.14,0.003,0.031,-0.224
52.15,0.003,0.019,-0.222
52.16,0.003,0.041,-0.23
52.17,0.003,-0.033,-0.211
52.18,0.003,-0.02,-0.213
52.19,0.003,-0.012,-0.214
52.2,0.003,-0.007,-0.214
52.21,0.003,0.054,-0.231
52.22,0.003,0.003,-0.22
52.23,0.003,-0.027,-0.212
52.24,0.003,0.012,-0.221
52.25,0.003,0.007,-0.221
52.26,0.003,-0.024,-0.212
52.27,0.003,0.044,-0.23
52.28,0.003,-0.002,-0.219
52.29,0.003,-0.06,-0.203
52.3,0.003,0.021,-0.223
52.31,0.003,-0.016,-0.213
52.32,0.003,0.019,-0.222
52.33,0.003,0.012,-0.221
52.34,0.003,0.007,-0.221
52.35,0.003,0.004,-0.22
52.36,0.003,0.002,-0.22
52.37,0.003,-0.027,-0.212
52.38,0.003,0.012,-0.221
52.39,0.003,0.007,-0.221
52.4,0.003,0.004,-0.22
52.41,0.003,-0.026,-0.212
52.42,0.003,0.013,-0.222
52.43,0.003,0.008,-0.221
52.44,0.003,0.004,-0.22
52.45,0.003,0.062,-0.237
52.46,0.003,-0.08,-0.2
52.47,0.003,-0.078,-0.196
52.48,0.003,0.04,-0.226
52.49,0.003,-0.034,-0.207
52.5,0.003,-0.021,-0.209
52.51,0.003,0.046,-0.226
52.52,0.003,0.028,-0.224
52.53,0.003,0.017,-0.222
52.54,0.003,0.069,-0.238
52.55,0.003,-0.045,-0.209
52.56,0.003,-0.028,-0.212
52.57,0.003,-0.017,-0.213
52.58,0.002,0.018,-0.222
52.59,0.002,-0.047,-0.205
52.6,0.002,0.03,-0.224
52.61,0.002,-0.04,-0.206
52.62,0.002,0.034,-0.225
52.63,0.002,-0.008,-0.214
52.64,0.002,-0.034,-0.207
52.65,0.002,0.037,-0.225
52.66,0.002,0.023,-0.223
52.67,0.002,-0.015,-0.213
52.68,0.002,-0.009,-0.214
52.69,0.003,-0.005,-0.215
52.7,0.003,-0.003,-0.215
52.71,0.003,0.027,-0.224
52.72,0.003,-0.012,-0.214
52.73,0.003,0.021,-0.223
52.74,0.003,0.072,-0.238
52.75,0.003,-0.014,-0.217
52.76,0.003,-0.008,-0.218
52.77,0.003,-0.005,-0.219
52.78,0.003,-0.033,-0.211
52.79,0.003,0.009,-0.221
52.8,0.003,0.005,-0.22
52.81,0.003,0.003,-0.22
52.82,0.003,-0.175,-0.17
52.83,0.003,0.04,-0.222
52.84,0.003,0.083,-0.236
52.85,0.003,0.051,-0.231
52.86,0.003,0.031,-0.228
52.87,0.003,0.049,-0.235
52.88,0.003,-0.058,-0.207
52.89,0.003,-0.036,-0.21
52.9,0.002,0.037,-0.229
52.91,0.002,-0.006,-0.219
52.92,0.002,-0.093,-0.194
52.93,0.002,0.002,-0.216
52.94,0.002,-0.028,-0.208
52.95,0.002,0.012,-0.218
52.96,0.002,0.066,-0.233
52.97,0.002,0.011,-0.221
52.98,0.002,-0.022,-0.212
52.99,0.002,0.015,-0.222
53.0,0.002,0.009,-0.221
53.01,0.003,0.005,-0.22
53.02,0.003,-0.055,-0.204
53.03,0.003,-0.004,-0.215
53.04,0.003,-0.002,-0.215
53.05,0.003,0.027,-0.224
53.06,0.003,-0.012,-0.214
53.07,0.003,-0.037,-0.206
53.08,0.003,0.095,-0.242
53.09,0.003,0.0,-0.22
53.1,0.003,0.0,-0.22
53.11,0.003,0.0,-0.22
53.12,0.003,0.059,-0.236
53.13,0.003,-0.022,-0.216
53.14,0.002,-0.043,-0.209
53.15,0.002,-0.026,-0.212
53.16,0.002,-0.016,-0.213
53.17,0.002,0.019,-0.223
53.18,0.002,-0.076,-0.197
53.19,0.002,0.041,-0.226
53.2,0.002,-0.004,-0.215
53.21,0.002,-0.002,-0.215
53.22,0.002,-0.09,-0.191
53.23,0.003,0.003,-0.213
53.24,0.003,0.031,-0.221
53.25,0.003,0.049,-0.227
53.26,0.003,0.059,-0.232
53.27,0.003,0.007,-0.221
53.28,0.003,0.004,-0.22
53.29,0.003,0.002,-0.22
53.3,0.003,0.001,-0.22
53.31,0.002,0.001,-0.22
53.32,0.002,-0.028,-0.212
53.33,0.002,-0.106,-0.188
53.34,0.002,0.052,-0.228
53.35,0.002,0.121,-0.249
53.36,0.002,-0.073,-0.201
53.37,0.002,-0.163,-0.172
53.38,0.002,0.077,-0.231
53.39,0.002,0.047,-0.227
53.4,0.003,0.029,-0.224
53.41,0.003,0.047,-0.231
53.42,0.003,0.0,-0.22
53.43,0.003,-0.059,-0.203
53.44,0.003,0.022,-0.223
53.45,0.003,0.013,-0.222
53.46,0.003,0.008,-0.221
53.47,0.003,0.005,-0.22
53.48,0.003,0.121,-0.253
53.49,0.003,-0.043,-0.213
53.5,0.002,-0.234,-0.158
53.51,0.002,0.093,-0.237
53.52,0.003,-0.002,-0.215
53.53,0.003,-0.001,-0.216
53.54,0.003,0.028,-0.224
53.55,0.003,0.076,-0.239
53.56,0.003,-0.011,-0.218
53.57,0.003,0.081,-0.243
53.58,0.003,-0.068,-0.206
53.59,0.003,-0.16,-0.176
53.6,0.003,0.108,-0.244
53.61,0.003,-0.11,-0.188
53.62,0.003,0.079,-0.235
53.63,0.003,-0.01,-0.214
53.64,0.003,0.023,-0.223
53.65,0.003,0.043,-0.23
53.66,0.003,-0.002,-0.219
53.67,0.003,-0.001,-0.219
53.68,0.003,0.058,-0.236
53.69,0.003,-0.023,-0.216
53.7,0.003,-0.014,-0.218
53.71,0.002,0.02,-0.227
53.72,0.002,-0.105,-0.192
53.73,0.002,-0.035,-0.207
53.74,0.002,-0.021,-0.209
53.75,0.003,0.075,-0.235
53.76,0.003,0.016,-0.222
53.77,0.003,0.01,-0.221
53.78,0.003,-0.052,-0.204
53.79,0.003,0.026,-0.224
53.8,0.003,-0.013,-0.214
53.81,0.003,0.051,-0.231
53.82,0.003,0.001,-0.22
53.83,0.003,0.03,-0.228
53.84,0.003,-0.069,-0.202
53.85,0.003,0.016,-0.222
53.86,0.003,0.009,-0.221
53.87,0.003,0.035,-0.229
53.88,0.003,0.021,-0.227
53.89,0.003,-0.016,-0.217
53.9,0.002,-0.009,-0.218
53.91,0.002,-0.035,-0.21
53.92,0.002,0.007,-0.221
53.93,0.002,0.004,-0.22
53.94,0.002,-0.026,-0.212
53.95,0.002,0.042,-0.23
53.96,0.002,-0.092,-0.194
53.97,0.002,0.002,-0.216
53.98,0.003,0.001,-0.216
53.99,0.003,0.149,-0.257
54.0,0.003,-0.056,-0.207
54.01,0.003,-0.005,-0.219
54.02,0.003,-0.032,-0.211
54.03,0.003,-0.02,-0.213
54.04,0.003,-0.012,-0.214
54.05,0.003,0.022,-0.223
54.06,0.003,-0.045,-0.205
54.07,0.003,0.06,-0.233
54.08,0.003,0.037,-0.229
54.09,0.003,0.022,-0.227
54.1,0.003,0.014,-0.226
54.11,0.003,-0.02,-0.217
54.12,0.003,-0.042,-0.21
54.13,0.003,-0.026,-0.212
54.14,0.002,0.013,-0.222
54.15,0.002,0.008,-0.221
54.16,0.002,0.005,-0.22
54.17,0.002,-0.026,-0.212
54.18,0.002,0.013,-0.222
54.19,0.002,0.008,-0.221
54.2,0.002,0.005,-0.22
54.21,0.002,-0.026,-0.212
54.22,0.002,0.013,-0.222
54.23,0.002,-0.021,-0.213
54.24,0.002,0.016,-0.222
54.25,0.002,0.01,-0.221
54.26,0.002,-0.023,-0.212
54.27,0.002,0.015,-0.222
54.28,0.002,-0.109,-0.188
54.29,0.003,0.081,-0.236
54.3,0.003,0.02,-0.223
54.31,0.003,-0.017,-0.213
54.32,0.003,0.019,-0.223
54.33,0.003,-0.017,-0.213
54.34,0.003,0.048,-0.231
54.35,0.003,0.029,-0.228
54.36,0.003,-0.041,-0.21
54.37,0.003,0.004,-0.22
54.38,0.003,0.002,-0.22
54.39,0.003,-0.027,-0.212
54.4,0.003,-0.017,-0.213
54.41,0.003,0.019,-0.223
54.42,0.003,-0.017,-0.213
54.43,0.003,-0.01,-0.214
54.44,0.003,-0.036,-0.207
54.45,0.003,0.036,-0.225
54.46,0.003,0.022,-0.223
54.47,0.003,0.013,-0.222
54.48,0.003,0.008,-0.221
54.49,0.003,0.005,-0.22
54.5,0.003,-0.026,-0.212
54.51,0.003,0.013,-0.222
54.52,0.003,-0.021,-0.213
54.53,0.003,-0.042,-0.206
54.54,0.003,0.032,-0.225
54.55,0.003,0.049,-0.231
54.56,0.003,0.03,-0.228
54.57,0.003,-0.01,-0.218
54.58,0.003,-0.065,-0.202
54.59,0.003,0.018,-0.223
54.6,0.003,0.011,-0.221
54.61,0.002,0.007,-0.221
54.62,0.002,-0.025,-0.212
54.63,0.002,0.014,-0.222
54.64,0.002,-0.02,-0.213
54.65,0.002,0.016,-0.222
54.66,0.002,-0.019,-0.213
54.67,0.002,-0.011,-0.214
54.68,0.002,0.022,-0.223
54.69,0.002,-0.223,-0.156
54.7,0.002,0.099,-0.235
54.71,0.003,0.061,-0.229
54.72,0.003,0.067,-0.234
54.73,0.003,0.011,-0.221
54.74,0.003,0.007,-0.221
54.75,0.003,-0.025,-0.212
54.76,0.003,-0.104,-0.189
54.77,0.003,-0.004,-0.211
54.78,0.003,0.026,-0.22
54.79,0.003,0.075,-0.235
54.8,0.003,0.046,-0.231
54.81,0.003,-0.001,-0.22
54.82,0.003,-0.089,-0.195
54.83,0.002,0.033,-0.225
54.84,0.002,-0.038,-0.206
54.85,0.002,0.006,-0.217
54.86,0.002,0.033,-0.225
54.87,0.002,-0.009,-0.215
54.88,0.002,-0.035,-0.207
54.89,0.002,-0.021,-0.209
54.9,0.002,0.016,-0.218
54.91,0.002,0.01,-0.217
54.92,0.002,0.006,-0.217
54.93,0.002,0.033,-0.225
54.94,0.003,-0.009,-0.215
54.95,0.003,0.024,-0.223
54.96,0.003,-0.014,-0.214
54.97,0.003,-0.009,-0.215
54.98,0.003,0.053,-0.232
54.99,0.003,-0.026,-0.212
55.0,0.003,-0.016,-0.213
55.01,0.003,-0.009,-0.214
55.02,0.003,-0.006,-0.215
55.03,0.003,-0.003,-0.215
55.04,0.003,0.175,-0.265
55.05,0.003,-0.069,-0.205
55.06,0.002,-0.072,-0.201
55.07,0.002,0.014,-0.222
55.08,0.002,0.008,-0.221
55.09,0.002,0.005,-0.221
55.1,0.002,0.033,-0.229
55.11,0.002,-0.038,-0.21
55.12,0.002,-0.023,-0.212
55.13,0.002,0.014,-0.222
55.14,0.002,0.038,-0.229
55.15,0.002,-0.005,-0.219
55.16,0.002,-0.062,-0.203
55.17,0.002,-0.008,-0.215
55.18,0.002,0.024,-0.223
55.19,0.002,0.014,-0.222
55.2,0.002,-0.02,-0.213
55.21,0.003,0.135,-0.255
55.22,0.002,-0.005,-0.223
55.23,0.002,-0.033,-0.215
55.24,0.002,0.009,-0.225
55.25,0.002,-0.112,-0.191
55.26,0.002,-0.039,-0.206
55.27,0.002,0.123,-0.25
55.28,0.002,-0.012,-0.218
55.29,0.002,-0.037,-0.21
55.3,0.003,-0.023,-0.212
55.31,0.003,0.015,-0.222
55.32,0.003,-0.02,-0.213
55.33,0.003,-0.012,-0.214
55.34,0.003,0.022,-0.223
55.35,0.003,0.013,-0.222
55.36,0.003,0.067,-0.238
55.37,0.003,0.011,-0.225
55.38,0.003,-0.051,-0.208
55.39,0.003,-0.031,-0.211
55.4,0.003,-0.078,-0.196
55.41,0.003,0.01,-0.218
55.42,0.003,0.006,-0.217
55.43,0.003,0.033,-0.225
55.44,0.003,0.02,-0.223
55.45,0.003,0.101,-0.247
55.46,0.002,-0.026,-0.216
55.47,0.002,-0.016,-0.217
55.48,0.002,-0.069,-0.202
55.49,0.002,0.164,-0.264
55.5,0.002,-0.076,-0.204
55.51,0.002,-0.076,-0.201
55.52,0.002,-0.047,-0.205
55.53,0.002,0.0,-0.216
55.54,0.002,0.03,-0.224
55.55,0.003,0.048,-0.231
55.56,0.003,-0.029,-0.211
55.57,0.003,-0.018,-0.213
55.58,0.003,0.048,-0.231
55.59,0.003,0.029,-0.228
55.6,0.003,0.018,-0.226
55.61,0.003,0.011,-0.225
55.62,0.003,-0.052,-0.208
55.63,0.003,-0.002,-0.219
55.64,0.003,0.057,-0.236
55.65,0.003,-0.083,-0.2
55.66,0.003,-0.05,-0.204
55.67,0.003,0.027,-0.224
55.68,0.003,-0.012,-0.214
55.69,0.003,-0.037,-0.206
55.7,0.003,0.006,-0.217
55.71,0.003,0.033,-0.225
55.72,0.003,0.02,-0.223
55.73,0.003,-0.016,-0.213
55.74,0.003,-0.039,-0.206
55.75,0.003,0.005,-0.217
55.76,0.003,0.032,-0.225
55.77,0.003,0.02,-0.223
55.78,0.003,0.012,-0.222
55.79,0.003,-0.022,-0.213
55.8,0.003,0.016,-0.222
55.81,0.003,-0.019,-0.213
55.82,0.003,0.017,-0.222
55.83,0.003,0.01,-0.221
55.84,0.003,-0.023,-0.212
55.85,0.002,-0.014,-0.214
55.86,0.002,-0.008,-0.215
55.87,0.002,0.083,-0.24
55.88,0.002,-0.037,-0.21
55.89,0.002,0.006,-0.221
55.9,0.002,-0.025,-0.212
55.91,0.002,-0.074,-0.197
55.92,0.002,0.042,-0.226
55.93,0.002,0.055,-0.232
55.94,0.002,-0.024,-0.212
55.95,0.002,0.073,-0.238
55.96,0.002,-0.014,-0.218
55.97,0.002,-0.127,-0.185
55.98,0.002,0.04,-0.226
55.99,0.002,-0.034,-0.207
56.0,0.002,0.067,-0.234
56.01,0.003,0.011,-0.222
56.02,0.003,0.155,-0.262
56.03,0.002,-0.052,-0.212
56.04,0.002,-0.061,-0.207
56.05,0.002,-0.067,-0.202
56.06,0.002,0.047,-0.231
56.07,0.002,-0.03,-0.211
56.08,0.002,-0.018,-0.213
56.09,0.002,0.018,-0.222
56.1,0.003,0.011,-0.221
56.11,0.003,-0.022,-0.212
56.12,0.003,-0.043,-0.205
56.13,0.003,-0.026,-0.208
56.14,0.003,0.072,-0.234
56.15,0.003,0.044,-0.23
56.16,0.003,-0.002,-0.219
56.17,0.003,0.028,-0.228
56.18,0.003,-0.012,-0.218
56.19,0.003,-0.007,-0.219
56.2,0.003,-0.034,-0.211
56.21,0.003,-0.05,-0.205
56.22,0.002,-0.001,-0.216
56.23,0.002,0.028,-0.224
56.24,0.002,0.017,-0.222
56.25,0.002,0.01,-0.221
56.26,0.002,0.006,-0.221
56.27,0.002,-0.025,-0.212
56.28,0.002,-0.045,-0.205
56.29,0.002,-0.027,-0.208
56.3,0.002,0.012,-0.218
56.31,0.002,0.007,-0.217
56.32,0.003,0.004,-0.217
56.33,0.003,0.062,-0.233
56.34,0.003,-0.05,-0.204
56.35,0.003,0.028,-0.224
56.36,0.003,0.017,-0.222
56.37,0.003,0.01,-0.221
56.38,0.003,-0.023,-0.212
56.39,0.003,0.015,-0.222
56.4,0.003,-0.02,-0.213
56.41,0.003,-0.012,-0.214
56.42,0.003,0.022,-0.223
56.43,0.003,0.013,-0.222
56.44,0.003,-0.05,-0.204
56.45,0.003,-0.001,-0.216
56.46,0.003,0.058,-0.232
56.47,0.003,0.006,-0.221
56.48,0.003,-0.025,-0.212
56.49,0.003,-0.015,-0.214
56.5,0.003,-0.009,-0.215
56.51,0.003,-0.005,-0.215
56.52,0.003,0.025,-0.224
56.53,0.003,0.045,-0.23
56.54,0.002,-0.031,-0.211
56.55,0.002,0.04,-0.23
56.56,0.002,-0.034,-0.211
56.57,0.002,-0.05,-0.204
56.58,0.002,-0.031,-0.207
56.59,0.002,0.01,-0.217
56.6,0.002,0.036,-0.225
56.61,0.002,-0.007,-0.215
56.62,0.003,0.025,-0.223
56.63,0.003,0.015,-0.222
56.64,0.003,0.009,-0.221
56.65,0.003,0.005,-0.221
56.66,0.003,-0.026,-0.212
56.67,0.003,-0.016,-0.213
56.68,0.003,-0.009,-0.214
56.69,0.003,0.053,-0.232
56.7,0.003,0.032,-0.229
56.71,0.003,-0.039,-0.21
56.72,0.003,-0.024,-0.212
56.73,0.003,-0.014,-0.214
56.74,0.003,-0.009,-0.215
56.75,0.003,0.024,-0.223
56.76,0.003,-0.044,-0.205
56.77,0.003,0.002,-0.216
56.78,0.003,-0.028,-0.208
56.79,0.003,0.012,-0.218
56.8,0.003,0.066,-0.234
56.81,0.003,0.041,-0.23
56.82,0.003,-0.034,-0.211
56.83,0.003,-0.02,-0.213
56.84,0.003,-0.042,-0.206
56.85,0.003,0.003,-0.217
56.86,0.003,0.002,-0.216
56.87,0.003,0.03,-0.224
56.88,0.003,0.019,-0.223
56.89,0.002,0.011,-0.222
56.9,0.002,-0.022,-0.213
56.91,0.002,-0.013,-0.214
56.92,0.002,-0.038,-0.206
56.93,0.002,0.035,-0.225
56.94,0.002,0.051,-0.231
56.95,0.002,-0.027,-0.212
56.96,0.002,-0.016,-0.213
56.97,0.002,-0.01,-0.214
56.98,0.002,-0.006,-0.215
56.99,0.002,-0.033,-0.207
57.0,0.002,0.038,-0.226
57.01,0.003,-0.005,-0.215
57.02,0.003,0.025,-0.224
57.03,0.003,-0.013,-0.214
57.04,0.003,-0.037,-0.206
57.05,0.003,0.006,-0.217
57.06,0.003,-0.025,-0.208
57.07,0.003,0.013,-0.218
57.08,0.003,0.038,-0.225
57.09,0.003,0.023,-0.223
57.1,0.003,0.043,-0.23
57.11,0.003,-0.061,-0.203
57.12,0.003,-0.008,-0.215
57.13,0.003,-0.005,-0.215
57.14,0.003,-0.032,-0.207
57.15,0.003,0.009,-0.217
57.16,0.003,0.005,-0.217
57.17,0.003,0.033,-0.225
57.18,0.003,-0.009,-0.215
57.19,0.002,0.083,-0.24
57.2,0.002,-0.037,-0.21
57.21,0.002,-0.023,-0.212
57.22,0.002,-0.103,-0.189
57.23,0.002,0.055,-0.228
57.24,0.002,0.033,-0.225
57.25,0.002,-0.038,-0.206
57.26,0.002,0.006,-0.217
57.27,0.003,0.003,-0.216
57.28,0.003,0.031,-0.225
57.29,0.003,-0.01,-0.214
57.3,0.003,0.023,-0.223
57.31,0.003,-0.015,-0.214
57.32,0.003,0.049,-0.231
57.33,0.003,-0.028,-0.212
57.34,0.003,-0.017,-0.213
57.35,0.003,0.048,-0.231
57.36,0.003,-0.029,-0.211
57.37,0.003,-0.018,-0.213
57.38,0.003,-0.04,-0.206
57.39,0.003,0.034,-0.225
57.4,0.003,0.05,-0.231
57.41,0.003,-0.028,-0.212
57.42,0.003,0.012,-0.222
57.43,0.003,0.007,-0.221
57.44,0.003,-0.024,-0.212
57.45,0.003,-0.015,-0.214
57.46,0.003,-0.009,-0.215
57.47,0.003,0.023,-0.223
57.48,0.003,0.044,-0.23
57.49,0.002,-0.061,-0.203
57.5,0.002,-0.008,-0.215
57.51,0.002,0.024,-0.223
57.52,0.002,-0.044,-0.206
57.53,0.002,-0.056,-0.2
57.54,0.002,0.054,-0.228
57.55,0.002,0.003,-0.216
57.56,0.002,0.002,-0.216
57.57,0.002,0.001,-0.216
57.58,0.002,0.0,-0.216
57.59,0.002,0.0,-0.216
57.6,0.003,0.029,-0.224
57.61,0.003,-0.011,-0.214
57.62,0.003,-0.066,-0.198
57.63,0.003,0.048,-0.227
57.64,0.003,0.0,-0.216
57.65,0.003,0.059,-0.232
57.66,0.003,-0.022,-0.213
57.67,0.003,-0.014,-0.214
57.68,0.003,-0.008,-0.215
57.69,0.003,0.024,-0.223
57.7,0.003,0.014,-0.222
57.71,0.003,0.186,-0.271
57.72,0.002,-0.062,-0.21
57.73,0.002,-0.068,-0.206
57.74,0.002,-0.041,-0.21
57.75,0.002,-0.055,-0.204
57.76,0.002,-0.033,-0.207
57.77,0.002,0.067,-0.234
57.78,0.003,0.012,-0.222
57.79,0.003,0.007,-0.221
57.8,0.003,0.004,-0.22
57.81,0.003,0.002,-0.22
57.82,0.003,0.06,-0.236
57.83,0.003,0.007,-0.225
57.84,0.003,-0.054,-0.208
57.85,0.003,-0.063,-0.203
57.86,0.003,0.02,-0.223
57.87,0.003,0.012,-0.222
57.88,0.003,0.037,-0.229
57.89,0.003,-0.006,-0.219
57.9,0.003,-0.033,-0.211
57.91,0.003,-0.02,-0.213
57.92,0.003,0.016,-0.222
57.93,0.003,-0.078,-0.196
57.94,0.003,0.011,-0.218
57.95,0.003,0.036,-0.225
57.96,0.003,0.081,-0.24
57.97,0.003,-0.009,-0.218
57.98,0.003,-0.035,-0.211
57.99,0.003,-0.051,-0.204
58.0,0.003,-0.001,-0.216
58.01,0.003,-0.001,-0.216
58.02,0.003,0.0,-0.216
58.03,0.002,-0.03,-0.207
58.04,0.002,-0.077,-0.193
58.05,0.001,-0.077,-0.189
58.06,0.0,-0.106,-0.177
58.07,0.0,-0.006,-0.199
58.08,-0.001,-0.122,-0.166
58.09,-0.003,-0.163,-0.148
58.1,-0.006,-0.278,-0.108
58.11,-0.008,-0.23,-0.107
58.12,-0.01,-0.23,-0.095
58.13,-0.013,-0.289,-0.067
58.14,-0.015,-0.266,-0.059
58.15,-0.017,-0.252,-0.049
58.16,-0.02,-0.243,-0.038
58.17,-0.022,-0.268,-0.018
58.18,-0.024,-0.253,-0.008
58.19,-0.025,-0.155,-0.022
58.2,-0.026,-0.214,0.001
58.21,-0.027,-0.19,0.006
58.22,-0.028,-0.176,0.013
58.23,-0.029,-0.078,-0.004
58.24,-0.03,-0.255,0.049
58.25,-0.03,-0.186,0.044
58.26,-0.03,-0.144,0.042
58.27,-0.03,0.0,0.01
58.28,-0.029,-0.147,0.052
58.29,-0.029,-0.031,0.028
58.3,-0.029,-0.078,0.043
58.31,-0.03,0.01,0.023
58.32,-0.03,-0.17,0.074
58.33,-0.031,-0.193,0.09
58.34,-0.031,-0.118,0.08
58.35,-0.032,-0.043,0.066
58.36,-0.033,-0.263,0.131
58.37,-0.034,-0.043,0.083
58.38,-0.035,-0.115,0.107
58.39,-0.037,-0.1,0.11
58.4,-0.038,-0.15,0.13
58.41,-0.039,-0.092,0.122
58.42,-0.04,-0.175,0.151
58.43,-0.041,-0.137,0.151
58.44,-0.042,-0.143,0.161
58.45,-0.042,-0.147,0.17
58.46,-0.043,-0.208,0.196
58.47,-0.043,0.019,0.144
58.48,-0.042,-0.017,0.155
58.49,-0.042,-0.04,0.163
58.5,-0.042,-0.083,0.179
58.51,-0.042,-0.021,0.167
58.52,-0.042,0.016,0.159
58.53,-0.042,0.009,0.161
58.54,-0.042,-0.082,0.188
58.55,-0.042,0.008,0.168
58.56,-0.042,-0.024,0.178
58.57,-0.042,-0.074,0.195
58.58,-0.043,-0.075,0.2
58.59,-0.043,-0.135,0.222
58.6,-0.043,0.005,0.191
58.61,-0.043,-0.025,0.201
58.62,-0.044,-0.045,0.209
58.63,-0.044,0.031,0.192
58.64,-0.044,-0.04,0.211
58.65,-0.044,-0.024,0.21
58.66,-0.043,0.044,0.194
58.67,-0.043,0.027,0.198
58.68,-0.043,-0.012,0.209
58.69,-0.043,0.021,0.202
58.7,-0.042,0.013,0.204
58.71,-0.042,0.037,0.198
58.72,-0.042,0.023,0.202
58.73,-0.041,0.073,0.188
58.74,-0.041,0.015,0.202
58.75,-0.04,0.039,0.196
58.76,-0.04,0.083,0.183
58.77,-0.039,0.051,0.189
58.78,-0.039,0.001,0.202
58.79,-0.039,0.03,0.195
58.8,-0.038,-0.01,0.206
58.81,-0.038,0.082,0.182
58.82,-0.038,0.05,0.188
58.83,-0.038,0.001,0.201
58.84,-0.037,0.06,0.186
58.85,-0.037,0.125,0.166
58.86,-0.037,0.017,0.191
58.87,-0.037,0.011,0.193
58.88,-0.036,0.066,0.179
58.89,-0.036,0.129,0.159
58.9,-0.035,0.109,0.159
58.91,-0.035,0.126,0.15
58.92,-0.034,0.136,0.142
58.93,-0.033,0.143,0.135
58.94,-0.032,0.206,0.111
58.95,-0.031,0.067,0.14
58.96,-0.03,0.041,0.145
58.97,-0.028,0.143,0.116
58.98,-0.027,0.236,0.084
58.99,-0.025,0.174,0.09
59.0,-0.024,0.225,0.068
59.01,-0.023,0.138,0.082
59.02,-0.022,0.114,0.082
59.03,-0.021,0.1,0.082
59.04,-0.021,0.12,0.072
59.05,-0.02,0.074,0.079
59.06,-0.02,0.045,0.085
59.07,-0.02,0.087,0.071
59.08,-0.02,-0.005,0.094
59.09,-0.02,-0.033,0.103
59.1,-0.02,-0.02,0.101
59.11,-0.02,0.105,0.068
59.12,-0.02,0.035,0.083
59.13,-0.02,-0.037,0.103
59.14,-0.02,0.006,0.093
59.15,-0.019,-0.055,0.111
59.16,-0.019,0.054,0.083
59.17,-0.019,0.033,0.087
59.18,-0.019,0.168,0.049
59.19,-0.019,-0.014,0.092
59.2,-0.019,-0.157,0.134
59.21,-0.019,-0.007,0.1
59.22,-0.018,0.084,0.076
59.23,-0.018,-0.007,0.098
59.24,-0.017,0.024,0.09
59.25,-0.017,0.044,0.084
59.26,-0.017,0.057,0.079
59.27,-0.017,0.035,0.083
59.28,-0.016,0.021,0.086
59.29,-0.016,0.013,0.088
59.3,-0.016,0.008,0.089
59.31,-0.016,0.064,0.074
59.32,-0.016,0.009,0.087
59.33,-0.016,-0.053,0.105
59.34,-0.016,0.115,0.061
59.35,-0.016,-0.017,0.093
59.36,-0.016,0.048,0.076
59.37,-0.016,-0.059,0.105
59.38,-0.016,-0.006,0.094
59.39,-0.015,-0.004,0.094
59.4,-0.015,-0.002,0.094
59.41,-0.015,0.028,0.087
59.42,-0.015,-0.012,0.097
59.43,-0.014,0.051,0.081
59.44,-0.014,0.031,0.084
59.45,-0.014,0.019,0.087
59.46,-0.013,0.041,0.081
59.47,-0.013,0.025,0.084
59.48,-0.013,-0.013,0.094
59.49,-0.013,0.021,0.086
59.5,-0.013,0.042,0.079
59.51,-0.013,0.055,0.074
59.52,-0.013,0.034,0.078
59.53,-0.013,-0.008,0.089
59.54,-0.013,-0.094,0.114
59.55,-0.013,0.001,0.093
59.56,-0.012,0.119,0.06
59.57,-0.012,0.073,0.068
59.58,-0.011,0.044,0.073
59.59,-0.011,0.057,0.068
59.6,-0.01,0.005,0.08
59.61,-0.009,0.033,0.072
59.62,-0.009,0.109,0.05
59.63,-0.008,0.126,0.04
59.64,-0.007,0.136,0.031
59.65,-0.007,0.083,0.04
59.66,-0.007,-0.007,0.062
59.67,-0.007,0.084,0.037
59.68,-0.007,-0.096,0.084
59.69,-0.007,0.029,0.054
59.7,-0.006,0.077,0.039
59.71,-0.006,-0.011,0.061
59.72,-0.005,-0.007,0.061
59.73,-0.005,0.054,0.044
59.74,-0.004,0.063,0.04
59.75,-0.004,0.098,0.027
59.76,-0.003,-0.028,0.058
59.77,-0.003,0.041,0.04
59.78,-0.002,0.084,0.027
59.79,-0.002,0.022,0.04
59.8,-0.002,0.073,0.025
59.81,-0.002,-0.014,0.047
59.82,-0.002,0.02,0.038
59.83,-0.002,-0.016,0.048
59.84,-0.002,-0.039,0.056
59.85,-0.002,0.005,0.045
59.86,-0.002,0.032,0.038
59.87,-0.002,-0.009,0.048
59.88,-0.002,0.023,0.04
59.89,-0.002,-0.044,0.058
59.9,-0.002,0.031,0.04
59.91,-0.002,-0.039,0.058
59.92,-0.002,0.034,0.04
59.93,-0.002,0.051,0.034
59.94,-0.002,-0.027,0.054
59.95,-0.002,0.012,0.045
59.96,-0.001,0.007,0.046
59.97,-0.001,0.093,0.022
59.98,-0.001,0.027,0.036
59.99,-0.001,0.017,0.038
60.0,-0.001,-0.019,0.047
60.01,-0.001,-0.041,0.055
60.02,-0.001,0.004,0.045
60.03,-0.001,0.032,0.037
60.04,-0.001,-0.009,0.048
60.05,-0.001,0.023,0.039
60.06,-0.001,-0.015,0.049
60.07,-0.001,-0.009,0.049
60.08,-0.001,-0.005,0.049
60.09,-0.001,0.026,0.04
60.1,-0.001,-0.013,0.051
60.11,0.0,-0.008,0.05
60.12,0.0,0.024,0.042
60.13,0.0,0.074,0.027
60.14,0.0,0.075,0.023
60.15,0.0,-0.042,0.053
60.16,0.0,0.033,0.034
60.17,0.0,-0.009,0.045
60.18,0.0,-0.064,0.061
60.19,0.0,-0.01,0.05
60.2,0.0,-0.006,0.049
60.21,0.0,-0.003,0.049
60.22,0.0,0.027,0.041
60.23,0.0,0.046,0.035
60.24,0.0,-0.001,0.046
60.25,0.0,0.0,0.046
60.26,0.0,0.0,0.047
60.27,0.0,0.058,0.03
60.28,0.0,-0.023,0.051
60.29,0.0,0.015,0.042
60.3,0.0,0.068,0.026
60.31,0.0,-0.076,0.064
60.32,0.0,0.042,0.035
60.33,0.0,-0.211,0.104
60.34,0.001,0.077,0.034
60.35,0.001,0.106,0.022
60.36,0.001,-0.023,0.054
60.37,0.001,0.015,0.044
60.38,0.001,0.009,0.046
60.39,0.001,0.094,0.022
60.4,0.001,-0.001,0.044
60.41,0.001,0.0,0.044
60.42,0.001,-0.03,0.053
60.43,0.001,0.011,0.043
60.44,0.001,0.006,0.044
60.45,0.001,0.004,0.045
60.46,0.001,0.032,0.037
60.47,0.001,0.019,0.039
60.48,0.002,0.012,0.041
60.49,0.002,0.007,0.042
60.5,0.002,-0.025,0.051
60.51,0.002,-0.015,0.05
60.52,0.002,-0.009,0.049
60.53,0.002,0.023,0.041
60.54,0.002,-0.014,0.051
60.55,0.002,-0.038,0.058
60.56,0.002,0.094,0.023
60.57,0.003,0.028,0.037
60.58,0.003,-0.041,0.056
60.59,0.003,0.003,0.045
60.6,0.003,0.032,0.038
60.61,0.003,0.049,0.032
60.62,0.003,0.0,0.043
60.63,0.003,0.089,0.018
60.64,0.003,-0.034,0.049
60.65,0.003,-0.02,0.047
60.66,0.003,-0.042,0.054
60.67,0.003,0.003,0.044
60.68,0.003,-0.027,0.053
60.69,0.003,0.042,0.035
60.7,0.003,0.026,0.038
60.71,0.003,0.045,0.031
60.72,0.003,-0.001,0.042
60.73,0.003,0.028,0.034
60.74,0.004,-0.012,0.045
60.75,0.004,-0.066,0.061
60.76,0.004,0.047,0.032
60.77,0.004,0.029,0.035
60.78,0.004,0.018,0.037
60.79,0.004,0.07,0.022
60.8,0.004,-0.045,0.051
60.81,0.004,0.001,0.041
60.82,0.004,-0.058,0.058
60.83,0.004,-0.035,0.055
60.84,0.004,0.066,0.028
60.85,0.005,0.011,0.04
60.86,0.005,0.036,0.033
60.87,0.005,-0.007,0.044
60.88,0.005,-0.004,0.044
60.89,0.005,-0.032,0.052
60.9,0.005,0.009,0.042
60.91,0.005,0.006,0.043
60.92,0.005,0.003,0.043
60.93,0.005,0.002,0.044
60.94,0.005,0.031,0.036
60.95,0.005,-0.01,0.046
60.96,0.005,-0.006,0.046
60.97,0.005,-0.003,0.046
60.98,0.005,-0.002,0.046
60.99,0.005,0.028,0.038
61.0,0.005,0.046,0.031
61.01,0.005,0.028,0.034
61.02,0.005,-0.011,0.044
61.03,0.005,-0.036,0.052
61.04,0.005,0.006,0.042
61.05,0.005,-0.025,0.051
61.06,0.005,0.043,0.033
61.07,0.005,-0.032,0.053
61.08,0.005,0.009,0.043
61.09,0.006,0.035,0.035
61.1,0.006,0.021,0.038
61.11,0.006,0.013,0.039
61.12,0.006,0.008,0.04
61.13,0.006,0.005,0.041
61.14,0.006,0.003,0.041
61.15,0.006,-0.027,0.05
61.16,0.006,0.042,0.032
61.17,0.006,0.173,-0.006
61.18,0.006,-0.041,0.045
61.19,0.006,-0.084,0.06
61.2,0.006,0.007,0.038
61.21,0.006,-0.025,0.047
61.22,0.006,0.014,0.038
61.23,0.006,0.008,0.039
61.24,0.006,0.034,0.031
61.25,0.007,-0.037,0.05
61.26,0.007,-0.023,0.048
61.27,0.007,0.104,0.014
61.28,0.007,-0.054,0.053
61.29,0.007,0.025,0.034
61.3,0.007,0.015,0.036
61.31,0.007,-0.049,0.053
61.32,0.007,-0.03,0.051
61.33,0.007,0.01,0.041
61.34,0.008,0.036,0.033
61.35,0.008,0.051,0.027
61.36,0.008,0.002,0.039
61.37,0.008,-0.087,0.064
61.38,0.008,0.035,0.034
61.39,0.008,0.021,0.037
61.4,0.007,0.042,0.03
61.41,0.007,-0.032,0.049
61.42,0.007,-0.02,0.047
61.43,0.007,-0.042,0.055
61.44,0.007,0.003,0.044
61.45,0.008,0.091,0.02
61.46,0.008,-0.032,0.05
61.47,0.008,0.009,0.04
61.48,0.008,0.005,0.041
61.49,0.008,0.033,0.033
61.5,0.008,-0.009,0.044
61.51,0.008,-0.035,0.051
61.52,0.008,0.126,0.008
61.53,0.008,-0.07,0.057
61.54,0.008,0.015,0.037
61.55,0.008,-0.049,0.054
61.56,0.008,-0.03,0.052
61.57,0.008,0.159,0.001
61.58,0.008,-0.05,0.051
61.59,0.008,-0.001,0.04
61.6,0.008,-0.03,0.049
61.61,0.008,0.01,0.039
61.62,0.008,0.006,0.04
61.63,0.008,0.004,0.04
61.64,0.008,-0.027,0.049
61.65,0.008,-0.016,0.048
61.66,0.009,-0.01,0.047
61.67,0.009,0.052,0.03
61.68,0.009,0.062,0.025
61.69,0.009,-0.021,0.045
61.7,0.009,0.016,0.036
61.71,0.009,0.069,0.021
61.72,0.009,-0.075,0.058
61.73,0.009,0.042,0.029
61.74,0.009,-0.003,0.04
61.75,0.009,-0.002,0.04
61.76,0.009,-0.03,0.048
61.77,0.009,-0.019,0.046
61.78,0.009,-0.041,0.054
61.79,0.009,-0.025,0.052
61.8,0.009,0.102,0.017
61.81,0.009,-0.025,0.048
61.82,0.009,0.013,0.039
61.83,0.009,0.008,0.04
61.84,0.009,0.034,0.032
61.85,0.009,-0.008,0.042
61.86,0.009,-0.034,0.05
61.87,0.009,-0.05,0.057
61.88,0.009,0.057,0.029
61.89,0.01,-0.083,0.066
61.9,0.01,0.037,0.036
61.91,0.01,-0.006,0.047
61.92,0.01,0.084,0.022
61.93,0.01,-0.036,0.052
61.94,0.01,0.066,0.025
61.95,0.01,-0.048,0.054
61.96,0.01,0.029,0.035
61.97,0.01,0.018,0.037
61.98,0.01,0.04,0.03
61.99,0.01,-0.063,0.057
62.0,0.01,-0.009,0.045
62.01,0.01,0.023,0.037
62.02,0.01,-0.015,0.046
62.03,0.01,-0.038,0.054
62.04,0.01,0.005,0.044
62.05,0.01,0.033,0.036
62.06,0.01,-0.009,0.046
62.07,0.01,0.023,0.038
62.08,0.011,0.014,0.039
62.09,0.011,0.068,0.024
62.1,0.011,-0.076,0.061
62.11,0.011,0.041,0.032
62.12,0.011,0.025,0.034
62.13,0.011,-0.013,0.044
62.14,0.011,0.021,0.035
62.15,0.011,-0.194,0.094
62.16,0.011,0.117,0.017
62.17,0.011,0.042,0.032
62.18,0.011,0.055,0.027
62.19,0.011,0.004,0.038
62.2,0.01,-0.026,0.047
62.21,0.01,0.013,0.037
62.22,0.01,-0.021,0.047
62.23,0.01,-0.102,0.07
62.24,0.01,-0.003,0.048
62.25,0.01,0.027,0.04
62.26,0.011,0.046,0.033
62.27,0.011,0.028,0.036
62.28,0.011,0.017,0.038
62.29,0.011,0.01,0.039
62.3,0.011,-0.023,0.048
62.31,0.011,0.015,0.039
62.32,0.011,0.009,0.04
62.33,0.011,-0.023,0.049
62.34,0.011,-0.103,0.072
62.35,0.012,0.114,0.017
62.36,0.012,-0.018,0.048
62.37,0.012,0.047,0.031
62.38,0.012,0.029,0.034
62.39,0.012,0.017,0.035
62.4,0.012,0.011,0.037
62.41,0.011,0.006,0.037
62.42,0.011,-0.025,0.046
62.43,0.011,-0.015,0.045
62.44,0.011,-0.039,0.052
62.45,0.011,0.005,0.042
62.46,0.011,0.003,0.043
62.47,0.011,0.002,0.043
62.48,0.011,-0.028,0.051
62.49,0.011,-0.017,0.05
62.5,0.012,0.018,0.041
62.51,0.012,0.041,0.034
62.52,0.012,-0.152,0.086
62.53,0.012,0.113,0.019
62.54,0.012,0.04,0.034
62.55,0.013,0.024,0.037
62.56,0.013,0.015,0.038
62.57,0.013,-0.02,0.048
62.58,0.013,0.017,0.038
62.59,0.012,0.04,0.031
62.6,0.012,0.083,0.017
62.61,0.012,-0.066,0.055
62.62,0.012,0.047,0.026
62.63,0.011,-0.029,0.046
62.64,0.011,-0.047,0.053
62.65,0.011,-0.118,0.075
62.66,0.011,0.016,0.043
62.67,0.011,0.039,0.036
62.68,0.012,0.053,0.03
62.69,0.012,0.003,0.042
62.7,0.012,0.002,0.042
62.71,0.012,-0.028,0.051
62.72,0.012,0.041,0.032
62.73,0.013,0.025,0.035
62.74,0.013,0.015,0.037
62.75,0.013,0.039,0.029
62.76,0.013,0.024,0.032
62.77,0.013,-0.014,0.042
62.78,0.013,0.05,0.024
62.79,0.013,0.001,0.036
62.8,0.013,-0.058,0.052
62.81,0.013,0.023,0.032
62.82,0.013,0.043,0.026
62.83,0.012,0.056,0.02
62.84,0.012,-0.054,0.048
62.85,0.012,-0.003,0.037
62.86,0.012,-0.091,0.062
62.87,0.012,-0.026,0.048
62.88,0.012,0.013,0.039
62.89,0.012,0.008,0.04
62.9,0.013,0.034,0.032
62.91,0.013,-0.037,0.051
62.92,0.013,0.006,0.04
62.93,0.013,-0.025,0.049
62.94,0.013,0.073,0.023
62.95,0.013,-0.014,0.044
62.96,0.013,-0.008,0.043
62.97,0.013,0.024,0.034
62.98,0.013,-0.014,0.044
62.99,0.013,0.079,0.018
63.0,0.013,0.019,0.031
63.01,0.013,0.011,0.033
63.02,0.013,-0.051,0.05
63.03,0.013,-0.031,0.047
63.04,0.013,-0.019,0.045
63.05,0.013,-0.012,0.044
63.06,0.013,-0.007,0.044
63.07,0.013,-0.004,0.043
63.08,0.013,0.026,0.035
63.09,0.013,-0.013,0.045
