Tiempo_s,Posicion_rad,Velocidad_rad_s,Control_u
0.0,0.002,0.016,-0.268
0.01,0.002,-0.019,-0.258
0.02,0.002,-0.011,-0.259
0.03,0.002,0.022,-0.268
0.04,0.002,0.013,-0.267
0.05,0.002,-0.021,-0.258
0.06,0.002,-0.013,-0.259
0.07,0.002,-0.007,-0.26
0.08,0.002,-0.004,-0.26
0.09,0.002,-0.003,-0.261
0.1,0.002,0.027,-0.269
0.11,0.002,-0.012,-0.259
0.12,0.002,-0.007,-0.26
0.13,0.002,-0.004,-0.261
0.14,0.002,-0.002,-0.261
0.15,0.002,-0.001,-0.261
0.16,0.002,0.028,-0.269
0.17,0.002,-0.012,-0.259
0.18,0.002,-0.007,-0.26
0.19,0.002,0.025,-0.269
0.2,0.002,0.015,-0.267
0.21,0.002,-0.02,-0.258
0.22,0.002,0.017,-0.268
0.23,0.002,-0.019,-0.258
0.24,0.001,-0.041,-0.251
0.25,0.001,-0.025,-0.254
0.26,0.001,0.102,-0.288
0.27,0.001,0.003,-0.266
0.28,0.001,-0.056,-0.249
0.29,0.001,0.053,-0.277
0.3,0.001,-0.026,-0.257
0.31,0.001,0.043,-0.275
0.32,0.001,-0.003,-0.265
0.33,0.001,0.027,-0.273
0.34,0.001,-0.071,-0.247
0.35,0.001,-0.014,-0.259
0.36,0.002,0.02,-0.268
0.37,0.002,-0.076,-0.242
0.38,0.002,0.042,-0.271
0.39,0.002,-0.003,-0.261
0.4,0.002,-0.002,-0.261
0.41,0.002,0.057,-0.278
0.42,0.002,0.035,-0.274
0.43,0.002,-0.007,-0.264
0.44,0.002,-0.004,-0.264
0.45,0.002,-0.002,-0.265
0.46,0.002,0.087,-0.29
0.47,0.002,-0.065,-0.251
0.48,0.002,-0.069,-0.247
0.49,0.002,0.016,-0.268
0.5,0.002,-0.019,-0.258
0.51,0.002,-0.011,-0.259
0.52,0.002,0.022,-0.268
0.53,0.002,0.043,-0.275
0.54,0.002,-0.003,-0.265
0.55,0.002,-0.001,-0.265
0.56,0.002,-0.03,-0.257
0.57,0.002,-0.018,-0.258
0.58,0.002,-0.011,-0.259
0.59,0.002,0.022,-0.268
0.6,0.002,-0.015,-0.259
0.61,0.002,-0.009,-0.26
0.62,0.002,-0.005,-0.26
0.63,0.002,0.025,-0.269
0.64,0.002,0.015,-0.267
0.65,0.002,0.009,-0.267
0.66,0.002,0.006,-0.266
0.67,0.002,0.003,-0.266
0.68,0.002,-0.027,-0.257
0.69,0.002,0.012,-0.267
0.7,0.002,0.007,-0.266
0.71,0.002,0.004,-0.266
0.72,0.002,-0.026,-0.257
0.73,0.002,-0.016,-0.259
0.74,0.002,0.019,-0.268
0.75,0.002,0.041,-0.275
0.76,0.002,-0.004,-0.264
0.77,0.002,-0.002,-0.265
0.78,0.002,-0.031,-0.257
0.79,0.002,0.01,-0.267
0.8,0.002,0.006,-0.266
0.81,0.002,0.003,-0.266
0.82,0.002,0.061,-0.282
0.83,0.001,-0.05,-0.254
0.84,0.001,-0.031,-0.257
0.85,0.001,0.01,-0.267
0.86,0.002,0.035,-0.274
0.87,0.002,-0.007,-0.264
0.88,0.002,-0.034,-0.256
0.89,0.002,-0.021,-0.258
0.9,0.002,-0.012,-0.259
0.91,0.002,0.021,-0.268
0.92,0.002,-0.016,-0.259
0.93,0.002,0.078,-0.285
0.94,0.002,-0.01,-0.263
0.95,0.002,0.052,-0.281
0.96,0.002,-0.026,-0.261
0.97,0.002,-0.016,-0.263
0.98,0.002,-0.01,-0.264
0.99,0.002,-0.006,-0.264
1.0,0.002,0.025,-0.273
1.01,0.002,0.015,-0.271
1.02,0.001,-0.019,-0.262
1.03,0.001,-0.012,-0.263
1.04,0.001,-0.037,-0.256
1.05,0.001,-0.022,-0.258
1.06,0.001,-0.013,-0.259
1.07,0.002,-0.038,-0.252
1.08,0.002,0.006,-0.262
1.09,0.002,0.003,-0.262
1.1,0.002,0.002,-0.262
1.11,0.002,0.06,-0.278
1.12,0.002,0.037,-0.275
1.13,0.002,0.022,-0.272
1.14,0.002,-0.045,-0.255
1.15,0.002,0.001,-0.265
1.16,0.002,-0.028,-0.257
1.17,0.002,-0.047,-0.25
1.18,0.002,0.03,-0.27
1.19,0.002,0.018,-0.268
1.2,0.002,-0.018,-0.259
1.21,0.001,0.048,-0.276
1.22,0.001,-0.029,-0.257
1.23,0.001,-0.047,-0.25
1.24,0.001,-0.029,-0.253
1.25,0.001,-0.018,-0.255
1.26,0.002,0.018,-0.264
1.27,0.002,0.011,-0.263
1.28,0.002,0.006,-0.262
1.29,0.002,0.004,-0.262
1.3,0.002,0.032,-0.27
1.31,0.002,0.019,-0.268
1.32,0.002,0.012,-0.267
1.33,0.002,-0.022,-0.258
1.34,0.002,0.016,-0.267
1.35,0.002,-0.019,-0.258
1.36,0.002,-0.012,-0.259
1.37,0.002,-0.007,-0.26
1.38,0.002,-0.034,-0.252
1.39,0.002,0.008,-0.263
1.4,0.002,0.034,-0.27
1.41,0.002,0.021,-0.268
1.42,0.002,-0.016,-0.259
1.43,0.002,0.049,-0.276
1.44,0.002,0.0,-0.265
1.45,0.002,0.0,-0.265
1.46,0.001,-0.029,-0.257
1.47,0.001,-0.047,-0.25
1.48,0.001,-0.029,-0.253
1.49,0.001,0.011,-0.263
1.5,0.001,-0.022,-0.254
1.51,0.002,0.015,-0.264
1.52,0.002,0.009,-0.263
1.53,0.002,0.005,-0.262
1.54,0.002,0.033,-0.27
1.55,0.002,-0.068,-0.243
1.56,0.002,0.046,-0.272
1.57,0.002,0.0,-0.261
1.58,0.002,0.058,-0.278
1.59,0.002,-0.023,-0.258
1.6,0.002,-0.043,-0.251
1.61,0.002,0.061,-0.278
1.62,0.002,-0.021,-0.258
1.63,0.002,-0.013,-0.259
1.64,0.002,-0.007,-0.26
1.65,0.002,0.054,-0.277
1.66,0.002,0.003,-0.266
1.67,0.002,-0.027,-0.257
1.68,0.002,0.012,-0.267
1.69,0.002,-0.021,-0.258
1.7,0.002,0.016,-0.267
1.71,0.002,0.039,-0.275
1.72,0.002,-0.005,-0.264
1.73,0.002,-0.032,-0.256
1.74,0.002,-0.02,-0.258
1.75,0.002,-0.012,-0.259
1.76,0.002,0.022,-0.268
1.77,0.002,-0.016,-0.259
1.78,0.002,-0.009,-0.26
1.79,0.002,0.112,-0.293
1.8,0.002,-0.049,-0.254
1.81,0.001,-0.03,-0.257
1.82,0.001,-0.048,-0.25
1.83,0.001,-0.029,-0.253
1.84,0.001,0.041,-0.271
1.85,0.002,0.025,-0.269
1.86,0.002,0.015,-0.267
1.87,0.002,-0.02,-0.258
1.88,0.002,0.017,-0.268
1.89,0.002,-0.019,-0.258
1.9,0.002,0.017,-0.268
1.91,0.002,0.011,-0.267
1.92,0.002,-0.022,-0.258
1.93,0.002,0.015,-0.267
1.94,0.002,0.009,-0.266
1.95,0.002,0.005,-0.266
1.96,0.002,-0.026,-0.257
1.97,0.002,-0.015,-0.259
1.98,0.002,-0.009,-0.26
1.99,0.002,0.023,-0.269
2.0,0.002,-0.015,-0.259
2.01,0.002,0.02,-0.268
2.02,0.002,0.012,-0.267
2.03,0.001,-0.021,-0.258
2.04,0.001,0.045,-0.276
2.05,0.001,-0.031,-0.257
2.06,0.001,-0.019,-0.258
2.07,0.001,-0.011,-0.259
2.08,0.001,0.022,-0.268
2.09,0.001,0.013,-0.267
2.1,0.001,-0.021,-0.258
2.11,0.001,-0.012,-0.259
2.12,0.001,-0.037,-0.252
2.13,0.002,-0.023,-0.254
2.14,0.001,-0.103,-0.23
2.15,0.0,-0.092,-0.228
2.16,-0.001,-0.057,-0.233
2.17,-0.003,-0.123,-0.212
2.18,-0.006,-0.224,-0.177
2.19,-0.009,-0.285,-0.148
2.2,-0.011,-0.264,-0.14
2.21,-0.014,-0.251,-0.13
2.22,-0.016,-0.213,-0.128
2.23,-0.017,-0.19,-0.123
2.24,-0.018,-0.087,-0.142
2.25,-0.019,-0.201,-0.105
2.26,-0.019,-0.094,-0.124
2.27,-0.019,-0.087,-0.121
2.28,-0.019,-0.083,-0.117
2.29,-0.019,0.008,-0.138
2.3,-0.018,0.064,-0.154
2.31,-0.018,-0.049,-0.125
2.32,-0.018,0.028,-0.144
2.33,-0.018,-0.071,-0.117
2.34,-0.018,0.015,-0.137
2.35,-0.019,-0.02,-0.127
2.36,-0.02,-0.041,-0.12
2.37,-0.021,-0.144,-0.088
2.38,-0.022,-0.206,-0.063
2.39,-0.024,-0.067,-0.091
2.4,-0.026,-0.278,-0.028
2.41,-0.028,-0.2,-0.035
2.42,-0.03,-0.271,-0.005
2.43,-0.033,-0.255,0.004
2.44,-0.035,-0.216,0.007
2.45,-0.036,-0.162,0.004
2.46,-0.038,-0.129,0.003
2.47,-0.039,-0.049,-0.01
2.48,-0.039,-0.089,0.003
2.49,-0.038,0.092,-0.042
2.5,-0.037,0.116,-0.052
2.51,-0.035,0.101,-0.053
2.52,-0.033,0.18,-0.079
2.53,-0.03,0.14,-0.076
2.54,-0.027,0.204,-0.1
2.55,-0.025,0.244,-0.121
2.56,-0.022,0.209,-0.123
2.57,-0.02,0.246,-0.143
2.58,-0.018,0.24,-0.153
2.59,-0.017,0.147,-0.139
2.6,-0.017,0.238,-0.171
2.61,-0.017,0.057,-0.132
2.62,-0.017,0.005,-0.12
2.63,-0.018,0.033,-0.128
2.64,-0.018,-0.068,-0.1
2.65,-0.019,-0.101,-0.087
2.66,-0.02,-0.062,-0.093
2.67,-0.021,-0.067,-0.087
2.68,-0.021,-0.13,-0.066
2.69,-0.021,-0.02,-0.089
2.7,-0.021,0.016,-0.098
2.71,-0.021,-0.019,-0.089
2.72,-0.02,0.047,-0.106
2.73,-0.02,0.029,-0.102
2.74,-0.02,0.017,-0.1
2.75,-0.019,0.04,-0.107
2.76,-0.019,-0.093,-0.071
2.77,-0.019,-0.116,-0.059
2.78,-0.02,-0.219,-0.024
2.79,-0.021,-0.194,-0.019
2.8,-0.022,-0.03,-0.055
2.81,-0.024,-0.048,-0.048
2.82,-0.026,-0.088,-0.033
2.83,-0.029,-0.261,0.02
2.84,-0.031,-0.308,0.047
2.85,-0.033,-0.219,0.038
2.86,-0.035,-0.253,0.059
2.87,-0.036,-0.096,0.029
2.88,-0.037,-0.059,0.024
2.89,-0.038,-0.273,0.088
2.9,-0.038,0.069,0.007
2.91,-0.037,0.072,0.004
2.92,-0.036,0.073,0.001
2.93,-0.036,0.074,-0.001
2.94,-0.034,0.046,0.003
2.95,-0.033,0.117,-0.017
2.96,-0.032,0.101,-0.018
2.97,-0.03,0.151,-0.036
2.98,-0.029,0.211,-0.06
2.99,-0.027,0.129,-0.047
3.0,-0.026,0.109,-0.047
3.01,-0.025,0.096,-0.048
3.02,-0.025,0.118,-0.059
3.03,-0.024,0.28,-0.109
3.04,-0.022,0.053,-0.059
3.05,-0.021,0.151,-0.088
3.06,-0.02,0.181,-0.104
3.07,-0.019,0.141,-0.101
3.08,-0.017,-0.061,-0.051
3.09,-0.016,0.08,-0.087
3.1,-0.015,0.079,-0.09
3.11,-0.014,0.078,-0.094
3.12,-0.014,0.048,-0.089
3.13,-0.015,-0.029,-0.069
3.14,-0.015,0.011,-0.078
3.15,-0.017,-0.052,-0.061
3.16,-0.018,-0.061,-0.055
3.17,-0.02,-0.126,-0.033
3.18,-0.021,-0.137,-0.023
3.19,-0.022,-0.084,-0.03
3.2,-0.023,-0.081,-0.026
3.21,-0.024,-0.049,-0.03
3.22,-0.024,-0.06,-0.024
3.23,-0.024,-0.066,-0.019
3.24,-0.024,0.047,-0.047
3.25,-0.023,0.059,-0.052
3.26,-0.022,-0.022,-0.031
3.27,-0.021,0.133,-0.073
3.28,-0.02,0.082,-0.065
3.29,-0.019,0.109,-0.076
3.3,-0.018,0.215,-0.111
3.31,-0.016,0.102,-0.09
3.32,-0.015,0.122,-0.1
3.33,-0.014,0.104,-0.101
3.34,-0.013,0.093,-0.102
3.35,-0.012,0.176,-0.13
3.36,-0.012,0.048,-0.103
3.37,-0.011,0.059,-0.108
3.38,-0.011,0.155,-0.137
3.39,-0.01,0.065,-0.119
3.4,-0.01,0.01,-0.107
3.41,-0.009,0.036,-0.114
3.42,-0.008,0.081,-0.129
3.43,-0.008,0.079,-0.132
3.44,-0.007,0.108,-0.144
3.45,-0.007,0.036,-0.129
3.46,-0.006,0.081,-0.143
3.47,-0.005,0.109,-0.155
3.48,-0.004,0.037,-0.14
3.49,-0.003,0.111,-0.162
3.5,-0.002,0.157,-0.18
3.51,-0.001,0.096,-0.171
3.52,0.0,0.148,-0.19
3.53,0.001,0.12,-0.19
3.54,0.002,0.103,-0.191
3.55,0.003,0.152,-0.21
3.56,0.005,0.152,-0.218
3.57,0.006,0.153,-0.225
3.58,0.007,0.123,-0.225
3.59,0.009,0.164,-0.243
3.6,0.01,0.071,-0.225
3.61,0.011,0.132,-0.246
3.62,0.012,0.081,-0.238
3.63,0.013,0.109,-0.25
3.64,0.014,0.155,-0.269
3.65,0.014,0.154,-0.277
3.66,0.015,0.006,-0.243
3.67,0.016,0.092,-0.268
3.68,0.017,0.086,-0.271
3.69,0.017,0.053,-0.267
3.7,0.018,0.121,-0.289
3.71,0.018,0.074,-0.282
3.72,0.019,-0.043,-0.253
3.73,0.019,0.032,-0.272
3.74,0.019,0.049,-0.279
3.75,0.019,0.03,-0.277
3.76,0.018,-0.04,-0.259
3.77,0.018,0.034,-0.278
3.78,0.018,-0.008,-0.268
3.79,0.018,0.024,-0.277
3.8,0.018,-0.044,-0.259
3.81,0.017,-0.027,-0.262
3.82,0.017,-0.016,-0.264
3.83,0.017,0.019,-0.274
3.84,0.017,-0.017,-0.264
3.85,0.018,0.048,-0.282
3.86,0.019,0.118,-0.305
3.87,0.019,0.013,-0.282
3.88,0.02,0.037,-0.289
3.89,0.022,0.052,-0.296
3.9,0.023,0.091,-0.31
3.91,0.024,0.115,-0.322
3.92,0.025,0.13,-0.332
3.93,0.026,0.05,-0.316
3.94,0.026,0.09,-0.331
3.95,0.026,0.055,-0.326
3.96,0.026,0.063,-0.331
3.97,0.026,0.009,-0.32
3.98,0.025,-0.023,-0.312
3.99,0.024,-0.073,-0.297
4.0,0.023,-0.074,-0.293
4.01,0.021,-0.134,-0.273
4.02,0.02,-0.142,-0.265
4.03,0.018,-0.116,-0.265
4.04,0.017,-0.16,-0.247
4.05,0.015,-0.217,-0.224
4.06,0.014,-0.103,-0.245
4.07,0.013,-0.122,-0.234
4.08,0.012,-0.134,-0.225
4.09,0.012,-0.053,-0.242
4.1,0.012,-0.032,-0.245
4.11,0.012,0.009,-0.255
4.12,0.013,0.005,-0.255
4.13,0.013,0.003,-0.255
4.14,0.014,0.091,-0.28
4.15,0.014,0.055,-0.274
4.16,0.015,0.004,-0.263
4.17,0.016,0.032,-0.271
4.18,0.016,0.079,-0.286
4.19,0.017,-0.01,-0.266
4.2,0.017,0.052,-0.283
4.21,0.017,0.061,-0.289
4.22,0.018,0.067,-0.294
4.23,0.018,0.071,-0.298
4.24,0.017,-0.015,-0.278
4.25,0.017,0.02,-0.287
4.26,0.017,-0.046,-0.27
4.27,0.016,-0.028,-0.273
4.28,0.016,-0.076,-0.258
4.29,0.016,0.012,-0.28
4.3,0.016,-0.051,-0.263
4.31,0.016,0.056,-0.291
4.32,0.015,-0.053,-0.263
4.33,0.015,-0.003,-0.274
4.34,0.015,-0.031,-0.267
4.35,0.015,-0.049,-0.26
4.36,0.015,0.029,-0.28
4.37,0.015,0.017,-0.279
4.38,0.015,0.01,-0.278
4.39,0.015,0.006,-0.278
4.4,0.015,-0.055,-0.261
4.41,0.015,-0.033,-0.264
4.42,0.015,0.008,-0.275
4.43,0.015,-0.024,-0.266
4.44,0.014,-0.014,-0.268
4.45,0.014,0.02,-0.277
4.46,0.014,-0.046,-0.26
4.47,0.013,-0.058,-0.254
4.48,0.013,-0.006,-0.266
4.49,0.012,-0.033,-0.259
4.5,0.012,-0.05,-0.252
4.51,0.012,-0.06,-0.247
4.52,0.011,-0.037,-0.251
4.53,0.011,-0.022,-0.253
4.54,0.01,-0.102,-0.23
4.55,0.01,-0.003,-0.253
4.56,0.01,-0.032,-0.245
4.57,0.01,0.098,-0.28
4.58,0.01,0.119,-0.291
4.59,0.01,-0.015,-0.259
4.6,0.01,-0.038,-0.252
4.61,0.012,0.094,-0.288
4.62,0.014,0.087,-0.291
4.63,0.016,0.113,-0.302
4.64,0.02,0.217,-0.338
4.65,0.023,0.281,-0.367
4.66,0.026,0.291,-0.384
4.67,0.029,0.267,-0.392
4.68,0.031,0.253,-0.402
4.69,0.033,0.333,-0.438
4.7,0.033,0.145,-0.403
4.71,0.034,0.059,-0.387
4.72,0.033,0.066,-0.392
4.73,0.033,0.011,-0.381
4.74,0.032,-0.052,-0.364
4.75,0.032,-0.032,-0.368
4.76,0.031,-0.138,-0.337
4.77,0.031,0.003,-0.371
4.78,0.031,-0.027,-0.363
4.79,0.031,0.012,-0.373
4.8,0.031,0.037,-0.381
4.81,0.031,-0.006,-0.371
4.82,0.032,0.055,-0.389
4.83,0.032,0.063,-0.395
4.84,0.033,0.009,-0.383
4.85,0.034,0.064,-0.4
4.86,0.035,0.099,-0.414
4.87,0.035,0.09,-0.417
4.88,0.036,0.055,-0.412
4.89,0.037,0.034,-0.41
4.9,0.037,0.139,-0.442
4.91,0.037,0.026,-0.418
4.92,0.037,0.016,-0.417
4.93,0.037,0.009,-0.417
4.94,0.037,-0.023,-0.409
4.95,0.037,0.015,-0.419
4.96,0.038,0.038,-0.427
4.97,0.039,0.023,-0.426
4.98,0.04,0.044,-0.433
4.99,0.041,0.027,-0.431
5.0,0.043,0.164,-0.472
5.01,0.044,0.13,-0.472
5.02,0.045,0.139,-0.481
5.03,0.047,0.115,-0.483
5.04,0.048,0.13,-0.493
5.05,0.048,0.139,-0.503
5.06,0.049,0.055,-0.488
5.07,0.049,0.063,-0.494
5.08,0.049,0.068,-0.499
5.09,0.049,0.012,-0.488
5.1,0.049,0.007,-0.488
5.11,0.049,-0.024,-0.481
5.12,0.049,-0.015,-0.483
5.13,0.049,0.02,-0.493
5.14,0.049,-0.017,-0.485
5.15,0.049,-0.01,-0.487
5.16,0.049,-0.006,-0.488
5.17,0.049,0.055,-0.506
5.18,0.05,0.004,-0.496
5.19,0.05,0.091,-0.521
5.2,0.05,-0.003,-0.5
5.21,0.05,-0.001,-0.501
5.22,0.05,0.028,-0.511
5.23,0.05,0.017,-0.51
5.24,0.05,0.04,-0.518
5.25,0.05,-0.034,-0.5
5.26,0.049,-0.05,-0.495
5.27,0.049,-0.09,-0.482
5.28,0.048,-0.055,-0.489
5.29,0.048,-0.093,-0.476
5.3,0.048,0.031,-0.507
5.31,0.047,-0.039,-0.49
5.32,0.047,0.005,-0.501
5.33,0.047,-0.026,-0.494
5.34,0.047,-0.016,-0.496
5.35,0.046,-0.039,-0.49
5.36,0.046,0.034,-0.51
5.37,0.045,-0.067,-0.484
5.38,0.044,-0.041,-0.488
5.39,0.043,-0.084,-0.475
5.4,0.041,-0.051,-0.481
5.41,0.039,-0.209,-0.435
5.42,0.037,-0.335,-0.39
5.43,0.035,-0.117,-0.435
5.44,0.034,-0.131,-0.426
5.45,0.032,-0.139,-0.418
5.46,0.031,-0.145,-0.41
5.47,0.03,-0.118,-0.41
5.48,0.03,-0.102,-0.41
5.49,0.03,-0.092,-0.408
5.5,0.029,-0.056,-0.414
5.51,0.028,-0.034,-0.418
5.52,0.028,-0.169,-0.379
5.53,0.027,-0.074,-0.397
5.54,0.026,-0.075,-0.394
5.55,0.025,-0.075,-0.39
5.56,0.024,-0.046,-0.395
5.57,0.023,-0.235,-0.341
5.58,0.022,0.003,-0.396
5.59,0.022,-0.027,-0.388
5.6,0.022,-0.016,-0.39
5.61,0.021,-0.04,-0.383
5.62,0.021,-0.054,-0.378
5.63,0.02,-0.062,-0.373
5.64,0.019,-0.068,-0.368
5.65,0.018,-0.071,-0.365
5.66,0.016,-0.162,-0.336
5.67,0.015,-0.158,-0.329
5.68,0.014,-0.097,-0.338
5.69,0.014,-0.059,-0.344
5.7,0.014,-0.036,-0.348
5.71,0.015,0.036,-0.367
5.72,0.016,0.052,-0.373
5.73,0.018,0.091,-0.387
5.74,0.02,0.115,-0.399
5.75,0.021,0.159,-0.418
5.76,0.023,0.127,-0.417
5.77,0.024,0.137,-0.427
5.78,0.025,0.114,-0.427
5.79,0.025,0.099,-0.43
5.8,0.025,0.031,-0.416
5.81,0.025,0.019,-0.415
5.82,0.024,0.13,-0.447
5.83,0.022,-0.068,-0.399
5.84,0.021,-0.189,-0.362
5.85,0.019,-0.146,-0.365
5.86,0.018,-0.148,-0.357
5.87,0.017,-0.15,-0.349
5.88,0.016,-0.21,-0.325
5.89,0.015,-0.04,-0.363
5.9,0.015,0.034,-0.382
5.91,0.015,0.05,-0.388
5.92,0.015,-0.087,-0.353
5.93,0.015,-0.024,-0.366
5.94,0.015,-0.044,-0.36
5.95,0.015,-0.086,-0.346
5.96,0.015,0.006,-0.368
5.97,0.015,0.003,-0.368
5.98,0.016,0.061,-0.384
5.99,0.016,0.037,-0.381
6.0,0.016,0.023,-0.379
6.01,0.017,0.014,-0.378
6.02,0.017,0.067,-0.394
6.03,0.017,0.012,-0.382
6.04,0.017,-0.022,-0.373
6.05,0.017,0.045,-0.392
6.06,0.018,0.057,-0.398
6.07,0.018,-0.053,-0.37
6.08,0.017,0.026,-0.39
6.09,0.017,-0.013,-0.38
6.1,0.017,-0.008,-0.381
6.11,0.017,-0.005,-0.382
6.12,0.017,0.026,-0.391
6.13,0.017,0.016,-0.39
6.14,0.017,-0.049,-0.373
6.15,0.016,0.0,-0.384
6.16,0.016,-0.029,-0.376
6.17,0.016,-0.048,-0.37
6.18,0.016,-0.029,-0.373
6.19,0.017,0.011,-0.383
6.2,0.018,0.066,-0.4
6.21,0.02,0.099,-0.413
6.22,0.022,0.179,-0.44
6.23,0.024,0.199,-0.455
6.24,0.025,0.181,-0.461
6.25,0.028,0.17,-0.467
6.26,0.031,0.223,-0.491
6.27,0.034,0.225,-0.504
6.28,0.037,0.286,-0.532
6.29,0.04,0.235,-0.533
6.3,0.042,0.292,-0.562
6.31,0.044,0.209,-0.554
6.32,0.046,0.217,-0.568
6.33,0.047,0.192,-0.572
6.34,0.047,0.147,-0.57
6.35,0.047,0.001,-0.538
6.36,0.046,-0.028,-0.53
6.37,0.045,-0.017,-0.533
6.38,0.043,-0.069,-0.518
6.39,0.042,-0.102,-0.507
6.4,0.041,-0.092,-0.505
6.41,0.039,-0.056,-0.511
6.42,0.038,-0.153,-0.482
6.43,0.037,-0.123,-0.483
6.44,0.037,-0.075,-0.491
6.45,0.037,-0.076,-0.488
6.46,0.037,-0.046,-0.493
6.47,0.037,-0.028,-0.497
6.48,0.037,0.011,-0.507
6.49,0.037,0.036,-0.516
6.5,0.038,0.022,-0.514
6.51,0.038,0.043,-0.522
6.52,0.038,0.085,-0.537
6.53,0.038,-0.006,-0.516
6.54,0.038,0.025,-0.525
6.55,0.038,-0.043,-0.508
6.56,0.038,0.032,-0.528
6.57,0.038,-0.039,-0.51
6.58,0.038,0.035,-0.529
6.59,0.037,-0.067,-0.503
6.6,0.037,0.017,-0.524
6.61,0.037,-0.107,-0.491
6.62,0.036,-0.036,-0.506
6.63,0.036,-0.022,-0.509
6.64,0.036,0.015,-0.519
6.65,0.036,-0.079,-0.494
6.66,0.036,0.04,-0.524
6.67,0.036,-0.064,-0.498
6.68,0.035,0.019,-0.519
6.69,0.035,-0.017,-0.51
6.7,0.035,-0.069,-0.495
6.71,0.035,-0.013,-0.508
6.72,0.035,0.021,-0.518
6.73,0.035,0.013,-0.517
6.74,0.035,0.008,-0.517
6.75,0.035,-0.024,-0.509
6.76,0.034,-0.015,-0.511
6.77,0.034,-0.038,-0.504
6.78,0.034,-0.023,-0.507
6.79,0.034,-0.044,-0.501
6.8,0.034,-0.056,-0.496
6.81,0.033,0.024,-0.517
6.82,0.033,-0.014,-0.508
6.83,0.033,0.02,-0.517
6.84,0.033,-0.016,-0.508
6.85,0.033,-0.01,-0.51
6.86,0.033,-0.036,-0.503
6.87,0.032,-0.14,-0.473
6.88,0.032,0.061,-0.523
6.89,0.03,-0.021,-0.503
6.9,0.028,-0.131,-0.472
6.91,0.025,-0.199,-0.447
6.92,0.021,-0.24,-0.426
6.93,0.018,-0.384,-0.374
6.94,0.014,-0.265,-0.388
6.95,0.01,-0.311,-0.362
6.96,0.007,-0.309,-0.347
6.97,0.004,-0.219,-0.357
6.98,0.002,-0.371,-0.304
6.99,0.0,-0.317,-0.3
7.0,0.0,-0.253,-0.302
7.01,0.0,-0.096,-0.333
7.02,0.0,0.0,-0.356
7.03,0.0,-0.059,-0.339
7.04,0.0,0.022,-0.359
7.05,0.001,0.014,-0.358
7.06,0.002,-0.021,-0.349
7.07,0.003,0.105,-0.383
7.08,0.004,0.094,-0.385
7.09,0.004,0.028,-0.371
7.1,0.005,0.106,-0.395
7.11,0.005,0.065,-0.389
7.12,0.005,0.04,-0.385
7.13,0.005,-0.005,-0.374
7.14,0.005,0.026,-0.383
7.15,0.004,-0.013,-0.373
7.16,0.004,-0.008,-0.374
7.17,0.004,0.024,-0.383
7.18,0.004,-0.044,-0.365
7.19,0.005,0.061,-0.393
7.2,0.006,0.037,-0.389
7.21,0.006,0.023,-0.387
7.22,0.008,0.103,-0.411
7.23,0.009,0.122,-0.421
7.24,0.01,0.045,-0.406
7.25,0.011,0.057,-0.412
7.26,0.011,0.035,-0.409
7.27,0.012,0.14,-0.44
7.28,0.013,-0.002,-0.407
7.29,0.013,0.057,-0.424
7.3,0.013,0.064,-0.429
7.31,0.013,0.069,-0.434
7.32,0.013,0.013,-0.422
7.33,0.013,0.008,-0.422
7.34,0.012,-0.054,-0.405
7.35,0.012,-0.003,-0.416
7.36,0.011,-0.031,-0.409
7.37,0.011,-0.049,-0.402
7.38,0.01,-0.059,-0.397
7.39,0.01,-0.036,-0.401
7.4,0.01,0.007,-0.411
7.41,0.01,0.004,-0.411
7.42,0.01,-0.056,-0.394
7.43,0.009,-0.005,-0.406
7.44,0.009,-0.032,-0.398
7.45,0.009,-0.02,-0.4
7.46,0.009,0.017,-0.41
7.47,0.009,-0.078,-0.384
7.48,0.009,-0.018,-0.397
7.49,0.009,0.018,-0.407
7.5,0.009,-0.018,-0.398
7.51,0.009,0.018,-0.407
7.52,0.008,0.011,-0.406
7.53,0.008,0.006,-0.406
7.54,0.008,-0.025,-0.397
7.55,0.007,-0.045,-0.391
7.56,0.007,-0.116,-0.368
7.57,0.006,-0.041,-0.384
7.58,0.006,-0.055,-0.378
7.59,0.006,-0.093,-0.365
7.6,0.006,0.031,-0.395
7.61,0.006,0.019,-0.393
7.62,0.006,-0.047,-0.376
7.63,0.006,0.0,-0.387
7.64,0.006,0.059,-0.403
7.65,0.006,0.036,-0.4
7.66,0.006,0.022,-0.398
7.67,0.006,0.013,-0.397
7.68,0.006,-0.05,-0.38
7.69,0.006,-0.001,-0.391
7.7,0.006,0.028,-0.399
7.71,0.006,0.017,-0.398
7.72,0.006,0.01,-0.397
7.73,0.007,0.006,-0.396
7.74,0.007,0.004,-0.396
7.75,0.007,0.032,-0.404
7.76,0.007,-0.009,-0.394
7.77,0.008,0.053,-0.412
7.78,0.008,-0.085,-0.375
7.79,0.008,0.065,-0.414
7.8,0.008,0.04,-0.41
7.81,0.009,0.054,-0.416
7.82,0.009,0.033,-0.413
7.83,0.009,-0.009,-0.403
7.84,0.009,-0.005,-0.404
7.85,0.008,0.026,-0.412
7.86,0.008,0.016,-0.411
7.87,0.008,-0.019,-0.402
7.88,0.008,-0.012,-0.403
7.89,0.008,0.022,-0.412
7.9,0.008,-0.045,-0.395
7.91,0.007,0.031,-0.414
7.92,0.007,-0.01,-0.404
7.93,0.007,-0.036,-0.397
7.94,0.007,0.007,-0.407
7.95,0.007,-0.025,-0.398
7.96,0.007,-0.015,-0.4
7.97,0.008,-0.009,-0.401
7.98,0.008,0.023,-0.41
7.99,0.008,0.044,-0.417
8.0,0.008,-0.002,-0.406
8.01,0.008,-0.001,-0.407
8.02,0.008,0.0,-0.407
8.03,0.008,0.0,-0.407
8.04,0.008,-0.029,-0.399
8.05,0.008,-0.018,-0.401
8.06,0.008,0.047,-0.419
8.07,0.007,-0.118,-0.375
8.08,0.007,-0.013,-0.398
8.09,0.007,0.05,-0.416
8.1,0.005,-0.116,-0.371
8.11,0.003,-0.101,-0.37
8.12,0.0,-0.21,-0.334
8.13,-0.002,-0.277,-0.305
8.14,-0.005,-0.229,-0.305
8.15,-0.007,-0.259,-0.285
8.16,-0.01,-0.277,-0.266
8.17,-0.012,-0.2,-0.274
8.18,-0.013,-0.182,-0.268
8.19,-0.014,-0.23,-0.246
8.2,-0.014,-0.082,-0.275
8.21,-0.014,-0.02,-0.288
8.22,-0.014,0.016,-0.297
8.23,-0.013,0.039,-0.304
8.24,-0.011,0.054,-0.31
8.25,-0.01,0.033,-0.306
8.26,-0.009,0.05,-0.312
8.27,-0.007,0.149,-0.342
8.28,-0.006,0.121,-0.342
8.29,-0.005,0.133,-0.351
8.3,-0.004,0.141,-0.36
8.31,-0.003,0.116,-0.36
8.32,-0.002,0.13,-0.37
8.33,-0.002,0.08,-0.362
8.34,-0.001,0.049,-0.357
8.35,-0.001,0.059,-0.363
8.36,-0.001,0.036,-0.359
8.37,-0.001,-0.007,-0.349
8.38,-0.001,-0.063,-0.332
8.39,-0.003,-0.068,-0.328
8.4,-0.005,-0.13,-0.307
8.41,-0.007,-0.169,-0.289
8.42,-0.009,-0.192,-0.274
8.43,-0.012,-0.177,-0.269
8.44,-0.014,-0.227,-0.245
8.45,-0.017,-0.198,-0.242
8.46,-0.019,-0.24,-0.22
8.47,-0.021,-0.206,-0.216
8.48,-0.023,-0.186,-0.211
8.49,-0.023,-0.143,-0.213
8.5,-0.024,-0.088,-0.221
8.51,-0.023,-0.024,-0.234
8.52,-0.022,-0.044,-0.227
8.53,-0.021,0.031,-0.245
8.54,-0.02,0.108,-0.268
8.55,-0.018,0.125,-0.278
8.56,-0.017,0.136,-0.287
8.57,-0.015,0.113,-0.287
8.58,-0.014,0.158,-0.305
8.59,-0.013,0.097,-0.295
8.6,-0.012,0.089,-0.297
8.61,-0.011,0.143,-0.317
8.62,-0.01,0.147,-0.325
8.63,-0.01,0.001,-0.291
8.64,-0.01,0.06,-0.307
8.65,-0.01,0.007,-0.295
8.66,-0.01,-0.084,-0.27
8.67,-0.01,0.037,-0.299
8.68,-0.01,0.052,-0.305
8.69,-0.01,0.032,-0.302
8.7,-0.01,-0.009,-0.292
8.71,-0.01,-0.035,-0.284
8.72,-0.01,0.037,-0.302
8.73,-0.01,0.022,-0.3
8.74,-0.01,0.102,-0.323
8.75,-0.01,-0.025,-0.292
8.76,-0.01,-0.045,-0.285
8.77,-0.01,-0.057,-0.279
8.78,-0.01,-0.005,-0.29
8.79,-0.01,0.026,-0.299
8.8,-0.009,0.016,-0.297
8.81,-0.009,0.009,-0.296
8.82,-0.009,0.035,-0.303
8.83,-0.008,0.051,-0.309
8.84,-0.007,0.031,-0.306
8.85,-0.006,0.108,-0.329
8.86,-0.005,0.096,-0.331
8.87,-0.004,0.088,-0.333
8.88,-0.003,0.084,-0.336
8.89,-0.003,0.11,-0.348
8.9,-0.002,0.097,-0.35
8.91,-0.002,0.059,-0.344
8.92,-0.002,0.007,-0.332
8.93,-0.002,-0.054,-0.315
8.94,-0.002,0.084,-0.351
8.95,-0.002,-0.007,-0.33
8.96,-0.002,-0.034,-0.322
8.97,-0.002,0.008,-0.332
8.98,-0.001,0.034,-0.34
8.99,-0.001,-0.067,-0.313
9.0,0.0,0.136,-0.366
9.01,0.0,0.054,-0.35
9.02,0.0,0.062,-0.355
9.03,0.0,0.038,-0.351
9.04,0.0,-0.035,-0.333
9.05,0.0,-0.021,-0.335
9.06,-0.001,-0.013,-0.336
9.07,-0.001,-0.067,-0.32
9.08,-0.001,-0.011,-0.332
9.09,-0.002,-0.007,-0.333
9.1,-0.002,-0.063,-0.316
9.11,-0.003,-0.068,-0.312
9.12,-0.004,-0.071,-0.307
9.13,-0.005,-0.073,-0.303
9.14,-0.005,-0.045,-0.307
9.15,-0.006,-0.057,-0.301
9.16,-0.006,-0.064,-0.296
9.17,-0.006,-0.039,-0.3
9.18,-0.007,-0.024,-0.302
9.19,-0.007,0.014,-0.312
9.2,-0.007,-0.02,-0.302
9.21,-0.006,-0.012,-0.303
9.22,-0.006,-0.007,-0.304
9.23,-0.006,0.054,-0.321
9.24,-0.006,0.003,-0.309
9.25,-0.005,0.031,-0.317
9.26,-0.005,0.019,-0.315
9.27,-0.005,0.012,-0.314
9.28,-0.004,0.037,-0.321
9.29,-0.004,0.022,-0.319
9.3,-0.003,0.102,-0.342
9.31,-0.003,-0.025,-0.311
9.32,-0.003,-0.015,-0.313
9.33,-0.004,-0.098,-0.289
9.34,-0.005,-0.001,-0.311
9.35,-0.006,0.0,-0.311
9.36,-0.007,-0.178,-0.261
9.37,-0.008,-0.079,-0.279
9.38,-0.009,-0.078,-0.275
9.39,-0.01,-0.077,-0.271
9.4,-0.011,-0.136,-0.251
9.41,-0.012,-0.054,-0.267
9.42,-0.012,-0.062,-0.261
9.43,-0.013,-0.038,-0.265
9.44,-0.013,-0.053,-0.258
9.45,-0.012,-0.003,-0.269
9.46,-0.012,0.027,-0.278
9.47,-0.012,0.105,-0.3
9.48,-0.011,0.005,-0.278
9.49,-0.011,0.003,-0.277
9.5,-0.01,0.002,-0.276
9.51,-0.01,0.03,-0.284
9.52,-0.009,0.048,-0.291
9.53,-0.009,0.029,-0.288
9.54,-0.008,0.047,-0.294
9.55,-0.008,0.059,-0.299
9.56,-0.008,0.065,-0.304
9.57,-0.008,0.01,-0.292
9.58,-0.008,0.006,-0.291
9.59,-0.008,-0.025,-0.282
9.6,-0.008,-0.015,-0.283
9.61,-0.008,-0.009,-0.284
9.62,-0.008,-0.005,-0.284
9.63,-0.008,-0.003,-0.284
9.64,-0.008,-0.002,-0.284
9.65,-0.008,-0.001,-0.284
9.66,-0.008,0.058,-0.301
9.67,-0.008,-0.023,-0.281
9.68,-0.008,-0.014,-0.282
9.69,-0.009,-0.008,-0.282
9.7,-0.009,0.024,-0.291
9.71,-0.009,-0.044,-0.273
9.72,-0.009,0.002,-0.283
9.73,-0.009,-0.028,-0.275
9.74,-0.009,0.012,-0.284
9.75,-0.009,-0.051,-0.267
9.76,-0.009,-0.002,-0.278
9.77,-0.009,0.028,-0.286
9.78,-0.009,0.046,-0.292
9.79,-0.009,0.0,-0.281
9.8,-0.008,0.058,-0.298
9.81,-0.008,-0.052,-0.269
9.82,-0.008,0.026,-0.289
9.83,-0.008,-0.013,-0.279
9.84,-0.008,0.021,-0.287
9.85,-0.007,-0.016,-0.278
9.86,-0.007,0.078,-0.303
9.87,-0.007,0.018,-0.29
9.88,-0.007,0.011,-0.289
9.89,-0.008,-0.052,-0.272
9.9,-0.008,0.027,-0.291
9.91,-0.008,-0.012,-0.281
9.92,-0.008,-0.007,-0.281
9.93,-0.008,-0.034,-0.273
9.94,-0.008,0.038,-0.292
9.95,-0.008,-0.006,-0.281
9.96,-0.008,-0.033,-0.273
9.97,-0.008,0.009,-0.283
9.98,-0.007,0.005,-0.282
9.99,-0.007,0.003,-0.282
10.0,-0.007,0.031,-0.29
10.01,-0.007,0.019,-0.288
10.02,-0.007,0.011,-0.286
10.03,-0.007,0.007,-0.285
10.04,-0.007,0.034,-0.293
10.05,-0.007,0.02,-0.291
10.06,-0.007,-0.016,-0.281
10.07,-0.007,0.019,-0.29
10.08,-0.007,0.011,-0.289
10.09,-0.007,-0.022,-0.28
10.1,-0.007,-0.013,-0.281
10.11,-0.007,-0.008,-0.282
10.12,-0.007,-0.034,-0.274
10.13,-0.007,0.008,-0.284
10.14,-0.007,0.005,-0.283
10.15,-0.007,0.003,-0.283
10.16,-0.007,0.031,-0.29
10.17,-0.007,0.019,-0.288
10.18,-0.007,0.011,-0.287
10.19,-0.006,-0.051,-0.27
10.2,-0.006,-0.002,-0.281
10.21,-0.006,-0.001,-0.281
10.22,-0.006,0.028,-0.289
10.23,-0.006,0.106,-0.312
10.24,-0.006,0.006,-0.289
10.25,-0.006,-0.025,-0.28
10.26,-0.006,-0.045,-0.273
10.27,-0.006,0.001,-0.284
10.28,-0.006,0.001,-0.284
10.29,-0.006,0.0,-0.284
10.3,-0.006,-0.029,-0.275
10.31,-0.006,0.011,-0.285
10.32,-0.006,0.007,-0.284
10.33,-0.006,-0.025,-0.275
10.34,-0.006,0.014,-0.285
10.35,-0.006,-0.02,-0.275
10.36,-0.006,0.016,-0.285
10.37,-0.006,0.039,-0.292
10.38,-0.006,0.024,-0.289
10.39,-0.006,0.015,-0.288
10.4,-0.006,0.009,-0.287
10.41,-0.006,-0.023,-0.278
10.42,-0.006,-0.044,-0.271
10.43,-0.006,0.032,-0.29
10.44,-0.006,-0.009,-0.279
10.45,-0.006,0.023,-0.288
10.46,-0.006,0.044,-0.295
10.47,-0.006,-0.002,-0.284
10.48,-0.006,-0.001,-0.284
10.49,-0.006,0.0,-0.284
10.5,-0.006,0.0,-0.284
10.51,-0.006,-0.029,-0.275
10.52,-0.006,-0.018,-0.277
10.53,-0.006,-0.04,-0.269
10.54,-0.006,0.034,-0.288
10.55,-0.005,0.02,-0.286
10.56,-0.005,-0.016,-0.276
10.57,-0.005,0.019,-0.286
10.58,-0.005,0.041,-0.293
10.59,-0.005,0.055,-0.298
10.6,-0.005,0.004,-0.287
10.61,-0.005,0.002,-0.286
10.62,-0.005,0.001,-0.286
10.63,-0.005,-0.028,-0.277
10.64,-0.005,0.012,-0.287
10.65,-0.005,0.007,-0.286
10.66,-0.005,0.004,-0.286
10.67,-0.005,0.002,-0.285
10.68,-0.005,0.06,-0.302
10.69,-0.005,-0.021,-0.281
10.7,-0.005,-0.013,-0.283
10.71,-0.005,-0.067,-0.267
10.72,-0.005,-0.011,-0.279
10.73,-0.004,0.17,-0.329
10.74,-0.004,-0.013,-0.286
10.75,-0.004,-0.008,-0.286
10.76,-0.004,-0.005,-0.287
10.77,-0.005,-0.032,-0.279
10.78,-0.005,-0.108,-0.256
10.79,-0.004,0.021,-0.287
10.8,-0.004,0.043,-0.293
10.81,-0.004,0.026,-0.291
10.82,-0.004,0.016,-0.289
10.83,-0.004,0.009,-0.288
10.84,-0.004,0.035,-0.296
10.85,-0.004,-0.007,-0.285
10.86,-0.004,0.024,-0.294
10.87,-0.004,-0.014,-0.284
10.88,-0.004,-0.038,-0.276
10.89,-0.004,-0.023,-0.278
10.9,-0.004,0.015,-0.288
10.91,-0.004,0.009,-0.287
10.92,-0.004,0.005,-0.286
10.93,-0.004,-0.026,-0.278
10.94,-0.004,0.013,-0.287
10.95,-0.004,0.008,-0.286
10.96,-0.004,0.005,-0.286
10.97,-0.004,0.003,-0.285
10.98,-0.004,0.001,-0.285
10.99,-0.003,0.001,-0.285
11.0,-0.003,0.03,-0.293
11.01,-0.003,-0.04,-0.274
11.02,-0.003,0.004,-0.285
11.03,-0.003,0.032,-0.293
11.04,-0.004,0.019,-0.291
11.05,-0.004,-0.017,-0.281
11.06,-0.004,-0.04,-0.274
11.07,-0.004,0.004,-0.284
11.08,-0.005,-0.026,-0.276
11.09,-0.005,-0.075,-0.26
11.1,-0.005,-0.016,-0.273
11.11,-0.005,0.019,-0.282
11.12,-0.005,0.011,-0.281
11.13,-0.005,-0.022,-0.272
11.14,-0.005,0.045,-0.289
11.15,-0.005,0.027,-0.287
11.16,-0.005,-0.071,-0.26
11.17,-0.005,0.044,-0.289
11.18,-0.004,0.027,-0.286
11.19,-0.004,0.016,-0.284
11.2,-0.004,0.01,-0.283
11.21,-0.004,0.065,-0.299
11.22,-0.003,0.04,-0.295
11.23,-0.003,0.024,-0.293
11.24,-0.003,0.015,-0.291
11.25,-0.002,0.038,-0.299
11.26,-0.002,0.023,-0.296
11.27,-0.002,0.014,-0.295
11.28,-0.002,-0.02,-0.286
11.29,-0.001,0.046,-0.303
11.3,-0.001,0.028,-0.3
11.31,0.0,0.106,-0.324
11.32,0.0,0.006,-0.301
11.33,0.0,0.003,-0.3
11.34,0.0,0.031,-0.308
11.35,0.0,-0.069,-0.282
11.36,0.0,0.075,-0.319
11.37,0.0,0.076,-0.323
11.38,0.001,0.017,-0.31
11.39,0.001,0.04,-0.317
11.4,0.002,0.024,-0.315
11.41,0.003,0.103,-0.338
11.42,0.004,0.123,-0.349
11.43,0.005,0.105,-0.35
11.44,0.007,0.183,-0.377
11.45,0.008,0.112,-0.367
11.46,0.01,0.098,-0.369
11.47,0.012,0.208,-0.405
11.48,0.014,0.157,-0.401
11.49,0.016,0.156,-0.409
11.5,0.018,0.184,-0.425
11.51,0.019,0.202,-0.439
11.52,0.021,0.153,-0.436
11.53,0.021,0.124,-0.436
11.54,0.022,0.076,-0.429
11.55,0.021,0.046,-0.425
11.56,0.019,-0.03,-0.406
11.57,0.017,-0.166,-0.367
11.58,0.015,-0.102,-0.377
11.59,0.013,-0.329,-0.309
11.6,0.01,-0.143,-0.345
11.61,0.008,-0.176,-0.328
11.62,0.006,-0.167,-0.322
11.63,0.004,-0.132,-0.323
11.64,0.003,-0.229,-0.29
11.65,0.002,-0.14,-0.303
11.66,0.001,-0.116,-0.303
11.67,0.001,-0.1,-0.301
11.68,0.001,-0.091,-0.299
11.69,0.002,0.003,-0.321
11.7,0.003,0.061,-0.337
11.71,0.003,-0.021,-0.317
11.72,0.004,0.075,-0.343
11.73,0.005,0.075,-0.347
11.74,0.006,0.076,-0.351
11.75,0.006,0.076,-0.355
11.76,0.007,0.076,-0.359
11.77,0.007,0.046,-0.355
11.78,0.007,0.058,-0.361
11.79,0.006,0.035,-0.357
11.8,0.006,-0.037,-0.339
11.81,0.005,-0.022,-0.341
11.82,0.005,-0.014,-0.342
11.83,0.004,-0.067,-0.327
11.84,0.004,-0.041,-0.331
11.85,0.004,0.063,-0.358
11.86,0.004,-0.109,-0.313
11.87,0.004,0.051,-0.353
11.88,0.004,0.001,-0.341
11.89,0.005,-0.058,-0.325
11.9,0.005,-0.006,-0.336
11.91,0.005,0.055,-0.353
11.92,0.006,0.034,-0.35
11.93,0.006,0.02,-0.348
11.94,0.006,0.012,-0.347
11.95,0.006,0.037,-0.355
11.96,0.006,0.023,-0.353
11.97,0.006,-0.015,-0.343
11.98,0.006,-0.009,-0.344
11.99,0.005,-0.035,-0.337
12.0,0.005,-0.021,-0.339
12.01,0.004,-0.013,-0.34
12.02,0.004,-0.037,-0.333
12.03,0.004,-0.023,-0.335
12.04,0.004,-0.162,-0.295
12.05,0.004,0.048,-0.346
12.06,0.004,0.0,-0.335
12.07,0.004,0.0,-0.335
12.08,0.004,0.0,-0.335
12.09,0.005,0.059,-0.352
12.1,0.005,0.036,-0.348
12.11,0.005,0.051,-0.354
12.12,0.005,0.031,-0.351
12.13,0.006,0.019,-0.35
12.14,0.007,0.071,-0.365
12.15,0.008,0.102,-0.378
12.16,0.01,0.122,-0.389
12.17,0.012,0.104,-0.39
12.18,0.014,0.153,-0.409
12.19,0.016,0.153,-0.417
12.2,0.018,0.182,-0.433
12.21,0.019,0.171,-0.44
12.22,0.02,0.134,-0.438
12.23,0.021,0.112,-0.439
12.24,0.022,0.098,-0.441
12.25,0.022,0.06,-0.436
12.26,0.022,0.037,-0.433
12.27,0.021,-0.006,-0.423
12.28,0.02,-0.063,-0.407
12.29,0.018,-0.068,-0.403
12.3,0.017,-0.071,-0.399
12.31,0.015,-0.132,-0.378
12.32,0.014,-0.111,-0.378
12.33,0.012,-0.127,-0.368
12.34,0.011,-0.167,-0.351
12.35,0.01,-0.161,-0.344
12.36,0.009,-0.128,-0.346
12.37,0.008,-0.079,-0.353
12.38,0.007,-0.078,-0.35
12.39,0.007,-0.018,-0.363
12.4,0.006,-0.1,-0.339
12.41,0.006,-0.061,-0.345
12.42,0.005,-0.067,-0.34
12.43,0.005,-0.011,-0.352
12.44,0.004,-0.125,-0.32
12.45,0.003,-0.077,-0.327
12.46,0.001,-0.136,-0.307
12.47,0.0,-0.113,-0.307
12.48,-0.001,-0.158,-0.288
12.49,-0.002,-0.126,-0.289
12.5,-0.004,-0.166,-0.272
12.51,-0.005,-0.191,-0.256
12.52,-0.007,-0.176,-0.251
12.53,-0.009,-0.197,-0.236
12.54,-0.01,-0.18,-0.23
12.55,-0.012,-0.14,-0.232
12.56,-0.013,-0.145,-0.223
12.57,-0.014,-0.089,-0.232
12.58,-0.016,-0.143,-0.212
12.59,-0.017,-0.147,-0.203
12.6,-0.018,-0.149,-0.194
12.61,-0.019,-0.151,-0.186
12.62,-0.021,-0.181,-0.17
12.63,-0.022,-0.141,-0.171
12.64,-0.023,-0.116,-0.171
12.65,-0.025,-0.16,-0.152
12.66,-0.026,-0.157,-0.144
12.67,-0.028,-0.185,-0.128
12.68,-0.029,-0.143,-0.129
12.69,-0.031,-0.117,-0.129
12.7,-0.032,-0.131,-0.118
12.71,-0.032,-0.169,-0.1
12.72,-0.033,-0.074,-0.118
12.73,-0.033,-0.045,-0.121
12.74,-0.033,-0.146,-0.09
12.75,-0.034,0.028,-0.131
12.76,-0.034,-0.041,-0.112
12.77,-0.034,-0.055,-0.105
12.78,-0.034,0.025,-0.124
12.79,-0.034,-0.043,-0.105
12.8,-0.034,-0.026,-0.107
12.81,-0.034,-0.046,-0.1
12.82,-0.034,0.001,-0.11
12.83,-0.034,0.03,-0.117
12.84,-0.034,-0.01,-0.106
12.85,-0.034,0.022,-0.114
12.86,-0.034,0.014,-0.112
12.87,-0.033,0.038,-0.119
12.88,-0.033,0.023,-0.116
12.89,-0.033,0.073,-0.13
12.9,-0.032,-0.014,-0.109
12.91,-0.032,-0.008,-0.109
12.92,-0.032,0.024,-0.117
12.93,-0.032,0.014,-0.115
12.94,-0.032,0.038,-0.121
12.95,-0.032,-0.005,-0.11
12.96,-0.032,0.026,-0.118
12.97,-0.032,0.015,-0.116
12.98,-0.032,-0.049,-0.098
12.99,-0.032,0.028,-0.116
13.0,-0.032,-0.041,-0.097
13.01,-0.032,-0.025,-0.099
13.02,-0.032,-0.074,-0.083
13.03,-0.032,0.013,-0.103
13.04,-0.032,0.008,-0.102
13.05,-0.032,-0.054,-0.084
13.06,-0.033,-0.033,-0.086
13.07,-0.034,-0.079,-0.071
13.08,-0.035,-0.078,-0.066
13.09,-0.036,-0.107,-0.053
13.1,-0.037,-0.154,-0.034
13.11,-0.038,-0.124,-0.034
13.12,-0.039,-0.135,-0.023
13.13,-0.041,-0.112,-0.022
13.14,-0.042,-0.158,-0.002
13.15,-0.043,-0.215,0.022
13.16,-0.044,-0.28,0.052
13.17,-0.045,-0.201,0.045
13.18,-0.046,-0.123,0.034
13.19,-0.046,-0.105,0.037
13.2,-0.046,-0.064,0.032
13.21,-0.047,-0.099,0.046
13.22,-0.047,-0.09,0.049
13.23,-0.047,-0.055,0.045
13.24,-0.047,-0.093,0.06
13.25,-0.047,0.001,0.039
13.26,-0.048,-0.028,0.049
13.27,-0.048,-0.076,0.065
13.28,-0.049,0.041,0.037
13.29,-0.049,-0.152,0.091
13.3,-0.05,-0.122,0.091
13.31,-0.05,-0.045,0.077
13.32,-0.051,-0.087,0.093
13.33,-0.051,-0.083,0.097
13.34,-0.051,0.037,0.069
13.35,-0.051,-0.036,0.089
13.36,-0.051,0.007,0.08
13.37,-0.05,0.063,0.065
13.38,-0.05,-0.049,0.095
13.39,-0.05,0.058,0.069
13.4,-0.049,0.006,0.082
13.41,-0.049,0.033,0.075
13.42,-0.048,0.05,0.07
13.43,-0.048,0.09,0.058
13.44,-0.047,0.055,0.064
13.45,-0.047,0.004,0.077
13.46,-0.047,-0.086,0.104
13.47,-0.046,0.065,0.067
13.48,-0.046,0.069,0.064
13.49,-0.046,0.042,0.069
13.5,-0.045,0.055,0.064
13.51,-0.045,0.034,0.069
13.52,-0.045,0.021,0.072
13.53,-0.045,0.042,0.066
13.54,-0.045,0.055,0.062
13.55,-0.044,0.034,0.066
13.56,-0.044,0.05,0.061
13.57,-0.044,0.06,0.057
13.58,-0.044,0.007,0.07
13.59,-0.044,-0.054,0.088
13.6,-0.044,-0.092,0.103
13.61,-0.043,0.091,0.057
13.62,-0.043,-0.062,0.097
13.63,-0.043,-0.008,0.086
13.64,-0.042,-0.094,0.112
13.65,-0.042,0.03,0.083
13.66,-0.042,0.078,0.069
13.67,-0.042,0.018,0.083
13.68,-0.042,-0.047,0.102
13.69,-0.042,0.029,0.084
13.7,-0.042,-0.011,0.095
13.71,-0.042,-0.095,0.121
13.72,-0.043,-0.266,0.175
13.73,-0.043,-0.133,0.152
13.74,-0.043,-0.052,0.138
13.75,-0.044,0.056,0.111
13.76,-0.044,-0.142,0.165
13.77,-0.045,-0.058,0.15
13.78,-0.045,-0.183,0.19
13.79,-0.046,0.064,0.131
13.8,-0.046,-0.019,0.152
13.81,-0.047,-0.189,0.202
13.82,-0.047,-0.086,0.185
13.83,-0.047,-0.053,0.181
13.84,-0.048,-0.091,0.196
13.85,-0.047,0.061,0.159
13.86,-0.047,0.038,0.164
13.87,-0.047,-0.035,0.184
13.88,-0.047,0.037,0.167
13.89,-0.046,0.022,0.171
13.9,-0.046,-0.045,0.19
13.91,-0.045,0.031,0.172
13.92,-0.045,0.019,0.176
13.93,-0.044,0.13,0.145
13.94,-0.044,0.08,0.154
13.95,-0.043,0.078,0.152
13.96,-0.043,0.048,0.158
13.97,-0.043,0.059,0.154
13.98,-0.043,0.006,0.167
13.99,-0.043,0.004,0.168
14.0,-0.042,-0.027,0.178
14.01,-0.042,-0.075,0.195
14.02,-0.042,0.042,0.167
14.03,-0.042,-0.003,0.179
14.04,-0.041,0.027,0.172
14.05,-0.041,0.016,0.175
14.06,-0.04,0.039,0.169
14.07,-0.04,0.024,0.173
14.08,-0.04,0.044,0.167
14.09,-0.039,-0.002,0.179
14.1,-0.039,0.028,0.172
14.11,-0.039,0.046,0.167
14.12,-0.039,0.028,0.171
14.13,-0.039,0.017,0.174
14.14,-0.039,0.04,0.168
14.15,-0.038,0.024,0.172
14.16,-0.038,-0.014,0.183
14.17,-0.038,-0.008,0.183
14.18,-0.038,0.053,0.167
14.19,-0.038,0.033,0.172
14.2,-0.037,-0.009,0.183
14.21,-0.037,0.023,0.176
14.22,-0.036,0.044,0.17
14.23,-0.036,0.027,0.174
14.24,-0.036,0.046,0.169
14.25,-0.035,0.028,0.173
14.26,-0.035,0.047,0.167
14.27,-0.034,0.028,0.171
14.28,-0.034,0.047,0.166
14.29,-0.034,0.058,0.161
14.3,-0.034,0.036,0.166
14.31,-0.033,0.051,0.161
14.32,-0.033,-0.027,0.182
14.33,-0.033,-0.046,0.19
14.34,-0.033,0.089,0.155
14.35,-0.032,-0.004,0.178
14.36,-0.032,0.027,0.171
14.37,-0.032,0.075,0.157
14.38,-0.032,0.046,0.163
14.39,-0.031,0.028,0.167
14.4,-0.031,-0.012,0.178
14.41,-0.031,-0.007,0.178
14.42,-0.031,-0.004,0.179
14.43,-0.03,0.086,0.155
14.44,-0.03,0.023,0.169
14.45,-0.03,0.014,0.172
14.46,-0.03,0.008,0.174
14.47,-0.029,0.034,0.167
14.48,-0.029,-0.008,0.179
14.49,-0.029,-0.034,0.188
14.5,-0.028,0.126,0.145
14.51,-0.028,0.077,0.154
14.52,-0.028,0.047,0.159
14.53,-0.027,0.029,0.163
14.54,-0.027,0.018,0.166
14.55,-0.027,-0.018,0.177
14.56,-0.027,0.047,0.16
14.57,-0.027,0.0,0.172
14.58,-0.027,0.029,0.165
14.59,-0.027,0.047,0.159
14.6,-0.026,0.0,0.172
14.61,-0.026,0.029,0.164
14.62,-0.026,-0.011,0.175
14.63,-0.026,0.022,0.168
14.64,-0.025,0.043,0.162
14.65,-0.025,0.056,0.157
14.66,-0.025,-0.024,0.178
14.67,-0.024,0.044,0.161
14.68,-0.024,-0.002,0.173
14.69,-0.024,0.116,0.141
14.7,-0.023,-0.046,0.181
14.71,-0.023,0.06,0.155
14.72,-0.023,0.036,0.159
14.73,-0.022,-0.006,0.171
14.74,-0.022,-0.004,0.171
14.75,-0.022,0.056,0.156
14.76,-0.022,0.034,0.16
14.77,-0.021,0.021,0.163
14.78,-0.021,0.072,0.149
14.79,-0.021,-0.044,0.179
14.8,-0.021,0.061,0.152
14.81,-0.021,0.008,0.165
14.82,-0.021,-0.024,0.175
14.83,-0.021,0.044,0.158
14.84,-0.02,0.027,0.161
14.85,-0.02,0.016,0.164
14.86,-0.02,-0.049,0.182
14.87,-0.02,0.0,0.172
14.88,-0.02,0.088,0.148
14.89,-0.019,-0.004,0.171
14.9,-0.019,0.056,0.155
14.91,-0.019,0.004,0.167
14.92,-0.019,0.032,0.16
14.93,-0.018,0.02,0.163
14.94,-0.018,0.071,0.149
14.95,-0.018,-0.015,0.17
14.96,-0.018,-0.009,0.17
14.97,-0.018,-0.005,0.171
14.98,-0.017,0.055,0.155
14.99,-0.017,0.063,0.151
15.0,-0.017,-0.049,0.18
15.01,-0.016,0.028,0.162
15.02,-0.016,-0.011,0.172
15.03,-0.016,0.14,0.131
15.04,-0.015,0.027,0.157
15.05,-0.015,-0.012,0.168
15.06,-0.015,-0.007,0.168
15.07,-0.014,0.054,0.151
15.08,-0.014,0.033,0.155
15.09,-0.014,-0.009,0.167
15.1,-0.013,-0.005,0.167
15.11,-0.013,0.026,0.159
15.12,-0.013,0.104,0.137
15.13,-0.013,0.094,0.135
15.14,-0.013,0.057,0.141
15.15,-0.013,0.005,0.154
15.16,-0.013,-0.026,0.163
15.17,-0.013,0.043,0.146
15.18,-0.014,0.026,0.149
15.19,-0.014,-0.042,0.168
15.2,-0.014,-0.026,0.167
15.21,-0.014,-0.016,0.166
15.22,-0.014,0.019,0.157
15.23,-0.014,0.1,0.135
15.24,-0.013,-0.026,0.166
15.25,-0.013,0.042,0.149
15.26,-0.013,0.055,0.144
15.27,-0.012,0.063,0.139
15.28,-0.012,0.068,0.136
15.29,-0.012,-0.046,0.165
15.3,-0.011,0.03,0.147
15.31,-0.011,-0.07,0.174
15.32,-0.011,0.075,0.138
15.33,-0.01,0.075,0.134
15.34,-0.01,0.194,0.098
15.35,-0.01,0.001,0.143
15.36,-0.01,0.03,0.136
15.37,-0.01,-0.04,0.155
15.38,-0.01,-0.054,0.161
15.39,-0.01,-0.033,0.159
15.4,-0.01,-0.02,0.158
15.41,-0.009,0.046,0.141
15.42,-0.009,-0.001,0.152
15.43,-0.009,0.088,0.128
15.44,-0.009,-0.005,0.15
15.45,-0.008,0.026,0.143
15.46,-0.008,0.045,0.137
15.47,-0.008,-0.09,0.173
15.48,-0.008,0.033,0.144
15.49,-0.007,-0.009,0.155
15.5,-0.006,0.024,0.146
15.51,-0.006,0.044,0.14
15.52,-0.005,0.145,0.11
15.53,-0.004,0.059,0.128
15.54,-0.004,0.095,0.115
15.55,-0.004,0.058,0.121
15.56,-0.003,-0.023,0.142
15.57,-0.003,0.015,0.133
15.58,-0.003,0.009,0.134
15.59,-0.003,0.065,0.119
15.6,-0.003,0.01,0.132
15.61,-0.003,0.095,0.108
15.62,-0.003,-0.03,0.139
15.63,-0.004,-0.048,0.146
15.64,-0.004,0.059,0.119
15.65,-0.004,-0.141,0.173
15.66,-0.004,0.002,0.14
15.67,-0.003,0.001,0.141
15.68,-0.003,0.0,0.142
15.69,-0.003,0.089,0.117
15.7,-0.002,-0.033,0.148
15.71,-0.002,0.067,0.122
15.72,-0.002,0.012,0.134
15.73,-0.002,0.037,0.127
15.74,-0.001,0.052,0.122
15.75,-0.001,0.032,0.125
15.76,-0.001,0.019,0.128
15.77,-0.001,0.071,0.113
15.78,-0.001,-0.015,0.134
15.79,-0.001,0.049,0.117
15.8,-0.001,0.0,0.129
15.81,-0.001,-0.029,0.138
15.82,-0.001,0.011,0.128
15.83,-0.001,0.007,0.13
15.84,-0.001,-0.025,0.139
15.85,-0.001,-0.015,0.138
15.86,-0.001,-0.039,0.146
15.87,0.0,0.005,0.136
15.88,0.0,0.033,0.128
15.89,0.0,0.079,0.114
15.9,0.0,0.048,0.119
15.91,0.0,0.059,0.115
15.92,0.0,0.006,0.127
15.93,0.0,0.033,0.119
15.94,0.0,-0.008,0.13
15.95,0.0,-0.005,0.13
15.96,0.0,-0.003,0.13
15.97,0.0,0.027,0.122
15.98,0.0,0.016,0.124
15.99,0.0,-0.019,0.134
16.0,0.0,0.047,0.117
16.01,0.0,0.029,0.12
16.02,0.0,-0.07,0.147
16.03,0.0,0.015,0.127
16.04,0.001,-0.019,0.137
16.05,0.001,0.017,0.128
16.06,0.001,-0.018,0.138
16.07,0.001,0.047,0.12
16.08,0.002,0.058,0.115
16.09,0.002,0.006,0.127
16.1,0.002,0.003,0.128
16.11,0.002,0.002,0.129
16.12,0.002,0.031,0.121
16.13,0.002,0.019,0.124
16.14,0.002,0.041,0.117
16.15,0.002,-0.004,0.128
16.16,0.002,0.027,0.12
16.17,0.002,-0.072,0.147
16.18,0.002,0.044,0.118
16.19,0.002,-0.002,0.129
16.2,0.002,0.028,0.121
16.21,0.003,-0.012,0.132
16.22,0.003,-0.037,0.14
16.23,0.003,0.006,0.13
16.24,0.003,0.033,0.122
16.25,0.003,0.05,0.117
16.26,0.003,-0.028,0.136
16.27,0.003,0.012,0.127
16.28,0.004,0.007,0.128
16.29,0.004,0.063,0.112
16.3,0.004,0.157,0.083
16.31,0.004,-0.021,0.126
16.32,0.004,-0.042,0.133
16.33,0.004,0.121,0.09
16.34,0.004,0.015,0.114
16.35,0.004,-0.138,0.157
16.36,0.004,-0.055,0.141
16.37,0.004,0.025,0.122
16.38,0.004,-0.043,0.14
16.39,0.005,0.061,0.113
16.4,0.005,0.008,0.125
16.41,0.005,0.034,0.118
16.42,0.006,-0.008,0.129
16.43,0.006,-0.005,0.129
16.44,0.006,0.026,0.12
16.45,0.006,0.075,0.106
16.46,0.007,-0.012,0.127
16.47,0.007,0.08,0.102
16.48,0.007,0.079,0.099
16.49,0.007,-0.01,0.12
16.5,0.006,-0.006,0.12
16.51,0.006,-0.063,0.136
16.52,0.006,-0.038,0.133
16.53,0.006,0.005,0.123
16.54,0.006,0.003,0.124
16.55,0.006,-0.027,0.133
16.56,0.007,-0.016,0.131
16.57,0.007,0.048,0.114
16.58,0.007,0.0,0.126
16.59,0.007,0.029,0.118
16.6,0.008,-0.011,0.128
16.61,0.008,0.052,0.111
16.62,0.008,0.032,0.115
16.63,0.008,-0.009,0.125
16.64,0.008,0.023,0.117
16.65,0.008,-0.015,0.127
16.66,0.008,-0.009,0.126
16.67,0.008,0.053,0.109
16.68,0.008,0.062,0.105
16.69,0.008,-0.02,0.125
16.7,0.008,-0.012,0.124
16.71,0.008,-0.067,0.14
16.72,0.008,0.018,0.12
16.73,0.008,-0.018,0.13
16.74,0.008,0.047,0.113
16.75,0.008,0.058,0.107
16.76,0.008,-0.023,0.128
16.77,0.008,0.015,0.119
16.78,0.008,0.039,0.111
16.79,0.008,0.083,0.098
16.8,0.007,0.08,0.094
16.81,0.007,-0.128,0.149
16.82,0.007,-0.078,0.142
16.83,0.008,0.01,0.121
16.84,0.008,0.036,0.114
16.85,0.008,0.051,0.108
16.86,0.009,0.031,0.111
16.87,0.009,-0.01,0.122
16.88,0.009,0.023,0.113
16.89,0.01,-0.015,0.123
16.9,0.01,0.02,0.114
16.91,0.01,0.012,0.116
16.92,0.01,0.066,0.1
16.93,0.01,-0.047,0.129
16.94,0.01,-0.088,0.143
16.95,0.011,-0.024,0.13
16.96,0.011,0.103,0.096
16.97,0.011,0.033,0.111
16.98,0.011,0.079,0.096
16.99,0.01,-0.01,0.118
17.0,0.01,0.023,0.109
17.01,0.01,-0.044,0.127
17.02,0.009,-0.027,0.125
17.03,0.009,-0.046,0.132
17.04,0.009,-0.028,0.13
17.05,0.009,0.012,0.12
17.06,0.009,0.037,0.113
17.07,0.009,-0.006,0.123
17.08,0.009,-0.033,0.132
17.09,0.01,-0.02,0.13
17.1,0.01,0.224,0.063
17.11,0.01,-0.069,0.134
17.12,0.01,-0.042,0.13
17.13,0.01,0.003,0.12
17.14,0.011,0.002,0.12
17.15,0.011,0.06,0.104
17.16,0.011,0.037,0.108
17.17,0.011,0.052,0.102
17.18,0.011,0.002,0.114
17.19,0.011,0.001,0.114
17.2,0.011,0.0,0.114
17.21,0.011,-0.088,0.14
17.22,0.011,0.005,0.118
17.23,0.012,0.032,0.11
17.24,0.012,-0.127,0.154
17.25,0.012,0.039,0.114
17.26,0.012,0.113,0.091
17.27,0.012,0.039,0.107
17.28,0.012,0.024,0.109
17.29,0.012,0.015,0.111
17.3,0.012,-0.02,0.12
17.31,0.012,0.046,0.103
17.32,0.011,0.028,0.106
17.33,0.011,-0.1,0.141
17.34,0.011,-0.032,0.127
17.35,0.011,-0.049,0.133
17.36,0.011,0.028,0.114
17.37,0.011,-0.011,0.125
17.38,0.012,0.022,0.116
17.39,0.012,-0.075,0.142
17.4,0.012,-0.105,0.155
17.41,0.013,0.053,0.116
17.42,0.013,0.121,0.094
17.43,0.013,0.045,0.11
17.44,0.014,0.027,0.113
17.45,0.014,0.046,0.106
17.46,0.014,0.028,0.109
17.47,0.013,-0.13,0.152
17.48,0.013,0.067,0.104
17.49,0.013,0.071,0.099
17.5,0.013,-0.015,0.12
17.51,0.013,0.02,0.111
17.52,0.013,0.012,0.113
17.53,0.012,-0.022,0.122
17.54,0.012,-0.043,0.129
17.55,0.012,-0.056,0.135
17.56,0.012,-0.004,0.124
17.57,0.012,0.056,0.107
17.58,0.012,0.004,0.119
17.59,0.012,0.032,0.111
17.6,0.013,0.02,0.114
17.61,0.013,-0.017,0.123
17.62,0.013,-0.04,0.131
17.63,0.013,0.064,0.104
17.64,0.013,0.039,0.108
17.65,0.013,-0.005,0.119
17.66,0.014,-0.003,0.118
17.67,0.014,0.057,0.102
17.68,0.014,0.035,0.105
17.69,0.014,0.021,0.108
17.7,0.014,-0.045,0.126
17.71,0.014,0.03,0.107
17.72,0.014,0.019,0.109
17.73,0.014,0.011,0.11
17.74,0.014,-0.022,0.119
17.75,0.014,-0.043,0.126
17.76,0.014,0.002,0.116
17.77,0.014,-0.027,0.124
17.78,0.014,-0.017,0.123
17.79,0.014,0.078,0.097
17.8,0.014,0.018,0.11
17.81,0.014,-0.018,0.12
17.82,0.014,0.018,0.111
17.83,0.015,0.04,0.104
17.84,0.015,0.025,0.106
17.85,0.015,0.015,0.108
17.86,0.015,-0.049,0.126
17.87,0.014,0.028,0.106
17.88,0.014,-0.012,0.117
17.89,0.014,-0.066,0.133
17.9,0.015,0.077,0.096
17.91,0.015,0.018,0.109
17.92,0.015,-0.018,0.118
17.93,0.015,0.018,0.109
17.94,0.015,0.011,0.11
17.95,0.015,0.006,0.111
17.96,0.015,-0.025,0.12
17.97,0.015,0.014,0.111
17.98,0.015,0.008,0.112
17.99,0.015,-0.024,0.121
18.0,0.015,-0.044,0.128
18.01,0.015,0.002,0.117
18.02,0.015,0.03,0.109
18.03,0.016,0.048,0.103
18.04,0.016,0.0,0.114
18.05,0.016,0.0,0.114
18.06,0.016,0.029,0.106
18.07,0.016,0.047,0.1
18.08,0.016,-0.029,0.119
18.09,0.016,0.011,0.109
18.1,0.016,-0.022,0.118
18.11,0.016,-0.073,0.134
18.12,0.016,0.043,0.105
18.13,0.016,0.056,0.099
18.14,0.016,0.034,0.103
18.15,0.016,0.021,0.105
18.16,0.016,-0.016,0.115
18.17,0.016,-0.01,0.114
18.18,0.016,-0.035,0.122
18.19,0.015,0.007,0.112
18.2,0.015,-0.054,0.129
18.21,0.016,-0.003,0.117
18.22,0.016,-0.002,0.117
18.23,0.016,0.028,0.109
18.24,0.016,-0.041,0.127
18.25,0.016,0.003,0.117
18.26,0.016,0.002,0.117
18.27,0.017,0.031,0.109
18.28,0.017,0.107,0.086
18.29,0.017,0.095,0.085
18.3,0.017,-0.029,0.115
18.31,0.016,-0.048,0.122
18.32,0.016,-0.029,0.119
18.33,0.016,-0.018,0.118
18.34,0.016,-0.011,0.117
18.35,0.016,-0.036,0.125
18.36,0.016,-0.022,0.123
18.37,0.016,0.075,0.097
18.38,0.016,-0.013,0.118
18.39,0.017,-0.037,0.125
18.4,0.017,0.006,0.115
18.41,0.017,0.033,0.107
18.42,0.017,-0.008,0.118
18.43,0.017,0.024,0.109
18.44,0.017,0.014,0.111
18.45,0.017,-0.05,0.128
18.46,0.017,0.058,0.101
18.47,0.017,0.006,0.112
18.48,0.017,-0.055,0.129
18.49,0.017,0.025,0.11
18.5,0.017,-0.014,0.12
18.51,0.017,0.02,0.111
18.52,0.017,0.072,0.095
18.53,0.017,-0.014,0.116
18.54,0.017,0.02,0.107
18.55,0.017,0.042,0.1
18.56,0.017,-0.092,0.136
18.57,0.017,-0.027,0.123
18.58,0.017,0.012,0.113
18.59,0.017,0.007,0.114
18.6,0.017,0.034,0.106
18.61,0.017,-0.008,0.117
18.62,0.017,-0.005,0.116
18.63,0.017,-0.003,0.116
18.64,0.018,0.027,0.108
18.65,0.018,-0.012,0.118
18.66,0.018,0.051,0.101
18.67,0.018,0.031,0.104
18.68,0.018,-0.01,0.114
18.69,0.018,-0.006,0.113
18.7,0.018,0.055,0.097
18.71,0.018,0.004,0.108
18.72,0.018,-0.026,0.117
18.73,0.017,-0.046,0.124
18.74,0.017,-0.028,0.121
18.75,0.017,0.012,0.111
18.76,0.018,0.007,0.112
18.77,0.018,0.034,0.105
18.78,0.018,0.05,0.098
18.79,0.018,-0.057,0.126
18.8,0.018,0.023,0.106
18.81,0.018,-0.015,0.116
18.82,0.018,0.02,0.107
18.83,0.018,0.012,0.109
18.84,0.018,0.007,0.109
18.85,0.018,-0.024,0.118
18.86,0.018,0.073,0.092
18.87,0.018,-0.043,0.121
18.88,0.018,0.002,0.111
18.89,0.018,0.001,0.111
18.9,0.018,0.001,0.111
18.91,0.018,0.0,0.111
18.92,0.018,-0.029,0.12
18.93,0.018,-0.017,0.118
18.94,0.019,0.048,0.101
18.95,0.019,0.0,0.112
18.96,0.019,0.0,0.112
18.97,0.019,0.029,0.104
18.98,0.019,0.018,0.106
18.99,0.019,-0.018,0.115
19.0,0.019,0.018,0.106
19.01,0.019,0.011,0.107
19.02,0.019,0.036,0.099
19.03,0.019,-0.036,0.118
19.04,0.019,-0.052,0.124
19.05,0.019,-0.032,0.122
19.06,0.019,0.039,0.103
19.07,0.019,-0.005,0.114
19.08,0.019,-0.003,0.114
19.09,0.019,0.027,0.105
19.1,0.019,0.016,0.107
19.11,0.019,-0.019,0.116
19.12,0.019,-0.011,0.115
19.13,0.019,0.022,0.107
19.14,0.019,-0.015,0.116
19.15,0.019,-0.009,0.115
19.16,0.019,0.023,0.107
19.17,0.019,0.014,0.108
19.18,0.019,0.008,0.109
19.19,0.019,0.035,0.101
19.2,0.019,-0.008,0.112
19.21,0.019,-0.034,0.12
19.22,0.019,-0.05,0.126
19.23,0.019,0.057,0.098
19.24,0.019,0.035,0.102
19.25,0.019,-0.037,0.121
19.26,0.019,0.006,0.11
19.27,0.019,0.004,0.111
19.28,0.019,0.032,0.103
19.29,0.019,-0.039,0.121
19.3,0.019,-0.024,0.119
19.31,0.019,-0.014,0.118
19.32,0.019,0.02,0.109
19.33,0.019,-0.017,0.118
19.34,0.019,0.019,0.109
19.35,0.019,0.011,0.11
19.36,0.019,0.036,0.103
19.37,0.019,0.022,0.105
19.38,0.019,0.043,0.098
19.39,0.019,-0.062,0.126
19.4,0.019,0.021,0.106
19.41,0.019,0.012,0.107
19.42,0.019,-0.08,0.133
19.43,0.019,-0.049,0.128
19.44,0.019,0.087,0.092
19.45,0.019,0.024,0.105
19.46,0.019,-0.014,0.115
19.47,0.019,-0.008,0.115
19.48,0.019,0.024,0.106
19.49,0.02,-0.014,0.116
19.5,0.02,-0.009,0.115
19.51,0.02,0.024,0.106
19.52,0.02,-0.044,0.124
19.53,0.02,0.031,0.105
19.54,0.02,0.019,0.107
19.55,0.02,0.012,0.108
19.56,0.02,-0.022,0.117
19.57,0.02,0.015,0.108
19.58,0.02,-0.108,0.142
19.59,0.02,0.11,0.086
19.6,0.02,-0.02,0.117
19.61,0.02,-0.042,0.124
19.62,0.02,0.033,0.106
19.63,0.02,-0.009,0.116
19.64,0.02,0.053,0.099
19.65,0.02,0.003,0.11
19.66,0.02,-0.027,0.119
19.67,0.02,-0.046,0.126
19.68,0.02,0.03,0.106
19.69,0.02,0.018,0.108
19.7,0.02,0.011,0.11
19.71,0.02,0.036,0.102
19.72,0.02,0.111,0.079
19.73,0.02,-0.109,0.136
19.74,0.02,-0.007,0.113
19.75,0.02,-0.034,0.121
19.76,0.02,0.038,0.102
19.77,0.02,-0.006,0.113
19.78,0.02,-0.003,0.112
19.79,0.02,-0.002,0.112
19.8,0.02,0.028,0.104
19.81,0.02,0.017,0.106
19.82,0.02,0.01,0.107
19.83,0.02,-0.023,0.116
19.84,0.02,-0.043,0.123
19.85,0.02,0.002,0.112
19.86,0.021,0.031,0.104
19.87,0.021,0.019,0.106
19.88,0.021,-0.047,0.124
19.89,0.021,0.0,0.113
19.9,0.021,0.029,0.104
19.91,0.021,0.018,0.106
19.92,0.021,0.011,0.107
19.93,0.02,0.006,0.108
19.94,0.02,-0.025,0.117
19.95,0.02,0.014,0.107
19.96,0.02,-0.02,0.116
19.97,0.02,-0.012,0.115
19.98,0.02,-0.067,0.131
19.99,0.02,0.077,0.094
20.0,0.02,0.017,0.107
20.01,0.02,0.01,0.108
20.02,0.02,0.006,0.109
20.03,0.02,0.004,0.109
20.04,0.02,-0.027,0.118
20.05,0.02,-0.046,0.125
20.06,0.02,0.03,0.105
20.07,0.02,-0.01,0.116
20.08,0.02,-0.006,0.115
20.09,0.02,0.084,0.09
20.1,0.02,-0.007,0.111
20.11,0.021,-0.004,0.111
20.12,0.021,-0.061,0.127
20.13,0.021,0.05,0.099
20.14,0.021,0.001,0.11
20.15,0.021,0.03,0.102
20.16,0.021,0.018,0.104
20.17,0.021,-0.018,0.113
20.18,0.021,-0.011,0.112
20.19,0.021,-0.036,0.12
20.2,0.021,0.066,0.093
20.21,0.021,0.011,0.105
20.22,0.021,0.006,0.106
20.23,0.021,0.004,0.107
20.24,0.021,0.002,0.107
20.25,0.021,-0.028,0.115
20.26,0.021,0.012,0.106
20.27,0.021,0.007,0.106
20.28,0.021,0.004,0.107
20.29,0.021,-0.026,0.115
20.3,0.021,0.013,0.106
20.31,0.021,0.008,0.107
20.32,0.021,0.004,0.107
20.33,0.021,-0.056,0.124
20.34,0.021,-0.034,0.121
20.35,0.021,0.067,0.094
20.36,0.021,-0.017,0.115
20.37,0.021,0.048,0.097
20.38,0.021,-0.029,0.116
20.39,0.021,0.011,0.107
20.4,0.021,-0.022,0.116
20.41,0.021,-0.013,0.114
20.42,0.021,0.021,0.105
20.43,0.021,-0.046,0.123
20.44,0.021,0.03,0.104
20.45,0.021,0.018,0.106
20.46,0.021,0.011,0.107
20.47,0.021,0.007,0.108
20.48,0.021,0.004,0.108
20.49,0.021,-0.026,0.117
20.5,0.021,-0.046,0.123
20.51,0.021,0.06,0.096
20.52,0.021,-0.022,0.116
20.53,0.021,0.016,0.107
20.54,0.021,0.009,0.108
20.55,0.021,0.006,0.108
20.56,0.021,0.003,0.109
20.57,0.021,0.031,0.101
20.58,0.021,0.049,0.094
20.59,0.021,-0.058,0.122
20.6,0.021,-0.006,0.11
20.61,0.021,-0.033,0.118
20.62,0.021,0.009,0.108
20.63,0.021,-0.053,0.125
20.64,0.021,0.026,0.106
20.65,0.021,-0.013,0.116
20.66,0.021,0.021,0.107
20.67,0.021,0.013,0.108
20.68,0.022,0.037,0.1
20.69,0.022,-0.006,0.111
20.7,0.022,0.025,0.102
20.71,0.022,0.015,0.104
20.72,0.022,0.009,0.105
20.73,0.022,-0.023,0.114
20.74,0.022,-0.014,0.112
20.75,0.022,0.02,0.103
20.76,0.021,0.012,0.104
20.77,0.021,0.037,0.097
20.78,0.021,-0.036,0.116
20.79,0.021,-0.022,0.114
20.8,0.021,-0.013,0.112
20.81,0.021,-0.008,0.112
20.82,0.021,-0.005,0.111
20.83,0.021,0.056,0.094
20.84,0.022,0.064,0.089
20.85,0.022,-0.019,0.11
20.86,0.022,-0.13,0.142
20.87,0.022,0.038,0.101
20.88,0.022,-0.006,0.112
20.89,0.022,-0.033,0.12
20.9,0.022,0.068,0.093
20.91,0.022,0.041,0.097
20.92,0.022,0.055,0.091
20.93,0.022,-0.025,0.111
20.94,0.022,-0.015,0.109
20.95,0.022,-0.039,0.117
20.96,0.022,-0.024,0.115
20.97,0.022,0.014,0.105
20.98,0.022,-0.05,0.122
20.99,0.022,-0.03,0.12
21.0,0.022,0.04,0.101
21.01,0.022,-0.034,0.12
21.02,0.022,0.038,0.102
21.03,0.022,-0.006,0.112
21.04,0.022,0.025,0.104
21.05,0.022,0.015,0.105
21.06,0.022,0.009,0.106
21.07,0.022,-0.023,0.115
21.08,0.022,-0.014,0.114
21.09,0.022,-0.038,0.121
21.1,0.022,0.035,0.103
21.11,0.022,-0.037,0.121
21.12,0.022,0.036,0.103
21.13,0.022,0.022,0.105
21.14,0.022,-0.104,0.139
21.15,0.022,-0.005,0.117
21.16,0.022,0.056,0.1
21.17,0.022,-0.054,0.128
21.18,0.022,-0.033,0.125
21.19,0.023,-0.02,0.123
21.2,0.023,-0.012,0.122
21.21,0.023,0.021,0.113
21.22,0.023,-0.016,0.123
21.23,0.023,0.019,0.113
21.24,0.023,-0.017,0.123
21.25,0.022,-0.099,0.147
21.26,0.022,-0.09,0.15
21.27,0.021,-0.114,0.161
21.28,0.021,-0.1,0.163
21.29,0.02,-0.031,0.149
21.3,0.02,-0.138,0.18
21.31,0.019,-0.143,0.189
21.32,0.018,-0.029,0.165
21.33,0.018,-0.106,0.188
21.34,0.017,-0.154,0.207
21.35,0.017,-0.094,0.198
21.36,0.016,-0.147,0.218
21.37,0.016,-0.001,0.185
21.38,0.016,-0.089,0.21
21.39,0.016,-0.055,0.205
21.4,0.015,-0.093,0.219
21.41,0.015,-0.145,0.239
21.42,0.015,-0.089,0.231
21.43,0.014,-0.055,0.226
21.44,0.014,-0.063,0.232
21.45,0.014,-0.009,0.22
21.46,0.013,-0.183,0.27
21.47,0.013,-0.142,0.268
21.48,0.013,-0.176,0.285
21.49,0.013,-0.019,0.251
21.5,0.013,-0.011,0.25
21.51,0.013,-0.066,0.267
21.52,0.013,-0.129,0.288
21.53,0.012,-0.079,0.281
21.54,0.012,-0.048,0.278
21.55,0.012,-0.089,0.292
21.56,0.012,0.004,0.271
21.57,0.012,-0.115,0.305
21.58,0.012,-0.041,0.291
21.59,0.012,0.063,0.264
21.6,0.011,-0.02,0.285
21.61,0.011,-0.012,0.284
21.62,0.01,-0.066,0.301
21.63,0.01,-0.159,0.331
21.64,0.009,-0.038,0.306
21.65,0.009,-0.29,0.379
21.66,0.009,-0.207,0.371
21.67,0.009,-0.038,0.335
21.68,0.01,0.242,0.259
21.69,0.01,0.089,0.291
21.7,0.01,0.143,0.272
21.71,0.01,0.088,0.281
21.72,0.01,-0.004,0.303
21.73,0.01,-0.003,0.304
21.74,0.01,-0.031,0.312
21.75,0.01,0.128,0.27
21.76,0.011,0.138,0.261
21.77,0.011,0.144,0.253
21.78,0.012,0.147,0.246
21.79,0.012,0.149,0.238
21.8,0.012,0.18,0.223
21.81,0.013,0.022,0.258
21.82,0.013,0.102,0.235
21.83,0.013,0.151,0.217
21.84,0.014,0.093,0.226
21.85,0.015,0.175,0.199
21.86,0.015,0.167,0.193
21.87,0.016,0.013,0.228
21.88,0.016,0.097,0.204
21.89,0.017,0.207,0.169
21.9,0.018,0.127,0.181
21.91,0.019,0.196,0.155
21.92,0.02,0.061,0.184
21.93,0.02,0.126,0.162
21.94,0.021,0.107,0.162
21.95,0.022,0.154,0.143
21.96,0.023,0.213,0.119
21.97,0.024,0.131,0.132
21.98,0.025,0.11,0.131
21.99,0.025,0.126,0.121
22.0,0.026,0.166,0.103
22.01,0.027,0.131,0.105
22.02,0.027,0.11,0.104
22.03,0.028,0.097,0.102
22.04,0.029,0.148,0.083
22.05,0.029,0.091,0.091
22.06,0.03,0.085,0.088
22.07,0.031,0.259,0.035
22.08,0.032,0.011,0.091
22.09,0.032,0.155,0.05
22.1,0.033,0.184,0.034
22.11,0.034,0.113,0.045
22.12,0.035,0.158,0.026
22.13,0.035,0.156,0.018
22.14,0.036,0.096,0.027
22.15,0.037,0.118,0.016
22.16,0.037,0.102,0.014
22.17,0.037,0.003,0.036
22.18,0.038,-0.086,0.061
22.19,0.038,0.065,0.022
22.2,0.039,0.099,0.009
22.21,0.039,0.09,0.006
22.22,0.04,0.085,0.002
22.23,0.04,0.111,-0.009
22.24,0.04,0.098,-0.011
22.25,0.04,0.001,0.01
22.26,0.04,-0.058,0.026
22.27,0.04,-0.035,0.022
22.28,0.04,-0.051,0.028
22.29,0.04,0.027,0.008
22.3,0.04,0.046,0.001
22.31,0.04,-0.119,0.044
22.32,0.039,-0.043,0.029
22.33,0.04,0.061,0.001
22.34,0.04,0.038,0.004
22.35,0.039,0.023,0.006
22.36,0.039,-0.015,0.015
22.37,0.039,-0.068,0.03
22.38,0.039,-0.042,0.026
22.39,0.039,0.092,-0.009
22.4,0.039,0.027,0.003
22.41,0.038,0.253,-0.061
22.42,0.038,0.214,-0.063
22.43,0.038,0.072,-0.035
22.44,0.038,0.044,-0.031
22.45,0.039,0.057,-0.038
22.46,0.04,0.094,-0.052
22.47,0.042,0.117,-0.063
22.48,0.043,0.101,-0.065
22.49,0.045,0.091,-0.069
22.5,0.047,0.145,-0.089
22.51,0.048,0.148,-0.098
22.52,0.049,0.179,-0.115
22.53,0.05,0.11,-0.105
22.54,0.051,0.186,-0.133
22.55,0.051,0.025,-0.098
22.56,0.051,0.015,-0.097
22.57,0.051,0.009,-0.097
22.58,0.05,-0.053,-0.081
22.59,0.049,-0.003,-0.093
22.6,0.048,0.057,-0.11
22.61,0.048,-0.083,-0.075
22.62,0.047,-0.051,-0.08
22.63,0.046,-0.031,-0.084
22.64,0.045,-0.108,-0.062
22.65,0.045,-0.095,-0.061
22.66,0.045,-0.029,-0.075
22.67,0.045,0.07,-0.102
22.68,0.046,0.043,-0.099
22.69,0.047,0.026,-0.097
22.7,0.047,0.046,-0.105
22.71,0.048,0.087,-0.12
22.72,0.049,0.083,-0.124
22.73,0.05,0.11,-0.136
22.74,0.052,0.127,-0.147
22.75,0.053,0.166,-0.166
22.76,0.054,0.102,-0.157
22.77,0.054,0.062,-0.152
22.78,0.055,0.127,-0.174
22.79,0.056,0.137,-0.184
22.8,0.056,0.084,-0.177
22.81,0.057,0.111,-0.19
22.82,0.057,0.068,-0.185
22.83,0.058,0.041,-0.182
22.84,0.058,0.055,-0.189
22.85,0.059,0.122,-0.211
22.86,0.059,0.105,-0.214
22.87,0.06,0.064,-0.209
22.88,0.061,0.069,-0.214
22.89,0.061,0.072,-0.22
22.9,0.062,0.044,-0.217
22.91,0.063,0.116,-0.24
22.92,0.064,0.041,-0.226
22.93,0.065,0.084,-0.242
22.94,0.066,0.111,-0.255
22.95,0.067,0.127,-0.266
22.96,0.067,0.107,-0.268
22.97,0.067,-0.022,-0.238
22.98,0.067,-0.102,-0.216
22.99,0.066,-0.092,-0.215
23.0,0.064,-0.027,-0.23
23.01,0.062,-0.105,-0.208
23.02,0.06,-0.153,-0.19
23.03,0.057,-0.212,-0.167
23.04,0.055,-0.13,-0.18
23.05,0.054,-0.109,-0.181
23.06,0.053,-0.067,-0.188
23.07,0.053,-0.248,-0.135
23.08,0.053,-0.034,-0.183
23.09,0.055,0.067,-0.211
23.1,0.056,0.13,-0.233
23.11,0.058,0.198,-0.26
23.12,0.06,0.121,-0.25
23.13,0.063,0.104,-0.252
23.14,0.065,0.241,-0.297
23.15,0.067,0.237,-0.309
23.16,0.069,0.234,-0.321
23.17,0.071,0.203,-0.326
23.18,0.072,0.213,-0.34
23.19,0.074,0.19,-0.346
23.2,0.074,0.146,-0.344
23.21,0.075,0.089,-0.337
23.22,0.076,0.055,-0.334
23.23,0.076,0.063,-0.34
23.24,0.077,0.039,-0.338
23.25,0.077,0.083,-0.354
23.26,0.077,0.08,-0.359
23.27,0.078,0.049,-0.356
23.28,0.078,0.089,-0.371
23.29,0.079,0.084,-0.375
23.3,0.079,0.051,-0.372
23.31,0.08,0.061,-0.379
23.32,0.08,0.067,-0.385
23.33,0.081,-0.017,-0.366
23.34,0.082,0.077,-0.394
23.35,0.082,0.077,-0.399
23.36,0.083,0.077,-0.405
23.37,0.083,0.047,-0.402
23.38,0.084,0.029,-0.401
23.39,0.085,0.077,-0.417
23.4,0.086,0.047,-0.415
23.41,0.086,0.058,-0.422
23.42,0.087,0.065,-0.428
23.43,0.088,0.129,-0.451
23.44,0.088,0.02,-0.429
23.45,0.088,0.041,-0.438
23.46,0.089,0.055,-0.445
23.47,0.09,0.033,-0.444
23.48,0.091,0.08,-0.46
23.49,0.092,0.138,-0.482
23.5,0.094,0.114,-0.484
23.51,0.096,0.188,-0.513
23.52,0.098,0.145,-0.512
23.53,0.099,0.118,-0.514
23.54,0.101,0.161,-0.534
23.55,0.102,0.128,-0.535
23.56,0.103,0.108,-0.537
23.57,0.103,0.126,-0.55
23.58,0.102,0.047,-0.536
23.59,0.101,-0.029,-0.519
23.6,0.099,-0.107,-0.498
23.61,0.097,-0.095,-0.498
23.62,0.095,-0.236,-0.455
23.63,0.093,-0.174,-0.463
23.64,0.091,-0.166,-0.458
23.65,0.089,-0.22,-0.436
23.66,0.088,-0.165,-0.443
23.67,0.086,-0.16,-0.437
23.68,0.085,-0.128,-0.44
23.69,0.085,-0.078,-0.449
23.7,0.085,0.01,-0.472
23.71,0.084,-0.052,-0.456
23.72,0.084,-0.032,-0.461
23.73,0.084,-0.079,-0.448
23.74,0.084,0.01,-0.471
23.75,0.084,-0.052,-0.455
23.76,0.084,-0.002,-0.468
23.77,0.084,-0.001,-0.47
23.78,0.084,-0.001,-0.472
23.79,0.084,0.0,-0.474
23.8,0.084,0.0,-0.475
23.81,0.084,0.029,-0.485
23.82,0.083,-0.07,-0.46
23.83,0.083,-0.073,-0.458
23.84,0.082,-0.044,-0.464
23.85,0.081,-0.057,-0.46
23.86,0.081,-0.064,-0.456
23.87,0.08,0.019,-0.478
23.88,0.08,-0.047,-0.462
23.89,0.079,-0.029,-0.466
23.9,0.078,-0.077,-0.453
23.91,0.078,-0.076,-0.451
23.92,0.079,0.011,-0.473
23.93,0.08,0.007,-0.474
23.94,0.081,0.063,-0.492
23.95,0.083,0.098,-0.507
23.96,0.085,0.178,-0.536
23.97,0.087,0.109,-0.527
23.98,0.089,0.156,-0.547
23.99,0.09,0.155,-0.556
24.0,0.091,0.124,-0.558
24.01,0.091,0.106,-0.56
24.02,0.091,0.006,-0.539
24.03,0.09,0.003,-0.541
24.04,0.088,-0.056,-0.526
24.05,0.086,-0.123,-0.506
24.06,0.083,-0.164,-0.49
24.07,0.081,-0.19,-0.476
24.08,0.078,-0.205,-0.464
24.09,0.076,-0.244,-0.445
24.1,0.074,-0.15,-0.46
24.11,0.073,-0.21,-0.437
24.12,0.073,-0.129,-0.451
24.13,0.072,-0.109,-0.451
24.14,0.073,-0.037,-0.468
24.15,0.074,0.036,-0.488
24.16,0.075,0.051,-0.495
24.17,0.076,0.091,-0.51
24.18,0.078,0.115,-0.523
24.19,0.079,0.1,-0.526
24.2,0.08,0.15,-0.547
24.21,0.08,0.092,-0.54
24.22,0.08,0.056,-0.536
24.23,0.08,0.005,-0.526
24.24,0.08,0.032,-0.536
24.25,0.079,-0.068,-0.511
24.26,0.078,-0.042,-0.516
24.27,0.077,-0.114,-0.495
24.28,0.075,-0.04,-0.512
24.29,0.074,-0.173,-0.474
24.3,0.073,-0.135,-0.477
24.31,0.071,-0.201,-0.453
24.32,0.07,-0.094,-0.475
24.33,0.07,-0.117,-0.465
24.34,0.069,-0.071,-0.473
24.35,0.068,-0.073,-0.47
24.36,0.068,-0.074,-0.468
24.37,0.067,-0.075,-0.465
24.38,0.067,-0.046,-0.471
24.39,0.066,0.001,-0.483
24.4,0.066,-0.028,-0.476
24.41,0.066,-0.017,-0.479
24.42,0.065,-0.07,-0.465
24.43,0.065,-0.013,-0.478
24.44,0.065,0.021,-0.489
24.45,0.065,-0.046,-0.472
24.46,0.065,0.03,-0.493
24.47,0.065,-0.069,-0.467
24.48,0.065,-0.042,-0.473
24.49,0.064,0.003,-0.485
24.5,0.064,-0.027,-0.478
24.51,0.064,-0.046,-0.472
24.52,0.064,0.001,-0.484
24.53,0.064,-0.028,-0.477
24.54,0.063,-0.047,-0.472
24.55,0.063,-0.029,-0.476
24.56,0.063,0.011,-0.487
24.57,0.063,-0.052,-0.471
24.58,0.062,-0.031,-0.475
24.59,0.062,-0.019,-0.479
24.6,0.062,-0.012,-0.481
24.61,0.061,-0.007,-0.483
24.62,0.061,-0.034,-0.476
24.63,0.061,-0.05,-0.471
24.64,0.061,-0.06,-0.467
24.65,0.061,0.021,-0.488
24.66,0.061,0.013,-0.488
24.67,0.061,0.008,-0.489
24.68,0.061,0.034,-0.498
24.69,0.061,-0.008,-0.489
24.7,0.06,-0.034,-0.482
24.71,0.06,-0.021,-0.485
24.72,0.06,-0.042,-0.479
24.73,0.06,0.003,-0.491
24.74,0.06,0.031,-0.5
24.75,0.06,-0.01,-0.492
24.76,0.06,-0.006,-0.493
24.77,0.059,-0.063,-0.478
24.78,0.059,-0.009,-0.491
24.79,0.059,-0.005,-0.493
24.8,0.058,-0.033,-0.486
24.81,0.058,-0.049,-0.481
24.82,0.057,-0.06,-0.477
24.83,0.057,-0.096,-0.465
24.84,0.056,-0.088,-0.463
24.85,0.055,-0.024,-0.478
24.86,0.055,-0.015,-0.48
24.87,0.053,-0.098,-0.458
24.88,0.052,-0.089,-0.456
24.89,0.051,-0.114,-0.446
24.9,0.049,-0.159,-0.428
24.91,0.049,-0.097,-0.439
24.92,0.049,-0.03,-0.453
24.93,0.05,-0.018,-0.456
24.94,0.052,0.077,-0.483
24.95,0.054,0.136,-0.504
24.96,0.056,0.172,-0.523
24.97,0.058,0.135,-0.522
24.98,0.06,0.231,-0.557
24.99,0.062,0.171,-0.553
25.0,0.064,0.134,-0.552
25.01,0.064,0.142,-0.562
25.02,0.065,0.087,-0.555
25.03,0.065,0.083,-0.56
25.04,0.064,0.051,-0.556
25.05,0.063,-0.057,-0.53
25.06,0.062,-0.064,-0.526
25.07,0.06,-0.128,-0.506
25.08,0.059,-0.138,-0.498
25.09,0.057,-0.084,-0.507
25.1,0.055,-0.111,-0.497
25.11,0.054,-0.127,-0.488
25.12,0.052,-0.196,-0.463
25.13,0.05,-0.18,-0.459
25.14,0.049,-0.199,-0.446
25.15,0.048,-0.122,-0.458
25.16,0.048,-0.045,-0.474
25.17,0.049,-0.027,-0.478
25.18,0.05,0.042,-0.497
25.19,0.052,0.055,-0.504
25.2,0.053,0.122,-0.527
25.21,0.055,0.134,-0.537
25.22,0.056,0.23,-0.572
25.23,0.057,0.082,-0.543
25.24,0.057,0.05,-0.539
25.25,0.057,0.06,-0.546
25.26,0.057,-0.021,-0.527
25.27,0.057,0.016,-0.538
25.28,0.056,0.009,-0.538
25.29,0.056,-0.023,-0.53
25.3,0.055,-0.073,-0.516
25.31,0.054,-0.104,-0.505
25.32,0.053,-0.034,-0.52
25.33,0.052,-0.08,-0.507
25.34,0.051,-0.108,-0.496
25.35,0.051,-0.066,-0.503
25.36,0.051,-0.04,-0.508
25.37,0.05,-0.084,-0.495
25.38,0.05,-0.051,-0.5
25.39,0.051,0.057,-0.529
25.4,0.051,0.035,-0.527
25.41,0.051,-0.008,-0.518
25.42,0.051,-0.034,-0.511
25.43,0.051,0.008,-0.522
25.44,0.051,0.005,-0.523
25.45,0.05,-0.056,-0.507
25.46,0.05,0.024,-0.528
25.47,0.05,-0.043,-0.511
25.48,0.05,0.002,-0.522
25.49,0.049,-0.057,-0.507
25.5,0.048,-0.094,-0.494
25.51,0.047,-0.028,-0.509
25.52,0.046,-0.106,-0.487
25.53,0.045,-0.124,-0.477
25.54,0.043,-0.106,-0.477
25.55,0.042,-0.124,-0.468
25.56,0.042,-0.105,-0.467
25.57,0.042,-0.094,-0.466
25.58,0.042,0.001,-0.489
25.59,0.043,0.0,-0.49
25.6,0.044,0.059,-0.507
25.61,0.045,0.066,-0.513
25.62,0.046,0.07,-0.518
25.63,0.047,0.102,-0.531
25.64,0.048,0.122,-0.543
25.65,0.048,0.074,-0.537
25.66,0.048,0.075,-0.542
25.67,0.048,-0.012,-0.522
25.68,0.047,-0.007,-0.523
25.69,0.046,-0.034,-0.516
25.7,0.045,-0.08,-0.503
25.71,0.044,-0.108,-0.492
25.72,0.042,-0.096,-0.491
25.73,0.041,-0.147,-0.472
25.74,0.039,-0.209,-0.448
25.75,0.037,-0.158,-0.453
25.76,0.035,-0.156,-0.446
25.77,0.034,-0.155,-0.439
25.78,0.033,-0.154,-0.433
25.79,0.032,-0.035,-0.459
25.8,0.032,-0.051,-0.453
25.81,0.031,-0.09,-0.44
25.82,0.031,-0.115,-0.429
25.83,0.031,0.018,-0.462
25.84,0.031,0.011,-0.461
25.85,0.032,0.006,-0.461
25.86,0.032,0.004,-0.461
25.87,0.032,0.002,-0.462
25.88,0.033,-0.028,-0.454
25.89,0.033,0.042,-0.473
25.9,0.033,0.055,-0.479
25.91,0.033,0.004,-0.468
25.92,0.033,0.032,-0.477
25.93,0.033,-0.009,-0.467
25.94,0.033,0.023,-0.477
25.95,0.032,-0.015,-0.468
25.96,0.032,-0.038,-0.461
25.97,0.031,0.005,-0.472
25.98,0.031,-0.055,-0.456
25.99,0.031,-0.123,-0.435
26.0,0.03,0.013,-0.468
26.01,0.03,-0.021,-0.459
26.02,0.03,-0.042,-0.453
26.03,0.03,0.003,-0.464
26.04,0.03,0.002,-0.464
26.05,0.03,-0.028,-0.457
26.06,0.03,-0.017,-0.459
26.07,0.03,-0.01,-0.46
26.08,0.03,0.052,-0.478
26.09,0.03,0.002,-0.467
26.1,0.03,-0.027,-0.46
26.11,0.03,-0.046,-0.453
26.12,0.03,-0.028,-0.457
26.13,0.03,0.011,-0.467
26.14,0.03,0.007,-0.467
26.15,0.03,0.034,-0.476
26.16,0.03,0.02,-0.474
26.17,0.03,-0.016,-0.465
26.18,0.03,0.019,-0.475
26.19,0.031,0.041,-0.483
26.2,0.031,0.025,-0.481
26.21,0.032,0.015,-0.48
26.22,0.032,0.068,-0.496
26.23,0.033,0.012,-0.485
26.24,0.033,0.096,-0.51
26.25,0.034,0.059,-0.505
26.26,0.034,0.006,-0.494
26.27,0.034,0.033,-0.502
26.28,0.034,0.02,-0.501
26.29,0.034,-0.046,-0.484
26.3,0.033,0.001,-0.495
26.31,0.033,0.0,-0.496
26.32,0.032,-0.029,-0.488
26.33,0.032,-0.077,-0.474
26.34,0.031,-0.017,-0.487
26.35,0.031,-0.07,-0.472
26.36,0.031,-0.013,-0.485
26.37,0.03,-0.008,-0.487
26.38,0.03,-0.034,-0.48
26.39,0.03,-0.08,-0.466
26.4,0.03,-0.019,-0.479
26.41,0.03,-0.012,-0.481
26.42,0.03,-0.037,-0.474
26.43,0.03,0.036,-0.493
26.44,0.03,0.022,-0.492
26.45,0.03,0.043,-0.499
26.46,0.03,-0.032,-0.481
26.47,0.03,0.039,-0.5
26.48,0.03,0.053,-0.506
26.49,0.03,-0.055,-0.479
26.5,0.03,-0.034,-0.483
26.51,0.029,-0.05,-0.477
26.52,0.029,-0.06,-0.472
26.53,0.029,-0.037,-0.476
26.54,0.029,0.006,-0.487
26.55,0.029,0.004,-0.487
26.56,0.029,-0.027,-0.48
26.57,0.029,0.012,-0.49
26.58,0.029,0.037,-0.498
26.59,0.029,-0.065,-0.472
26.6,0.029,0.048,-0.501
26.61,0.028,0.0,-0.49
26.62,0.028,-0.029,-0.482
26.63,0.028,-0.047,-0.476
26.64,0.028,-0.029,-0.48
26.65,0.028,0.011,-0.49
26.66,0.027,-0.111,-0.457
26.67,0.027,0.02,-0.489
26.68,0.027,0.012,-0.488
26.69,0.027,0.037,-0.496
26.7,0.027,-0.036,-0.478
26.71,0.027,0.007,-0.489
26.72,0.027,-0.025,-0.481
26.73,0.027,-0.015,-0.483
26.74,0.027,0.02,-0.492
26.75,0.027,0.012,-0.492
26.76,0.027,-0.051,-0.475
26.77,0.026,-0.002,-0.487
26.78,0.026,-0.001,-0.487
26.79,0.026,-0.06,-0.471
26.8,0.026,-0.036,-0.475
26.81,0.026,-0.022,-0.478
26.82,0.025,-0.013,-0.48
26.83,0.025,0.021,-0.489
26.84,0.025,-0.046,-0.472
26.85,0.025,-0.028,-0.475
26.86,0.025,0.041,-0.494
26.87,0.025,0.025,-0.492
26.88,0.025,-0.043,-0.474
26.89,0.025,-0.026,-0.477
26.9,0.025,0.013,-0.488
26.91,0.024,-0.021,-0.479
26.92,0.024,-0.042,-0.473
26.93,0.024,-0.026,-0.475
26.94,0.024,0.013,-0.486
26.95,0.025,0.067,-0.502
26.96,0.024,-0.017,-0.482
26.97,0.024,-0.04,-0.475
26.98,0.024,0.004,-0.486
26.99,0.024,0.062,-0.503
27.0,0.024,-0.05,-0.475
27.01,0.024,-0.001,-0.487
27.02,0.023,-0.089,-0.462
27.03,0.023,0.004,-0.485
27.04,0.023,0.002,-0.485
27.05,0.023,-0.057,-0.469
27.06,0.023,-0.005,-0.481
27.07,0.023,-0.003,-0.481
27.08,0.023,-0.031,-0.474
27.09,0.023,0.098,-0.509
27.1,0.022,-0.057,-0.471
27.11,0.022,-0.065,-0.466
27.12,0.022,-0.01,-0.479
27.13,0.022,-0.035,-0.471
27.14,0.022,-0.022,-0.474
27.15,0.022,0.016,-0.484
27.16,0.022,0.009,-0.483
27.17,0.022,-0.023,-0.475
27.18,0.022,0.015,-0.485
27.19,0.022,-0.02,-0.476
27.2,0.022,-0.042,-0.47
27.21,0.022,0.003,-0.481
27.22,0.022,-0.027,-0.473
27.23,0.022,0.012,-0.483
27.24,0.022,0.037,-0.491
27.25,0.021,0.023,-0.489
27.26,0.021,-0.015,-0.48
27.27,0.021,-0.039,-0.473
27.28,0.021,0.064,-0.5
27.29,0.02,-0.078,-0.464
27.3,0.02,-0.018,-0.477
27.31,0.02,-0.011,-0.479
27.32,0.02,-0.036,-0.471
27.33,0.02,-0.022,-0.474
27.34,0.02,-0.043,-0.467
27.35,0.02,0.002,-0.478
27.36,0.02,0.001,-0.479
27.37,0.02,0.03,-0.487
27.38,0.02,0.018,-0.486
27.39,0.02,-0.018,-0.477
27.4,0.02,-0.011,-0.478
27.41,0.02,0.022,-0.488
27.42,0.02,-0.045,-0.47
27.43,0.02,-0.027,-0.473
27.44,0.02,-0.046,-0.467
27.45,0.02,0.03,-0.486
27.46,0.02,0.018,-0.485
27.47,0.019,0.011,-0.484
27.48,0.019,-0.022,-0.476
27.49,0.019,0.015,-0.486
27.5,0.019,-0.049,-0.469
27.51,0.019,0.0,-0.48
27.52,0.018,-0.03,-0.472
27.53,0.018,-0.018,-0.474
27.54,0.018,-0.011,-0.476
27.55,0.018,-0.036,-0.468
27.56,0.018,-0.052,-0.463
27.57,0.018,-0.002,-0.474
27.58,0.018,-0.001,-0.475
27.59,0.018,0.028,-0.483
27.6,0.018,-0.011,-0.474
27.61,0.018,-0.036,-0.467
27.62,0.017,0.006,-0.477
27.63,0.017,0.004,-0.477
27.64,0.018,0.002,-0.477
27.65,0.018,0.031,-0.486
27.66,0.018,0.019,-0.484
27.67,0.018,-0.047,-0.467
27.68,0.017,-0.058,-0.462
27.69,0.018,-0.006,-0.474
27.7,0.018,-0.003,-0.475
27.71,0.018,0.056,-0.492
27.72,0.018,-0.024,-0.472
27.73,0.018,0.044,-0.49
27.74,0.017,0.027,-0.488
27.75,0.017,-0.042,-0.47
27.76,0.017,-0.026,-0.473
27.77,0.017,-0.016,-0.475
27.78,0.016,-0.009,-0.476
27.79,0.016,-0.006,-0.477
27.8,0.016,0.025,-0.486
27.81,0.016,-0.043,-0.468
27.82,0.016,-0.026,-0.471
27.83,0.016,-0.016,-0.473
27.84,0.016,-0.01,-0.474
27.85,0.015,-0.035,-0.467
27.86,0.015,-0.021,-0.469
27.87,0.015,-0.013,-0.471
27.88,0.016,-0.008,-0.472
27.89,0.016,-0.034,-0.464
27.9,0.016,0.008,-0.475
27.91,0.016,0.034,-0.483
27.92,0.016,0.05,-0.49
27.93,0.016,0.001,-0.479
27.94,0.016,0.001,-0.479
27.95,0.016,0.059,-0.496
27.96,0.016,-0.081,-0.459
27.97,0.016,-0.02,-0.473
27.98,0.016,-0.012,-0.474
27.99,0.016,-0.007,-0.475
28.0,0.016,-0.034,-0.468
28.01,0.016,0.038,-0.487
28.02,0.015,0.053,-0.493
28.03,0.015,-0.085,-0.457
28.04,0.015,0.036,-0.487
28.05,0.015,-0.007,-0.477
28.06,0.014,-0.004,-0.478
28.07,0.014,-0.032,-0.47
28.08,0.014,-0.019,-0.472
28.09,0.014,-0.041,-0.465
28.1,0.014,-0.025,-0.468
28.11,0.014,-0.015,-0.47
28.12,0.014,-0.009,-0.471
28.13,0.014,-0.005,-0.472
28.14,0.014,0.055,-0.489
28.15,0.015,0.004,-0.478
28.16,0.015,0.032,-0.486
28.17,0.015,0.019,-0.484
28.18,0.015,-0.017,-0.475
28.19,0.015,0.018,-0.485
28.2,0.015,-0.017,-0.476
28.21,0.014,-0.07,-0.46
28.22,0.014,-0.013,-0.473
28.23,0.014,-0.008,-0.474
28.24,0.014,-0.005,-0.475
28.25,0.014,0.056,-0.492
28.26,0.014,-0.024,-0.472
28.27,0.013,-0.044,-0.466
28.28,0.013,0.031,-0.485
28.29,0.013,-0.039,-0.467
28.3,0.013,-0.054,-0.461
28.31,0.012,-0.003,-0.473
28.32,0.012,-0.031,-0.465
28.33,0.012,-0.049,-0.459
28.34,0.012,0.0,-0.47
28.35,0.012,-0.029,-0.462
28.36,0.012,0.011,-0.472
28.37,0.012,-0.022,-0.464
28.38,0.013,0.045,-0.482
28.39,0.013,-0.001,-0.471
28.4,0.013,0.058,-0.488
28.41,0.014,0.035,-0.485
28.42,0.014,0.021,-0.483
28.43,0.014,0.043,-0.49
28.44,0.014,0.056,-0.496
28.45,0.014,0.004,-0.485
28.46,0.013,-0.056,-0.468
28.47,0.013,-0.004,-0.48
28.48,0.013,-0.032,-0.472
28.49,0.013,-0.079,-0.458
28.5,0.013,-0.019,-0.471
28.51,0.013,0.017,-0.481
28.52,0.012,-0.018,-0.472
28.53,0.012,0.077,-0.498
28.54,0.012,-0.041,-0.469
28.55,0.012,-0.054,-0.463
28.56,0.012,-0.033,-0.466
28.57,0.012,-0.109,-0.444
28.58,0.011,0.051,-0.483
28.59,0.011,0.061,-0.489
28.6,0.011,-0.021,-0.469
28.61,0.011,-0.013,-0.47
28.62,0.011,0.021,-0.48
28.63,0.011,-0.075,-0.454
28.64,0.011,0.012,-0.475
28.65,0.011,0.007,-0.474
28.66,0.011,0.034,-0.482
28.67,0.011,-0.008,-0.472
28.68,0.011,-0.005,-0.473
28.69,0.011,-0.003,-0.474
28.7,0.011,0.027,-0.482
28.71,0.011,-0.042,-0.464
28.72,0.011,-0.025,-0.467
28.73,0.011,-0.015,-0.469
28.74,0.011,0.019,-0.478
28.75,0.011,-0.017,-0.469
28.76,0.011,-0.01,-0.47
28.77,0.011,0.023,-0.479
28.78,0.011,0.014,-0.478
28.79,0.01,-0.05,-0.461
28.8,0.01,-0.06,-0.456
28.81,0.01,-0.007,-0.467
28.82,0.01,-0.004,-0.468
28.83,0.009,-0.002,-0.469
28.84,0.009,-0.031,-0.461
28.85,0.009,-0.019,-0.463
28.86,0.008,-0.011,-0.464
28.87,0.008,-0.007,-0.465
28.88,0.008,-0.063,-0.449
28.89,0.008,-0.039,-0.453
28.9,0.008,0.005,-0.463
28.91,0.008,0.003,-0.463
28.92,0.008,-0.027,-0.455
28.93,0.008,-0.076,-0.44
28.94,0.008,0.012,-0.461
28.95,0.008,0.037,-0.469
28.96,0.008,0.022,-0.467
28.97,0.008,0.014,-0.465
28.98,0.008,0.038,-0.473
28.99,0.008,-0.124,-0.43
29.0,0.008,0.041,-0.47
29.01,0.008,0.025,-0.468
29.02,0.008,-0.073,-0.442
29.03,0.007,-0.015,-0.454
29.04,0.007,0.02,-0.463
29.05,0.007,0.012,-0.462
29.06,0.007,0.037,-0.47
29.07,0.007,-0.036,-0.452
29.08,0.006,0.007,-0.462
29.09,0.006,-0.025,-0.453
29.1,0.006,0.014,-0.463
29.11,0.006,-0.05,-0.446
29.12,0.006,0.028,-0.466
29.13,0.006,-0.012,-0.456
29.14,0.007,-0.096,-0.432
29.15,0.007,0.0,-0.454
29.16,0.007,0.059,-0.471
29.17,0.007,0.036,-0.467
29.18,0.007,0.022,-0.465
29.19,0.007,0.013,-0.464
29.2,0.007,0.008,-0.464
29.21,0.007,-0.024,-0.455
29.22,0.007,0.014,-0.465
29.23,0.007,0.008,-0.464
29.24,0.007,0.035,-0.472
29.25,0.007,-0.037,-0.454
29.26,0.007,0.006,-0.464
29.27,0.006,-0.025,-0.456
29.28,0.006,-0.045,-0.449
29.29,0.006,-0.027,-0.452
29.3,0.006,0.042,-0.47
29.31,0.006,-0.003,-0.459
29.32,0.006,-0.002,-0.46
29.33,0.006,-0.031,-0.452
29.34,0.006,0.01,-0.462
29.35,0.006,-0.023,-0.453
29.36,0.006,-0.014,-0.454
29.37,0.006,-0.038,-0.447
29.38,0.006,0.035,-0.466
29.39,0.006,-0.007,-0.456
29.4,0.006,-0.034,-0.448
29.41,0.006,0.038,-0.467
29.42,0.006,-0.006,-0.456
29.43,0.005,-0.003,-0.457
29.44,0.005,-0.031,-0.449
29.45,0.005,0.009,-0.459
29.46,0.005,-0.023,-0.45
29.47,0.005,-0.014,-0.452
29.48,0.004,-0.038,-0.444
29.49,0.004,-0.053,-0.438
29.5,0.004,-0.032,-0.441
29.51,0.005,0.039,-0.46
29.52,0.005,0.024,-0.458
29.53,0.005,-0.014,-0.448
29.54,0.005,0.05,-0.466
29.55,0.005,0.001,-0.454
29.56,0.005,0.03,-0.463
29.57,0.005,0.018,-0.461
29.58,0.005,-0.047,-0.444
29.59,0.005,-0.029,-0.446
29.6,0.005,0.041,-0.465
29.61,0.005,-0.033,-0.446
29.62,0.005,-0.08,-0.431
29.63,0.005,0.069,-0.469
29.64,0.006,0.042,-0.465
29.65,0.006,0.085,-0.479
29.66,0.005,-0.006,-0.458
29.67,0.005,-0.063,-0.442
29.68,0.005,-0.038,-0.446
29.69,0.005,-0.023,-0.448
29.7,0.005,-0.073,-0.433
29.71,0.005,0.073,-0.47
29.72,0.005,0.044,-0.466
29.73,0.005,-0.031,-0.447
29.74,0.004,-0.019,-0.449
29.75,0.004,0.047,-0.467
29.76,0.004,0.0,-0.456
29.77,0.004,-0.029,-0.448
29.78,0.004,0.011,-0.458
29.79,0.004,-0.022,-0.449
29.8,0.004,-0.043,-0.442
29.81,0.004,0.002,-0.453
29.82,0.004,0.001,-0.453
29.83,0.005,0.001,-0.453
29.84,0.005,0.0,-0.453
29.85,0.005,0.0,-0.453
29.86,0.005,0.0,-0.453
29.87,0.005,0.029,-0.461
29.88,0.005,0.018,-0.46
29.89,0.005,0.011,-0.459
29.9,0.005,0.006,-0.458
29.91,0.005,0.004,-0.458
29.92,0.005,0.002,-0.458
29.93,0.005,0.001,-0.458
29.94,0.004,-0.058,-0.441
29.95,0.004,-0.006,-0.453
29.96,0.004,-0.003,-0.453
29.97,0.004,-0.031,-0.445
29.98,0.004,0.01,-0.455
29.99,0.004,0.006,-0.455
30.0,0.003,-0.025,-0.446
30.01,0.003,-0.045,-0.439
30.02,0.003,-0.027,-0.442
30.03,0.003,0.042,-0.46
30.04,0.003,-0.003,-0.45
30.05,0.003,-0.031,-0.442
30.06,0.003,0.01,-0.452
30.07,0.004,-0.023,-0.443
30.08,0.004,0.015,-0.453
30.09,0.004,0.038,-0.46
30.1,0.004,-0.005,-0.45
30.11,0.004,0.026,-0.458
30.12,0.004,0.016,-0.457
30.13,0.004,-0.049,-0.44
30.14,0.004,0.0,-0.451
30.15,0.004,0.0,-0.451
30.16,0.004,0.0,-0.451
30.17,0.004,0.029,-0.459
30.18,0.004,0.018,-0.458
30.19,0.004,-0.018,-0.448
30.2,0.004,-0.04,-0.441
30.21,0.004,-0.025,-0.444
30.22,0.004,0.014,-0.453
30.23,0.004,0.008,-0.453
30.24,0.004,0.005,-0.452
30.25,0.004,0.003,-0.452
30.26,0.004,0.002,-0.452
30.27,0.004,0.09,-0.477
30.28,0.003,-0.003,-0.455
30.29,0.003,-0.032,-0.447
30.3,0.003,0.009,-0.457
30.31,0.003,-0.082,-0.432
30.32,0.003,-0.021,-0.445
30.33,0.003,-0.013,-0.446
30.34,0.003,-0.007,-0.447
30.35,0.003,-0.004,-0.447
30.36,0.003,0.026,-0.456
30.37,0.003,0.016,-0.454
30.38,0.003,-0.019,-0.445
30.39,0.003,0.017,-0.455
30.4,0.003,0.01,-0.454
30.41,0.003,0.006,-0.453
30.42,0.003,-0.025,-0.444
30.43,0.003,-0.015,-0.446
30.44,0.003,-0.009,-0.447
30.45,0.003,-0.005,-0.448
30.46,0.003,-0.003,-0.448
30.47,0.004,0.027,-0.456
30.48,0.004,0.016,-0.455
30.49,0.004,0.039,-0.462
30.5,0.004,0.024,-0.46
30.51,0.004,0.044,-0.467
30.52,0.004,-0.031,-0.448
30.53,0.004,0.01,-0.458
30.54,0.004,-0.023,-0.449
30.55,0.004,-0.014,-0.451
30.56,0.003,-0.008,-0.452
30.57,0.003,-0.035,-0.444
30.58,0.003,0.008,-0.454
30.59,0.003,-0.024,-0.445
30.6,0.003,-0.015,-0.447
30.61,0.004,0.02,-0.456
30.62,0.004,0.042,-0.463
30.63,0.004,0.025,-0.461
30.64,0.004,0.015,-0.46
30.65,0.004,-0.019,-0.45
30.66,0.004,-0.012,-0.452
30.67,0.004,-0.037,-0.444
30.68,0.004,0.006,-0.455
30.69,0.004,0.033,-0.462
30.7,0.004,-0.008,-0.452
30.71,0.004,-0.005,-0.453
30.72,0.004,-0.003,-0.453
30.73,0.004,0.027,-0.462
30.74,0.004,0.016,-0.46
30.75,0.004,0.01,-0.459
30.76,0.004,0.006,-0.459
30.77,0.004,-0.025,-0.45
30.78,0.004,-0.015,-0.452
30.79,0.004,-0.039,-0.444
30.8,0.004,-0.053,-0.439
30.81,0.004,0.026,-0.458
30.82,0.004,0.016,-0.457
30.83,0.004,0.069,-0.472
30.84,0.004,-0.016,-0.452
30.85,0.004,0.019,-0.461
30.86,0.004,-0.017,-0.452
30.87,0.004,0.018,-0.461
30.88,0.004,-0.018,-0.452
30.89,0.004,0.018,-0.461
30.9,0.004,0.011,-0.46
30.91,0.004,-0.052,-0.443
30.92,0.003,-0.032,-0.446
30.93,0.004,0.009,-0.457
30.94,0.004,0.035,-0.464
30.95,0.004,-0.007,-0.454
30.96,0.004,0.024,-0.463
30.97,0.004,-0.043,-0.445
30.98,0.004,0.032,-0.464
30.99,0.004,-0.009,-0.454
31.0,0.004,-0.006,-0.455
31.01,0.004,-0.003,-0.455
31.02,0.003,-0.002,-0.455
31.03,0.003,-0.001,-0.455
31.04,0.003,0.028,-0.464
31.05,0.003,-0.041,-0.446
31.06,0.003,0.004,-0.456
31.07,0.003,0.002,-0.456
31.08,0.004,0.001,-0.456
31.09,0.004,0.0,-0.456
31.1,0.004,0.03,-0.464
31.11,0.004,0.018,-0.463
31.12,0.004,0.011,-0.462
31.13,0.004,0.006,-0.461
31.14,0.004,-0.054,-0.444
31.15,0.004,-0.004,-0.456
31.16,0.004,-0.032,-0.448
31.17,0.004,0.009,-0.458
31.18,0.004,0.006,-0.457
31.19,0.004,0.033,-0.465
31.2,0.004,-0.009,-0.455
31.21,0.004,-0.005,-0.456
31.22,0.003,-0.062,-0.44
31.23,0.003,0.02,-0.46
31.24,0.003,0.012,-0.459
31.25,0.003,-0.021,-0.45
31.26,0.003,-0.013,-0.451
31.27,0.003,0.021,-0.46
31.28,0.002,0.013,-0.459
31.29,0.002,-0.021,-0.45
31.3,0.002,0.045,-0.468
31.31,0.002,-0.06,-0.44
31.32,0.002,-0.066,-0.435
31.33,0.002,0.018,-0.456
31.34,0.003,0.011,-0.455
31.35,0.003,-0.022,-0.446
31.36,0.003,0.015,-0.456
31.37,0.003,0.009,-0.455
31.38,0.004,0.035,-0.463
31.39,0.004,0.051,-0.469
31.4,0.004,0.001,-0.458
31.41,0.004,0.001,-0.458
31.42,0.003,0.03,-0.466
31.43,0.003,-0.01,-0.456
31.44,0.003,-0.065,-0.44
31.45,0.003,0.018,-0.46
31.46,0.003,-0.018,-0.451
31.47,0.003,-0.011,-0.452
31.48,0.003,0.022,-0.461
31.49,0.003,-0.015,-0.452
31.5,0.003,-0.009,-0.453
31.51,0.003,-0.005,-0.453
31.52,0.003,-0.033,-0.445
31.53,0.003,0.009,-0.455
31.54,0.003,0.035,-0.463
31.55,0.003,0.021,-0.461
31.56,0.003,0.013,-0.46
31.57,0.003,0.008,-0.459
31.58,0.003,0.005,-0.459
31.59,0.003,0.003,-0.459
31.6,0.003,-0.027,-0.45
31.61,0.003,-0.017,-0.452
31.62,0.003,0.019,-0.461
31.63,0.003,0.011,-0.46
31.64,0.003,0.007,-0.46
31.65,0.003,-0.054,-0.443
31.66,0.003,0.025,-0.462
31.67,0.003,-0.043,-0.444
31.68,0.003,0.002,-0.455
31.69,0.003,0.031,-0.463
31.7,0.003,-0.01,-0.453
31.71,0.003,0.023,-0.462
31.72,0.003,0.014,-0.461
31.73,0.003,0.008,-0.46
31.74,0.003,-0.113,-0.427
31.75,0.003,0.019,-0.458
31.76,0.003,0.041,-0.465
31.77,0.003,0.025,-0.463
31.78,0.003,0.015,-0.461
31.79,0.003,-0.02,-0.452
31.8,0.003,-0.041,-0.445
31.81,0.003,0.003,-0.456
31.82,0.003,0.032,-0.464
31.83,0.003,0.049,-0.47
31.84,0.003,0.0,-0.459
31.85,0.003,-0.058,-0.443
31.86,0.003,-0.006,-0.455
31.87,0.003,0.025,-0.463
31.88,0.003,0.015,-0.462
31.89,0.003,0.009,-0.461
31.9,0.003,0.005,-0.46
31.91,0.003,-0.025,-0.452
31.92,0.003,0.013,-0.462
31.93,0.003,0.038,-0.469
31.94,0.003,-0.006,-0.459
31.95,0.003,-0.003,-0.459
31.96,0.003,-0.031,-0.451
31.97,0.003,0.009,-0.461
31.98,0.003,-0.023,-0.453
31.99,0.003,-0.014,-0.454
32.0,0.003,0.02,-0.463
32.01,0.003,0.012,-0.462
32.02,0.003,0.007,-0.461
32.03,0.003,-0.024,-0.453
32.04,0.003,0.043,-0.471
32.05,0.003,-0.032,-0.452
32.06,0.002,-0.049,-0.445
32.07,0.002,0.028,-0.465
32.08,0.002,-0.011,-0.455
32.09,0.002,0.051,-0.472
32.1,0.002,-0.056,-0.444
32.11,0.002,0.024,-0.464
32.12,0.002,-0.014,-0.455
32.13,0.003,-0.009,-0.455
32.14,0.003,0.024,-0.464
32.15,0.003,-0.014,-0.455
32.16,0.003,0.02,-0.464
32.17,0.003,0.012,-0.463
32.18,0.003,0.007,-0.462
32.19,0.003,-0.024,-0.453
32.2,0.004,0.014,-0.463
32.21,0.004,0.068,-0.479
32.22,0.004,0.012,-0.467
32.23,0.004,-0.022,-0.458
32.24,0.003,-0.043,-0.451
32.25,0.003,0.032,-0.47
32.26,0.003,-0.009,-0.46
32.27,0.003,0.023,-0.469
32.28,0.003,-0.044,-0.451
32.29,0.003,-0.027,-0.453
32.3,0.003,-0.046,-0.447
32.31,0.002,-0.028,-0.449
32.32,0.002,0.012,-0.459
32.33,0.002,-0.022,-0.45
32.34,0.002,-0.013,-0.452
32.35,0.002,0.021,-0.461
32.36,0.002,-0.016,-0.451
32.37,0.002,-0.128,-0.419
32.38,0.002,0.069,-0.468
32.39,0.002,0.072,-0.472
32.4,0.002,0.014,-0.46
32.41,0.002,-0.02,-0.451
32.42,0.002,0.046,-0.469
32.43,0.002,-0.03,-0.45
32.44,0.002,-0.018,-0.451
32.45,0.002,-0.011,-0.452
32.46,0.002,-0.036,-0.445
32.47,0.002,-0.022,-0.447
32.48,0.002,-0.013,-0.448
32.49,0.002,-0.008,-0.449
32.5,0.002,0.113,-0.483
32.51,0.003,-0.019,-0.451
32.52,0.002,0.047,-0.469
32.53,0.002,0.0,-0.458
32.54,0.002,0.0,-0.458
32.55,0.002,-0.059,-0.442
32.56,0.002,-0.036,-0.445
32.57,0.001,-0.052,-0.439
32.58,0.001,-0.031,-0.442
32.59,0.001,0.01,-0.452
32.6,0.0,-0.053,-0.435
32.61,0.0,-0.002,-0.446
32.62,0.0,-0.031,-0.438
32.63,0.001,0.01,-0.448
32.64,0.001,0.006,-0.448
32.65,0.001,0.033,-0.456
32.66,0.002,0.05,-0.462
32.67,0.002,0.06,-0.467
32.68,0.003,0.007,-0.456
32.69,0.003,0.093,-0.48
32.7,0.003,0.027,-0.466
32.71,0.003,0.017,-0.465
32.72,0.003,0.01,-0.464
32.73,0.003,-0.023,-0.455
32.74,0.003,0.044,-0.473
32.75,0.003,0.027,-0.47
32.76,0.003,-0.042,-0.452
32.77,0.003,-0.025,-0.455
32.78,0.003,0.013,-0.465
32.79,0.003,-0.021,-0.456
32.8,0.002,-0.072,-0.44
32.81,0.002,0.014,-0.461
32.82,0.002,0.009,-0.46
32.83,0.002,-0.053,-0.443
32.84,0.002,-0.003,-0.455
32.85,0.002,-0.002,-0.455
32.86,0.002,-0.001,-0.455
32.87,0.002,0.0,-0.455
32.88,0.001,-0.03,-0.447
32.89,0.001,-0.018,-0.449
32.9,0.001,-0.011,-0.45
32.91,0.001,-0.036,-0.442
32.92,0.001,0.036,-0.461
32.93,0.002,0.022,-0.459
32.94,0.002,0.013,-0.457
32.95,0.001,0.008,-0.457
32.96,0.001,-0.024,-0.448
32.97,0.001,-0.014,-0.449
32.98,0.001,-0.038,-0.442
32.99,0.001,0.005,-0.452
33.0,0.001,-0.026,-0.444
33.01,0.001,0.013,-0.453
33.02,0.001,-0.021,-0.444
33.03,0.001,0.016,-0.454
33.04,0.001,0.039,-0.461
33.05,0.001,0.024,-0.459
33.06,0.001,-0.044,-0.441
33.07,0.001,0.002,-0.452
33.08,0.001,0.001,-0.452
33.09,0.001,-0.028,-0.443
33.1,0.001,-0.017,-0.445
33.11,0.001,0.018,-0.454
33.12,0.001,-0.018,-0.445
33.13,0.001,-0.011,-0.446
33.14,0.001,-0.006,-0.447
33.15,0.001,0.025,-0.455
33.16,0.001,0.015,-0.454
33.17,0.001,-0.02,-0.445
33.18,0.001,-0.012,-0.446
33.19,0.001,-0.007,-0.447
33.2,0.001,0.024,-0.455
33.21,0.001,0.015,-0.454
33.22,0.001,0.009,-0.453
33.23,0.001,-0.053,-0.436
33.24,0.001,0.056,-0.464
33.25,0.001,0.004,-0.452
33.26,0.001,0.002,-0.452
33.27,0.001,-0.027,-0.444
33.28,0.001,-0.046,-0.437
33.29,0.001,0.03,-0.456
33.3,0.001,0.018,-0.454
33.31,0.001,0.011,-0.453
33.32,0.001,0.007,-0.453
33.33,0.001,0.004,-0.452
33.34,0.001,0.002,-0.452
33.35,0.001,-0.027,-0.444
33.36,0.001,-0.017,-0.445
33.37,0.001,-0.069,-0.43
33.38,0.001,0.075,-0.467
33.39,0.001,0.016,-0.454
33.4,0.001,0.01,-0.453
33.41,0.001,0.006,-0.453
33.42,0.001,0.092,-0.477
33.43,0.001,-0.061,-0.439
33.44,0.001,-0.008,-0.45
33.45,0.001,0.024,-0.459
33.46,0.002,0.044,-0.466
33.47,0.002,-0.031,-0.447
33.48,0.003,0.039,-0.465
33.49,0.003,0.024,-0.463
33.5,0.004,0.074,-0.478
33.51,0.004,0.045,-0.474
33.52,0.005,0.087,-0.488
33.53,0.005,-0.005,-0.467
33.54,0.005,0.055,-0.483
33.55,0.005,-0.025,-0.464
33.56,0.005,-0.015,-0.465
33.57,0.005,0.049,-0.483
33.58,0.004,-0.058,-0.455
33.59,0.004,-0.006,-0.467
33.6,0.004,-0.003,-0.467
33.61,0.003,-0.031,-0.459
33.62,0.003,-0.019,-0.461
33.63,0.003,-0.012,-0.462
33.64,0.004,0.051,-0.48
33.65,0.004,-0.027,-0.46
33.66,0.005,0.042,-0.478
33.67,0.006,0.055,-0.484
33.68,0.006,0.034,-0.481
33.69,0.007,0.08,-0.496
33.7,0.008,0.049,-0.491
33.71,0.008,0.059,-0.497
33.72,0.008,0.007,-0.485
33.73,0.008,-0.025,-0.477
33.74,0.007,0.073,-0.503
33.75,0.006,-0.043,-0.474
33.76,0.005,-0.086,-0.46
33.77,0.003,-0.112,-0.449
33.78,0.002,-0.128,-0.439
33.79,0.0,-0.167,-0.421
33.8,-0.001,-0.162,-0.415
33.81,-0.002,-0.158,-0.407
33.82,-0.003,-0.156,-0.4
33.83,-0.004,-0.125,-0.401
33.84,-0.005,-0.136,-0.391
33.85,-0.005,-0.024,-0.415
33.86,-0.005,-0.015,-0.417
33.87,-0.006,-0.038,-0.409
33.88,-0.006,-0.083,-0.395
33.89,-0.007,-0.051,-0.399
33.9,-0.008,-0.12,-0.377
33.91,-0.009,-0.103,-0.376
33.92,-0.011,-0.063,-0.382
33.93,-0.012,-0.157,-0.352
33.94,-0.014,-0.126,-0.352
33.95,-0.017,-0.136,-0.343
33.96,-0.019,-0.232,-0.309
33.97,-0.022,-0.26,-0.289
33.98,-0.024,-0.249,-0.279
33.99,-0.027,-0.3,-0.251
34.0,-0.029,-0.244,-0.251
34.01,-0.031,-0.209,-0.248
34.02,-0.033,-0.217,-0.235
34.03,-0.035,-0.192,-0.23
34.04,-0.037,-0.207,-0.216
34.05,-0.038,-0.215,-0.202
34.06,-0.04,-0.132,-0.214
34.07,-0.042,-0.259,-0.171
34.08,-0.044,-0.218,-0.168
34.09,-0.046,-0.222,-0.155
34.1,-0.048,-0.166,-0.159
34.11,-0.049,-0.191,-0.142
34.12,-0.05,-0.176,-0.136
34.13,-0.051,-0.167,-0.128
34.14,-0.052,-0.102,-0.137
34.15,-0.052,-0.092,-0.134
34.16,-0.053,-0.086,-0.129
34.17,-0.053,-0.053,-0.133
34.18,-0.054,-0.032,-0.135
34.19,-0.054,-0.079,-0.119
34.2,-0.055,-0.137,-0.098
34.21,-0.056,-0.114,-0.096
34.22,-0.057,-0.099,-0.093
34.23,-0.058,-0.12,-0.081
34.24,-0.059,-0.133,-0.071
34.25,-0.061,-0.14,-0.06
34.26,-0.062,-0.175,-0.042
34.27,-0.064,-0.166,-0.034
34.28,-0.065,-0.161,-0.026
34.29,-0.066,-0.158,-0.017
34.3,-0.067,-0.067,-0.033
34.31,-0.068,-0.16,-0.003
34.32,-0.069,-0.127,-0.002
34.33,-0.07,-0.108,0.0
34.34,-0.071,-0.096,0.003
34.35,-0.071,-0.088,0.007
34.36,-0.071,-0.024,-0.004
34.37,-0.072,-0.044,0.004
34.38,-0.072,-0.057,0.011
34.39,-0.071,-0.035,0.009
34.4,-0.071,-0.021,0.009
34.41,-0.07,0.105,-0.023
34.42,-0.07,0.034,-0.007
34.43,-0.069,0.051,-0.012
34.44,-0.069,-0.057,0.017
34.45,-0.068,0.112,-0.025
34.46,-0.067,0.039,-0.009
34.47,-0.066,0.113,-0.03
34.48,-0.066,0.039,-0.014
34.49,-0.065,0.054,-0.018
34.5,-0.065,0.092,-0.03
34.51,-0.065,-0.002,-0.007
34.52,-0.065,0.057,-0.022
34.53,-0.064,0.005,-0.009
34.54,-0.064,0.062,-0.024
34.55,-0.064,-0.05,0.005
34.56,-0.064,0.057,-0.02
34.57,-0.064,-0.023,0.0
34.58,-0.063,0.074,-0.023
34.59,-0.063,0.164,-0.051
34.6,-0.063,0.011,-0.015
34.61,-0.063,-0.022,-0.005
34.62,-0.063,-0.013,-0.004
34.63,-0.063,0.021,-0.012
34.64,-0.062,-0.016,-0.001
34.65,-0.062,0.019,-0.009
34.66,-0.062,-0.047,0.009
34.67,-0.061,0.059,-0.016
34.68,-0.061,0.007,-0.003
34.69,-0.061,-0.114,0.031
34.7,-0.061,-0.07,0.026
34.71,-0.061,-0.072,0.032
34.72,-0.06,-0.014,0.021
34.73,-0.06,0.05,0.005
34.74,-0.06,-0.058,0.034
34.75,-0.061,-0.065,0.04
34.76,-0.061,-0.099,0.055
34.77,-0.062,-0.06,0.05
34.78,-0.062,-0.096,0.065
34.79,-0.063,-0.118,0.078
34.8,-0.064,-0.013,0.056
34.81,-0.064,-0.186,0.106
34.82,-0.065,-0.054,0.081
34.83,-0.066,-0.152,0.112
34.84,-0.067,-0.123,0.113
34.85,-0.067,-0.134,0.125
34.86,-0.068,-0.112,0.127
34.87,-0.068,-0.068,0.122
34.88,-0.069,-0.16,0.153
34.89,-0.069,0.049,0.104
34.9,-0.069,-0.117,0.15
34.91,-0.069,-0.072,0.145
34.92,-0.07,-0.133,0.167
34.93,-0.07,0.007,0.137
34.94,-0.07,-0.025,0.147
34.95,-0.07,-0.074,0.164
34.96,-0.07,0.042,0.137
34.97,-0.07,-0.121,0.183
34.98,-0.07,-0.045,0.169
34.99,-0.07,-0.027,0.168
35.0,-0.07,-0.046,0.177
35.01,-0.07,0.03,0.16
35.02,-0.07,-0.099,0.196
35.03,-0.07,-0.001,0.176
35.04,-0.069,0.117,0.145
35.05,-0.069,0.012,0.17
35.06,-0.069,0.037,0.164
35.07,-0.069,-0.036,0.185
35.08,-0.069,0.096,0.151
35.09,-0.068,0.0,0.175
35.1,-0.068,-0.029,0.186
35.11,-0.068,0.129,0.144
35.12,-0.067,0.02,0.17
35.13,-0.067,-0.017,0.181
35.14,-0.067,0.048,0.166
35.15,-0.066,0.029,0.17
35.16,-0.065,0.077,0.157
35.17,-0.065,0.047,0.164
35.18,-0.064,0.029,0.168
35.19,-0.064,0.017,0.172
35.2,-0.063,0.04,0.166
35.21,-0.063,0.084,0.154
35.22,-0.062,0.051,0.16
35.23,-0.062,0.061,0.157
35.24,-0.062,0.067,0.154
35.25,-0.062,0.011,0.167
35.26,-0.061,0.007,0.17
35.27,-0.061,-0.084,0.197
35.28,-0.061,0.036,0.169
35.29,-0.06,0.111,0.148
35.3,-0.06,0.009,0.172
35.31,-0.059,0.035,0.166
35.32,-0.059,-0.037,0.187
35.33,-0.059,-0.023,0.186
35.34,-0.058,0.104,0.153
35.35,-0.058,-0.024,0.186
35.36,-0.057,0.103,0.153
35.37,-0.057,0.063,0.161
35.38,-0.056,0.098,0.149
35.39,-0.056,-0.028,0.182
35.4,-0.056,-0.017,0.182
35.41,-0.056,0.048,0.166
35.42,-0.055,0.029,0.17
35.43,-0.055,-0.011,0.182
35.44,-0.055,0.081,0.158
35.45,-0.054,-0.097,0.206
35.46,-0.054,0.058,0.169
35.47,-0.054,0.065,0.165
35.48,-0.054,-0.078,0.204
35.49,-0.054,-0.048,0.201
35.5,-0.054,-0.088,0.216
35.51,-0.054,-0.084,0.221
35.52,-0.054,0.037,0.193
35.53,-0.054,-0.065,0.222
35.54,-0.054,-0.099,0.236
35.55,-0.054,-0.15,0.257
35.56,-0.054,-0.092,0.25
35.57,-0.054,-0.056,0.247
35.58,-0.054,0.024,0.229
35.59,-0.054,-0.044,0.248
35.6,-0.055,-0.086,0.264
35.61,-0.055,-0.112,0.277
35.62,-0.055,-0.157,0.298
35.63,-0.055,-0.096,0.29
35.64,-0.055,-0.089,0.295
35.65,-0.055,-0.084,0.3
35.66,-0.055,-0.081,0.305
35.67,-0.055,-0.109,0.319
35.68,-0.055,-0.007,0.298
35.69,-0.055,-0.064,0.316
35.7,-0.055,-0.098,0.331
35.71,-0.055,-0.119,0.344
35.72,-0.055,-0.073,0.339
35.73,-0.055,-0.045,0.337
35.74,-0.055,-0.057,0.344
35.75,-0.055,-0.064,0.351
35.76,-0.056,-0.069,0.358
35.77,-0.056,-0.131,0.381
35.78,-0.056,-0.021,0.359
35.79,-0.056,-0.19,0.409
35.8,-0.057,-0.087,0.392
35.81,-0.057,-0.172,0.422
35.82,-0.057,-0.046,0.398
35.83,-0.056,-0.058,0.406
35.84,-0.056,-0.094,0.421
35.85,-0.056,-0.087,0.426
35.86,-0.056,-0.083,0.432
35.87,-0.056,-0.11,0.446
35.88,-0.056,-0.038,0.433
35.89,-0.056,-0.023,0.433
35.9,-0.056,0.044,0.418
35.91,-0.056,-0.002,0.431
35.92,-0.056,0.087,0.408
35.93,-0.056,-0.035,0.44
35.94,-0.056,-0.051,0.449
35.95,-0.056,-0.001,0.44
35.96,-0.056,-0.03,0.45
35.97,-0.056,-0.018,0.451
35.98,-0.055,-0.011,0.452
35.99,-0.055,0.022,0.445
36.0,-0.054,0.161,0.407
36.01,-0.054,0.069,0.427
36.02,-0.054,0.042,0.434
36.03,-0.053,-0.032,0.455
36.04,-0.053,0.039,0.439
36.05,-0.052,0.053,0.435
36.06,-0.052,-0.026,0.457
36.07,-0.051,0.102,0.424
36.08,-0.05,0.151,0.407
36.09,-0.05,0.033,0.435
36.1,-0.049,0.02,0.439
36.11,-0.049,-0.016,0.451
36.12,-0.049,-0.069,0.468
36.13,-0.048,-0.072,0.475
36.14,-0.047,-0.103,0.489
36.15,-0.046,0.025,0.461
36.16,-0.046,0.045,0.456
36.17,-0.045,-0.001,0.469
36.18,-0.044,0.028,0.463
36.19,-0.043,0.047,0.459
36.2,-0.042,0.058,0.455
36.21,-0.042,0.065,0.452
36.22,-0.041,0.099,0.442
36.23,-0.041,0.061,0.45
36.24,-0.041,0.007,0.464
36.25,-0.04,0.004,0.466
36.26,-0.04,0.032,0.46
36.27,-0.04,0.049,0.456
36.28,-0.04,0.06,0.453
36.29,-0.04,0.007,0.466
36.3,-0.04,-0.025,0.477
36.31,-0.04,0.014,0.47
36.32,-0.04,0.008,0.472
36.33,-0.04,0.005,0.475
36.34,-0.039,0.003,0.477
36.35,-0.039,0.061,0.463
36.36,-0.038,0.067,0.46
36.37,-0.037,0.159,0.433
36.38,-0.037,-0.02,0.478
36.39,-0.036,0.105,0.445
36.4,-0.036,0.094,0.445
36.41,-0.036,0.028,0.461
36.42,-0.036,0.047,0.456
36.43,-0.036,0.058,0.453
36.44,-0.036,0.006,0.466
36.45,-0.036,0.003,0.469
36.46,-0.036,-0.027,0.479
36.47,-0.036,-0.075,0.496
36.48,-0.036,-0.017,0.485
36.49,-0.035,-0.01,0.486
36.5,-0.034,0.082,0.463
36.51,-0.033,0.08,0.461
36.52,-0.031,0.049,0.468
36.53,-0.03,0.119,0.448
36.54,-0.029,0.102,0.448
36.55,-0.028,0.092,0.448
36.56,-0.028,0.056,0.455
36.57,-0.027,0.064,0.452
36.58,-0.026,0.098,0.441
36.59,-0.026,0.149,0.423
36.6,-0.026,0.062,0.442
36.61,-0.026,0.067,0.439
36.62,-0.026,-0.047,0.47
36.63,-0.027,0.03,0.452
36.64,-0.027,-0.099,0.489
36.65,-0.027,0.027,0.46
36.66,-0.027,-0.071,0.488
36.67,-0.027,0.074,0.453
36.68,-0.027,-0.043,0.484
36.69,-0.026,0.062,0.458
36.7,-0.026,0.097,0.447
36.71,-0.025,0.03,0.463
36.72,-0.025,0.048,0.458
36.73,-0.025,0.118,0.438
36.74,-0.024,-0.016,0.471
36.75,-0.024,-0.009,0.472
36.76,-0.023,0.023,0.465
36.77,-0.023,0.073,0.451
36.78,-0.022,0.074,0.449
36.79,-0.022,0.045,0.455
36.8,-0.021,-0.001,0.468
36.81,-0.021,-0.03,0.478
36.82,-0.02,0.04,0.461
36.83,-0.02,0.084,0.449
36.84,-0.019,0.051,0.455
36.85,-0.019,-0.027,0.476
36.86,-0.018,0.071,0.451
36.87,-0.017,0.073,0.449
36.88,-0.017,0.015,0.463
36.89,-0.016,0.039,0.457
36.9,-0.016,0.053,0.453
36.91,-0.015,0.032,0.458
36.92,-0.015,0.049,0.453
36.93,-0.015,0.001,0.466
36.94,-0.014,0.119,0.434
36.95,-0.014,0.043,0.451
36.96,-0.014,-0.002,0.463
36.97,-0.014,0.027,0.456
36.98,-0.014,0.046,0.451
36.99,-0.014,0.0,0.464
37.0,-0.014,0.0,0.465
37.01,-0.014,0.0,0.467
37.02,-0.014,0.0,0.468
37.03,-0.013,0.059,0.453
37.04,-0.013,0.036,0.458
37.05,-0.013,-0.007,0.47
37.06,-0.012,0.054,0.455
37.07,-0.012,0.033,0.46
37.08,-0.011,0.079,0.446
37.09,-0.01,0.078,0.444
37.1,-0.01,-0.07,0.483
37.11,-0.009,-0.043,0.481
37.12,-0.009,0.032,0.463
37.13,-0.008,0.02,0.467
37.14,-0.007,0.19,0.42
37.15,-0.006,0.116,0.432
37.16,-0.006,0.012,0.457
37.17,-0.006,0.007,0.459
37.18,-0.005,0.063,0.444
37.19,-0.005,0.009,0.458
37.2,-0.005,0.124,0.426
37.21,-0.005,0.046,0.443
37.22,-0.005,0.058,0.439
37.23,-0.005,0.035,0.444
37.24,-0.005,0.021,0.447
37.25,-0.005,-0.016,0.458
37.26,-0.005,-0.128,0.492
37.27,-0.005,0.039,0.453
37.28,-0.005,-0.034,0.473
37.29,-0.005,0.067,0.447
37.3,-0.005,0.011,0.461
37.31,-0.004,0.036,0.455
37.32,-0.004,-0.006,0.467
37.33,-0.003,0.054,0.451
37.34,-0.003,0.033,0.455
37.35,-0.003,0.079,0.442
37.36,-0.002,0.019,0.456
37.37,-0.002,0.041,0.451
37.38,-0.002,0.025,0.454
37.39,-0.001,0.045,0.449
37.4,-0.001,-0.001,0.461
37.41,-0.001,0.028,0.454
37.42,-0.001,0.017,0.457
37.43,0.0,0.01,0.459
37.44,0.0,0.006,0.461
37.45,0.0,0.004,0.463
37.46,0.0,0.032,0.456
37.47,0.0,0.019,0.459
37.48,0.0,0.041,0.453
37.49,0.001,-0.003,0.465
37.5,0.001,0.027,0.458
37.51,0.002,0.075,0.444
37.52,0.002,0.046,0.45
37.53,0.003,0.0,0.462
37.54,0.003,0.058,0.447
37.55,0.003,0.065,0.443
37.56,0.004,0.188,0.407
37.57,0.004,-0.062,0.468
37.58,0.004,-0.008,0.458
37.59,0.004,-0.034,0.467
37.6,0.004,-0.05,0.474
37.61,0.005,0.027,0.456
37.62,0.005,0.017,0.459
37.63,0.006,0.069,0.444
37.64,0.006,0.072,0.441
37.65,0.007,-0.014,0.463
37.66,0.007,0.05,0.447
37.67,0.007,0.03,0.451
37.68,0.008,0.107,0.429
37.69,0.008,0.006,0.453
37.7,0.008,0.004,0.455
37.71,0.009,0.091,0.431
37.72,0.009,-0.003,0.454
37.73,0.009,-0.001,0.455
37.74,0.009,-0.001,0.456
37.75,0.009,0.028,0.449
37.76,0.009,0.047,0.443
37.77,0.009,0.029,0.447
37.78,0.009,-0.011,0.458
37.79,0.009,0.022,0.451
37.8,0.009,0.013,0.453
37.81,0.01,-0.08,0.48
37.82,0.01,0.039,0.451
37.83,0.01,0.024,0.455
37.84,0.01,0.014,0.457
37.85,0.011,0.097,0.434
37.86,0.011,0.03,0.449
37.87,0.011,0.048,0.444
37.88,0.011,0.118,0.423
37.89,0.012,-0.075,0.472
37.9,0.012,-0.016,0.461
37.91,0.012,-0.01,0.461
37.92,0.012,-0.006,0.461
37.93,0.013,0.055,0.445
37.94,0.014,0.211,0.4
37.95,0.015,0.129,0.413
37.96,0.015,0.139,0.405
37.97,0.016,0.114,0.406
37.98,0.016,-0.018,0.438
37.99,0.016,-0.011,0.438
38.0,0.017,0.141,0.397
38.01,0.017,0.205,0.373
38.02,0.018,0.185,0.369
38.03,0.018,-0.004,0.414
38.04,0.018,0.085,0.389
38.05,0.019,0.171,0.362
38.06,0.019,0.193,0.348
38.07,0.019,0.089,0.368
38.08,0.02,0.084,0.365
38.09,0.02,0.14,0.346
38.1,0.021,0.175,0.33
38.11,0.022,0.166,0.324
38.12,0.022,0.191,0.31
38.13,0.023,0.087,0.329
38.14,0.024,0.113,0.319
38.15,0.024,0.158,0.301
38.16,0.025,0.156,0.294
38.17,0.026,0.184,0.278
38.18,0.027,0.083,0.298
38.19,0.028,0.11,0.286
38.2,0.029,0.097,0.285
38.21,0.03,0.148,0.266
38.22,0.031,0.209,0.242
38.23,0.032,0.069,0.271
38.24,0.032,0.101,0.259
38.25,0.033,0.21,0.223
38.26,0.034,0.218,0.211
38.27,0.034,0.163,0.215
38.28,0.035,0.159,0.208
38.29,0.035,0.127,0.209
38.3,0.034,0.048,0.225
38.31,0.034,0.0,0.236
38.32,0.034,0.0,0.236
38.33,0.034,0.148,0.195
38.34,0.034,0.061,0.212
38.35,0.034,0.037,0.215
38.36,0.035,0.111,0.193
38.37,0.035,0.098,0.191
38.38,0.036,0.06,0.197
38.39,0.036,0.066,0.192
38.4,0.037,0.07,0.187
38.41,0.038,0.161,0.158
38.42,0.039,0.099,0.168
38.43,0.039,0.179,0.14
38.44,0.04,0.08,0.158
38.45,0.04,0.049,0.163
38.46,0.041,0.089,0.149
38.47,0.041,0.084,0.146
38.48,0.042,0.111,0.134
38.49,0.042,0.038,0.148
38.5,0.042,0.112,0.126
38.51,0.043,0.157,0.107
38.52,0.043,0.008,0.141
38.53,0.043,0.064,0.124
38.54,0.044,0.039,0.128
38.55,0.044,0.024,0.13
38.56,0.045,0.103,0.106
38.57,0.045,0.122,0.095
38.58,0.046,0.045,0.11
38.59,0.046,0.116,0.087
38.6,0.047,0.071,0.094
38.61,0.047,0.103,0.081
38.62,0.047,0.033,0.095
38.63,0.047,-0.008,0.104
38.64,0.047,0.024,0.095
38.65,0.046,-0.014,0.105
38.66,0.046,0.05,0.087
38.67,0.046,0.03,0.089
38.68,0.046,-0.04,0.107
38.69,0.046,0.004,0.096
38.7,0.046,-0.085,0.121
38.71,0.046,-0.023,0.107
38.72,0.046,0.015,0.097
38.73,0.046,-0.02,0.106
38.74,0.046,0.046,0.088
38.75,0.046,0.028,0.09
38.76,0.046,0.017,0.091
38.77,0.046,-0.018,0.1
38.78,0.046,-0.011,0.099
38.79,0.046,-0.036,0.106
38.8,0.045,-0.022,0.103
38.81,0.045,-0.013,0.102
38.82,0.045,-0.008,0.1
38.83,0.045,-0.005,0.099
38.84,0.045,-0.003,0.099
38.85,0.045,-0.001,0.098
38.86,0.045,-0.03,0.106
38.87,0.045,-0.018,0.104
38.88,0.045,0.017,0.094
38.89,0.045,0.011,0.095
38.9,0.044,0.006,0.095
38.91,0.044,-0.055,0.111
38.92,0.044,-0.004,0.1
38.93,0.044,-0.002,0.099
38.94,0.044,-0.031,0.107
38.95,0.044,0.069,0.08
38.96,0.044,-0.105,0.125
38.97,0.044,-0.005,0.102
38.98,0.045,0.026,0.093
38.99,0.045,0.134,0.061
39.0,0.045,0.023,0.085
39.01,0.046,0.103,0.061
39.02,0.046,0.152,0.041
39.03,0.046,0.004,0.075
39.04,0.046,0.002,0.074
39.05,0.046,-0.087,0.099
39.06,0.047,0.124,0.044
39.07,0.047,0.046,0.059
39.08,0.048,0.087,0.044
39.09,0.048,0.083,0.04
39.1,0.049,0.14,0.02
39.11,0.049,0.145,0.011
39.12,0.049,0.0,0.043
39.13,0.049,-0.029,0.051
39.14,0.049,0.041,0.032
39.15,0.05,0.054,0.026
39.16,0.05,0.092,0.012
39.17,0.051,0.086,0.008
39.18,0.051,0.053,0.013
39.19,0.051,0.062,0.007
39.2,0.051,0.067,0.001
39.21,0.051,0.041,0.005
39.22,0.052,-0.004,0.015
39.23,0.052,0.027,0.005
39.24,0.052,0.105,-0.017
39.25,0.053,0.005,0.003
39.26,0.053,0.24,-0.062
39.27,0.053,0.088,-0.033
39.28,0.053,0.172,-0.061
39.29,0.053,-0.012,-0.019
39.3,0.053,0.081,-0.045
39.31,0.053,0.02,-0.033
39.32,0.053,0.012,-0.033
39.33,0.053,0.037,-0.041
39.34,0.053,-0.036,-0.023
39.35,0.053,0.036,-0.043
39.36,0.053,0.052,-0.05
39.37,0.054,0.032,-0.048
39.38,0.054,0.049,-0.055
39.39,0.055,0.03,-0.053
39.4,0.055,0.018,-0.052
39.41,0.055,0.07,-0.068
39.42,0.056,0.013,-0.057
39.43,0.056,0.097,-0.082
39.44,0.056,0.03,-0.069
39.45,0.056,-0.04,-0.051
39.46,0.055,0.034,-0.071
39.47,0.055,0.021,-0.07
39.48,0.055,-0.016,-0.062
39.49,0.054,-0.039,-0.055
39.5,0.054,-0.024,-0.058
39.51,0.054,-0.074,-0.044
39.52,0.053,-0.045,-0.049
39.53,0.053,-0.027,-0.053
39.54,0.053,0.012,-0.064
39.55,0.053,-0.051,-0.047
39.56,0.053,-0.031,-0.051
39.57,0.053,0.01,-0.062
39.58,0.053,-0.052,-0.046
39.59,0.053,-0.002,-0.058
39.6,0.053,0.027,-0.067
39.61,0.053,-0.012,-0.058
39.62,0.053,0.021,-0.068
39.63,0.052,0.013,-0.067
39.64,0.052,0.037,-0.076
39.65,0.052,-0.006,-0.066
39.66,0.051,-0.092,-0.043
39.67,0.051,0.002,-0.065
39.68,0.051,-0.176,-0.016
39.69,0.051,0.01,-0.06
39.7,0.05,0.006,-0.061
39.71,0.05,0.033,-0.069
39.72,0.05,-0.009,-0.06
39.73,0.05,-0.035,-0.053
39.74,0.05,-0.051,-0.048
39.75,0.049,-0.031,-0.051
39.76,0.049,0.039,-0.07
39.77,0.049,-0.034,-0.052
39.78,0.049,0.037,-0.072
39.79,0.049,-0.035,-0.054
39.8,0.049,-0.022,-0.057
39.81,0.048,-0.072,-0.042
39.82,0.048,-0.015,-0.055
39.83,0.048,-0.038,-0.049
39.84,0.048,-0.023,-0.052
39.85,0.048,0.014,-0.062
39.86,0.048,0.038,-0.07
39.87,0.048,0.023,-0.069
39.88,0.048,-0.044,-0.052
39.89,0.047,-0.027,-0.055
39.9,0.047,0.042,-0.074
39.91,0.047,-0.092,-0.039
39.92,0.047,0.032,-0.07
39.93,0.047,-0.069,-0.044
39.94,0.046,0.016,-0.065
39.95,0.046,-0.019,-0.057
39.96,0.046,-0.011,-0.059
39.97,0.046,-0.036,-0.052
39.98,0.046,0.006,-0.063
39.99,0.046,0.004,-0.063
40.0,0.045,0.002,-0.064
40.01,0.045,-0.028,-0.056
40.02,0.045,-0.017,-0.058
40.03,0.045,-0.069,-0.043
40.04,0.045,0.016,-0.065
40.05,0.045,0.01,-0.065
40.06,0.045,-0.023,-0.056
40.07,0.045,0.044,-0.075
40.08,0.045,0.086,-0.09
40.09,0.044,-0.065,-0.052
40.1,0.044,-0.069,-0.048
40.11,0.044,-0.013,-0.061
40.12,0.044,-0.067,-0.046
40.13,0.043,-0.041,-0.051
40.14,0.043,0.033,-0.071
40.15,0.043,-0.068,-0.044
40.16,0.043,-0.012,-0.057
40.17,0.043,0.022,-0.067
40.18,0.043,0.043,-0.075
40.19,0.043,-0.032,-0.056
40.2,0.043,-0.079,-0.042
40.21,0.043,-0.019,-0.056
40.22,0.042,0.017,-0.066
40.23,0.042,0.04,-0.074
40.24,0.042,-0.004,-0.064
40.25,0.042,-0.032,-0.056
40.26,0.042,-0.049,-0.051
40.27,0.041,-0.089,-0.038
40.28,0.041,-0.025,-0.052
40.29,0.041,-0.015,-0.054
40.3,0.041,0.02,-0.064
40.31,0.041,-0.046,-0.047
40.32,0.041,0.0,-0.058
40.33,0.041,0.0,-0.059
40.34,0.041,0.0,-0.059
40.35,0.041,0.029,-0.068
40.36,0.041,0.018,-0.067
40.37,0.04,-0.047,-0.05
40.38,0.04,0.059,-0.078
40.39,0.04,-0.052,-0.051
40.4,0.039,-0.061,-0.046
40.41,0.039,0.021,-0.067
40.42,0.039,-0.046,-0.05
40.43,0.039,-0.028,-0.053
40.44,0.039,-0.106,-0.03
40.45,0.038,0.053,-0.07
40.46,0.038,0.003,-0.059
40.47,0.038,0.001,-0.06
40.48,0.038,-0.028,-0.052
40.49,0.038,-0.017,-0.054
40.5,0.038,-0.01,-0.056
40.51,0.038,-0.006,-0.057
40.52,0.038,0.025,-0.066
40.53,0.038,-0.013,-0.057
40.54,0.038,-0.008,-0.058
40.55,0.038,-0.005,-0.059
40.56,0.038,0.026,-0.069
40.57,0.038,-0.043,-0.051
40.58,0.037,-0.056,-0.046
40.59,0.037,-0.034,-0.05
40.6,0.037,0.038,-0.069
40.61,0.037,-0.035,-0.05
40.62,0.037,-0.021,-0.053
40.63,0.037,-0.013,-0.055
40.64,0.037,-0.008,-0.056
40.65,0.037,-0.005,-0.057
40.66,0.036,-0.032,-0.05
40.67,0.036,0.039,-0.069
40.68,0.036,-0.035,-0.051
40.69,0.036,0.007,-0.061
40.7,0.036,0.004,-0.061
40.71,0.036,-0.056,-0.045
40.72,0.035,-0.034,-0.049
40.73,0.035,0.008,-0.06
40.74,0.035,0.005,-0.06
40.75,0.035,0.032,-0.068
40.76,0.035,-0.039,-0.05
40.77,0.035,-0.053,-0.045
40.78,0.035,-0.062,-0.04
40.79,0.035,0.02,-0.061
40.8,0.035,0.012,-0.06
40.81,0.035,0.007,-0.06
40.82,0.035,0.004,-0.06
40.83,0.035,0.002,-0.06
40.84,0.035,-0.027,-0.052
40.85,0.035,0.042,-0.071
40.86,0.035,-0.122,-0.028
40.87,0.035,0.013,-0.06
40.88,0.035,0.067,-0.076
40.89,0.034,0.011,-0.065
40.9,0.034,-0.081,-0.04
40.91,0.034,0.009,-0.061
40.92,0.034,0.005,-0.061
40.93,0.034,0.003,-0.061
40.94,0.034,0.002,-0.062
40.95,0.034,-0.028,-0.054
40.96,0.033,-0.046,-0.048
40.97,0.033,-0.058,-0.043
40.98,0.033,-0.006,-0.055
40.99,0.033,0.025,-0.064
41.0,0.033,-0.013,-0.055
41.01,0.033,-0.008,-0.056
41.02,0.033,-0.034,-0.049
41.03,0.033,-0.08,-0.034
41.04,0.033,0.068,-0.073
41.05,0.033,0.012,-0.061
41.06,0.033,0.007,-0.061
41.07,0.033,-0.024,-0.052
41.08,0.032,-0.015,-0.054
41.09,0.032,0.049,-0.072
41.1,0.032,-0.028,-0.053
41.11,0.032,0.012,-0.064
41.12,0.032,-0.051,-0.047
41.13,0.031,-0.091,-0.034
41.14,0.031,0.003,-0.056
41.15,0.031,0.002,-0.056
41.16,0.031,-0.117,-0.023
41.17,0.031,0.046,-0.064
41.18,0.032,0.087,-0.078
41.19,0.032,-0.034,-0.048
41.2,0.032,0.008,-0.059
41.21,0.032,0.034,-0.067
41.22,0.032,0.021,-0.066
41.23,0.031,-0.046,-0.049
41.24,0.031,0.001,-0.06
41.25,0.031,0.0,-0.06
41.26,0.031,-0.029,-0.052
41.27,0.031,0.041,-0.071
41.28,0.031,-0.033,-0.053
41.29,0.03,-0.05,-0.047
41.3,0.03,-0.06,-0.042
41.31,0.03,-0.007,-0.054
41.32,0.03,-0.034,-0.046
41.33,0.03,0.067,-0.074
41.34,0.031,-0.076,-0.037
41.35,0.031,0.071,-0.075
41.36,0.031,0.043,-0.071
41.37,0.031,-0.032,-0.053
41.38,0.03,-0.049,-0.047
41.39,0.03,0.058,-0.075
41.4,0.03,-0.023,-0.055
41.41,0.03,-0.014,-0.057
41.42,0.03,-0.068,-0.042
41.43,0.03,0.076,-0.079
41.44,0.03,-0.012,-0.058
41.45,0.03,-0.096,-0.035
41.46,0.03,0.029,-0.065
41.47,0.03,0.047,-0.072
41.48,0.029,-0.089,-0.037
41.49,0.029,-0.025,-0.051
41.5,0.029,0.043,-0.069
41.51,0.029,-0.032,-0.05
41.52,0.029,0.039,-0.069
41.53,0.029,-0.035,-0.051
41.54,0.029,0.008,-0.061
41.55,0.028,-0.083,-0.037
41.56,0.028,-0.021,-0.05
41.57,0.028,-0.013,-0.052
41.58,0.028,0.08,-0.078
41.59,0.028,0.019,-0.065
41.6,0.028,0.012,-0.064
41.61,0.028,0.007,-0.064
41.62,0.028,-0.084,-0.039
41.63,0.027,0.007,-0.061
41.64,0.027,-0.113,-0.028
41.65,0.027,0.018,-0.059
41.66,0.027,-0.047,-0.042
41.67,0.027,0.03,-0.062
41.68,0.028,0.048,-0.069
41.69,0.028,0.059,-0.075
41.7,0.027,-0.022,-0.055
41.71,0.027,0.015,-0.065
41.72,0.027,-0.02,-0.056
41.73,0.027,-0.071,-0.041
41.74,0.026,0.104,-0.087
41.75,0.026,-0.024,-0.056
41.76,0.026,-0.044,-0.05
41.77,0.025,-0.116,-0.028
41.78,0.025,-0.071,-0.035
41.79,0.025,0.074,-0.073
41.8,0.026,-0.072,-0.035
41.81,0.026,-0.074,-0.032
41.82,0.026,0.043,-0.061
41.83,0.027,-0.032,-0.042
41.84,0.027,0.009,-0.053
41.85,0.028,0.094,-0.078
41.86,0.028,0.028,-0.064
41.87,0.028,0.017,-0.063
41.88,0.028,0.04,-0.07
41.89,0.028,0.024,-0.068
41.9,0.028,-0.014,-0.059
41.91,0.027,0.05,-0.077
41.92,0.027,-0.028,-0.058
41.93,0.026,-0.106,-0.035
41.94,0.026,0.023,-0.066
41.95,0.025,0.014,-0.065
41.96,0.025,-0.02,-0.056
41.97,0.024,-0.012,-0.058
41.98,0.024,-0.096,-0.034
41.99,0.024,-0.177,-0.007
42.0,0.023,-0.049,-0.034
42.01,0.024,-0.001,-0.045
42.02,0.024,0.028,-0.054
42.03,0.025,0.047,-0.061
42.04,0.025,0.0,-0.05
42.05,0.025,0.029,-0.059
42.06,0.026,0.047,-0.066
42.07,0.026,0.058,-0.071
42.08,0.026,0.036,-0.068
42.09,0.026,0.051,-0.075
42.1,0.026,-0.027,-0.056
42.11,0.026,0.012,-0.066
42.12,0.026,-0.051,-0.049
42.13,0.026,-0.001,-0.06
42.14,0.025,0.028,-0.069
42.15,0.025,-0.041,-0.051
42.16,0.025,-0.025,-0.054
42.17,0.025,-0.015,-0.056
42.18,0.024,-0.128,-0.024
42.19,0.024,0.01,-0.056
42.2,0.024,0.006,-0.056
42.21,0.024,-0.055,-0.039
42.22,0.024,-0.063,-0.035
42.23,0.025,0.079,-0.072
42.24,0.025,0.019,-0.059
42.25,0.025,0.011,-0.058
42.26,0.025,0.036,-0.066
42.27,0.025,-0.007,-0.056
42.28,0.024,0.025,-0.065
42.29,0.024,-0.014,-0.055
42.3,0.024,-0.038,-0.048
42.31,0.024,-0.023,-0.051
42.32,0.024,-0.014,-0.052
42.33,0.023,-0.038,-0.045
42.34,0.023,0.005,-0.056
42.35,0.023,0.003,-0.056
42.36,0.023,-0.116,-0.023
42.37,0.023,0.017,-0.055
42.38,0.024,0.01,-0.054
42.39,0.024,0.125,-0.087
42.4,0.024,0.047,-0.071
42.41,0.023,0.028,-0.069
42.42,0.023,-0.071,-0.043
42.43,0.023,-0.043,-0.047
42.44,0.023,-0.056,-0.042
42.45,0.023,0.054,-0.07
42.46,0.022,-0.025,-0.05
42.47,0.022,-0.104,-0.027
42.48,0.022,-0.034,-0.042
42.49,0.022,0.008,-0.053
42.5,0.022,0.005,-0.052
42.51,0.022,0.003,-0.052
42.52,0.022,-0.027,-0.044
42.53,0.022,0.012,-0.054
42.54,0.022,0.007,-0.054
42.55,0.022,0.004,-0.053
42.56,0.022,0.062,-0.07
42.57,0.022,-0.05,-0.042
42.58,0.022,-0.001,-0.053
42.59,0.022,-0.03,-0.045
42.6,0.022,0.01,-0.056
42.61,0.022,-0.022,-0.047
42.62,0.022,0.015,-0.057
42.63,0.022,0.039,-0.064
42.64,0.022,-0.064,-0.037
42.65,0.022,-0.01,-0.05
42.66,0.022,0.023,-0.059
42.67,0.022,0.103,-0.083
42.68,0.022,0.004,-0.06
42.69,0.022,-0.086,-0.035
42.7,0.022,0.006,-0.057
42.71,0.022,0.003,-0.057
42.72,0.022,-0.027,-0.049
42.73,0.022,0.072,-0.075
42.74,0.022,-0.044,-0.047
42.75,0.021,0.002,-0.058
42.76,0.021,-0.057,-0.041
42.77,0.021,-0.005,-0.053
42.78,0.021,-0.033,-0.045
42.79,0.021,0.009,-0.056
42.8,0.021,0.005,-0.056
42.81,0.021,0.033,-0.064
42.82,0.021,-0.009,-0.054
42.83,0.021,-0.005,-0.054
42.84,0.021,-0.062,-0.038
42.85,0.021,-0.008,-0.051
42.86,0.021,-0.035,-0.043
42.87,0.021,0.067,-0.07
42.88,0.021,0.041,-0.066
42.89,0.021,0.025,-0.064
42.9,0.021,-0.043,-0.046
42.91,0.021,-0.026,-0.049
42.92,0.02,-0.016,-0.051
42.93,0.02,-0.01,-0.052
42.94,0.02,-0.035,-0.045
42.95,0.02,0.007,-0.055
42.96,0.02,-0.024,-0.047
42.97,0.02,0.014,-0.057
42.98,0.02,0.008,-0.056
42.99,0.02,-0.053,-0.039
43.0,0.02,0.055,-0.067
43.01,0.02,0.004,-0.056
43.02,0.02,-0.026,-0.048
43.03,0.02,0.042,-0.066
43.04,0.019,-0.032,-0.047
43.05,0.019,0.038,-0.066
43.06,0.019,-0.035,-0.047
43.07,0.019,-0.051,-0.041
43.08,0.019,-0.001,-0.052
43.09,0.019,0.028,-0.061
43.1,0.019,-0.041,-0.043
43.11,0.019,0.063,-0.07
43.12,0.018,-0.05,-0.042
43.13,0.018,-0.06,-0.037
43.14,0.018,-0.007,-0.049
43.15,0.018,-0.034,-0.041
43.16,0.019,0.038,-0.06
43.17,0.019,-0.006,-0.05
43.18,0.019,0.025,-0.058
43.19,0.019,-0.043,-0.041
43.2,0.019,0.002,-0.052
43.21,0.019,0.001,-0.052
43.22,0.019,0.03,-0.06
43.23,0.019,-0.04,-0.042
43.24,0.018,-0.024,-0.044
43.25,0.018,0.073,-0.071
43.26,0.018,-0.043,-0.042
43.27,0.018,0.002,-0.053
43.28,0.018,0.001,-0.053
43.29,0.018,0.001,-0.053
43.3,0.018,0.0,-0.053
43.31,0.018,-0.029,-0.045
43.32,0.017,-0.047,-0.038
43.33,0.017,0.0,-0.05
43.34,0.017,0.0,-0.05
43.35,0.017,0.0,-0.05
43.36,0.017,-0.029,-0.042
43.37,0.017,0.1,-0.077
43.38,0.017,-0.027,-0.046
43.39,0.017,-0.016,-0.048
43.4,0.017,0.019,-0.057
43.41,0.017,-0.076,-0.032
43.42,0.016,-0.017,-0.044
43.43,0.016,-0.01,-0.046
43.44,0.017,-0.006,-0.046
43.45,0.017,0.025,-0.055
43.46,0.017,0.015,-0.054
43.47,0.017,0.009,-0.053
43.48,0.017,0.035,-0.061
43.49,0.017,-0.037,-0.042
43.5,0.017,-0.052,-0.036
43.51,0.017,-0.002,-0.048
43.52,0.017,-0.031,-0.04
43.53,0.017,0.04,-0.058
43.54,0.017,-0.034,-0.04
43.55,0.017,0.037,-0.058
43.56,0.017,-0.006,-0.048
43.57,0.017,-0.003,-0.049
43.58,0.016,-0.031,-0.041
43.59,0.016,0.009,-0.051
43.6,0.016,0.006,-0.051
43.61,0.016,0.033,-0.059
43.62,0.016,-0.068,-0.032
43.63,0.016,-0.012,-0.044
43.64,0.016,-0.007,-0.045
43.65,0.015,-0.063,-0.029
43.66,0.015,0.02,-0.05
43.67,0.015,-0.017,-0.04
43.68,0.016,0.018,-0.05
43.69,0.016,0.011,-0.049
43.7,0.016,0.007,-0.048
43.71,0.016,0.004,-0.048
43.72,0.016,0.002,-0.048
43.73,0.016,0.031,-0.056
43.74,0.016,-0.04,-0.038
43.75,0.015,0.005,-0.049
43.76,0.015,0.003,-0.048
43.77,0.015,-0.027,-0.04
43.78,0.015,0.012,-0.05
43.79,0.015,0.037,-0.058
43.8,0.015,0.052,-0.064
43.81,0.015,0.002,-0.053
43.82,0.015,-0.057,-0.036
43.83,0.015,-0.064,-0.031
43.84,0.015,0.019,-0.052
43.85,0.015,-0.047,-0.034
43.86,0.015,0.0,-0.045
43.87,0.015,0.029,-0.054
43.88,0.015,-0.011,-0.044
43.89,0.016,-0.006,-0.045
43.9,0.016,0.025,-0.053
43.91,0.016,0.015,-0.052
43.92,0.016,0.039,-0.06
43.93,0.015,-0.005,-0.049
43.94,0.015,-0.003,-0.05
43.95,0.015,-0.031,-0.042
43.96,0.015,-0.019,-0.044
43.97,0.015,-0.011,-0.045
43.98,0.015,-0.036,-0.037
43.99,0.015,0.036,-0.056
44.0,0.015,-0.036,-0.038
44.01,0.015,0.007,-0.048
44.02,0.015,0.004,-0.048
44.03,0.015,-0.026,-0.039
44.04,0.014,0.013,-0.049
44.05,0.014,0.008,-0.049
44.06,0.014,-0.024,-0.04
44.07,0.014,0.014,-0.05
44.08,0.014,-0.02,-0.041
44.09,0.015,0.076,-0.067
44.1,0.014,0.105,-0.079
44.11,0.014,-0.083,-0.032
44.12,0.014,-0.05,-0.037
44.13,0.014,-0.031,-0.04
44.14,0.014,-0.048,-0.033
44.15,0.014,0.0,-0.045
44.16,0.014,-0.029,-0.037
44.17,0.015,0.011,-0.047
44.18,0.015,0.006,-0.046
44.19,0.015,0.063,-0.062
44.2,0.015,0.009,-0.051
44.21,0.015,-0.023,-0.042
44.22,0.015,0.044,-0.06
44.23,0.015,-0.002,-0.049
44.24,0.015,-0.001,-0.049
44.25,0.015,-0.03,-0.041
44.26,0.015,0.04,-0.06
44.27,0.014,-0.034,-0.041
44.28,0.014,-0.05,-0.035
44.29,0.014,0.028,-0.054
44.3,0.014,0.017,-0.053
44.31,0.014,0.01,-0.052
44.32,0.014,-0.023,-0.043
44.33,0.014,-0.014,-0.045
44.34,0.013,-0.008,-0.045
44.35,0.013,-0.005,-0.046
44.36,0.014,-0.062,-0.03
44.37,0.014,-0.067,-0.025
44.38,0.014,0.047,-0.054
44.39,0.014,0.058,-0.06
44.4,0.014,-0.082,-0.023
44.41,0.015,0.038,-0.053
44.42,0.015,0.053,-0.059
44.43,0.015,0.032,-0.056
44.44,0.015,0.02,-0.055
44.45,0.015,-0.017,-0.045
44.46,0.014,0.018,-0.055
44.47,0.014,0.011,-0.054
44.48,0.014,-0.022,-0.045
44.49,0.014,-0.043,-0.038
44.5,0.013,-0.026,-0.041
44.51,0.013,-0.016,-0.042
44.52,0.013,-0.01,-0.043
44.53,0.013,-0.006,-0.044
44.54,0.013,-0.033,-0.036
44.55,0.013,0.009,-0.046
44.56,0.013,0.035,-0.054
44.57,0.013,-0.007,-0.044
44.58,0.013,0.024,-0.053
44.59,0.013,-0.014,-0.043
44.6,0.013,-0.038,-0.036
44.61,0.013,-0.023,-0.038
44.62,0.014,-0.014,-0.039
44.63,0.014,0.05,-0.057
44.64,0.014,0.09,-0.071
44.65,0.014,-0.033,-0.041
44.66,0.014,0.009,-0.051
44.67,0.014,-0.053,-0.034
44.68,0.013,-0.003,-0.046
44.69,0.013,0.027,-0.054
44.7,0.013,-0.071,-0.028
44.71,0.013,-0.044,-0.032
44.72,0.013,0.032,-0.051
44.73,0.013,0.019,-0.049
44.74,0.013,0.041,-0.057
44.75,0.013,-0.003,-0.046
44.76,0.013,-0.002,-0.046
44.77,0.013,-0.001,-0.047
44.78,0.013,0.0,-0.047
44.79,0.013,0.0,-0.047
44.8,0.013,0.0,-0.047
44.81,0.013,0.0,-0.047
44.82,0.013,-0.029,-0.039
44.83,0.013,-0.018,-0.041
44.84,0.013,-0.04,-0.034
44.85,0.013,-0.025,-0.036
44.86,0.013,-0.015,-0.038
44.87,0.013,0.079,-0.063
44.88,0.013,0.019,-0.051
44.89,0.013,-0.017,-0.041
44.9,0.013,0.048,-0.059
44.91,0.013,0.029,-0.056
44.92,0.013,-0.011,-0.046
44.93,0.013,-0.007,-0.047
44.94,0.013,-0.033,-0.039
44.95,0.013,-0.02,-0.041
44.96,0.013,0.016,-0.051
44.97,0.012,0.01,-0.05
44.98,0.012,-0.023,-0.041
44.99,0.012,-0.014,-0.043
45.0,0.012,-0.008,-0.043
45.01,0.012,0.024,-0.052
45.02,0.012,-0.044,-0.034
45.03,0.012,0.002,-0.045
45.04,0.013,-0.028,-0.037
45.05,0.013,0.012,-0.047
45.06,0.013,0.007,-0.046
45.07,0.013,0.004,-0.046
45.08,0.013,0.032,-0.054
45.09,0.013,0.019,-0.052
45.1,0.013,0.012,-0.051
45.11,0.013,-0.051,-0.034
45.12,0.013,-0.002,-0.045
