Tiempo_s,Angulo_rad
0.0,0.012
0.0301,0.012
0.0382,0.012
0.0382,0.012
0.0382,0.012
0.0514,0.011
0.0575,0.011
0.0645,0.011
0.0716,0.011
0.0716,0.011
0.0781,0.011
0.0781,0.011
0.0877,0.011
0.0877,0.011
0.0877,0.011
0.0995,0.011
0.1015,0.011
0.1048,0.011
0.1155,0.011
0.1191,0.011
0.1235,0.011
0.1269,0.011
0.1269,0.011
0.1417,0.011
0.1468,0.011
0.1832,0.011
0.2067,0.011
0.2159,0.011
0.233,0.011
0.2708,0.011
0.2815,0.011
0.2986,0.011
0.3187,0.011
0.3513,0.011
0.3672,0.011
0.3833,0.01
0.3995,0.01
0.4271,0.01
0.4411,0.01
0.462,0.01
0.4746,0.01
0.5031,0.01
0.5181,0.01
0.5413,0.01
0.5579,0.01
0.5897,0.01
0.6064,0.01
0.6213,0.01
0.6362,0.01
0.6705,0.01
0.6839,0.01
0.7036,0.01
0.7186,0.01
0.7502,0.01
0.7666,0.01
0.7803,0.01
0.7942,0.01
0.8314,0.01
0.8425,0.01
0.8592,0.01
0.8782,0.01
0.9101,0.01
0.9273,0.01
0.9424,0.01
0.9589,0.01
0.9915,0.01
1.0023,0.01
1.02,0.01
1.0377,0.009
1.0705,0.009
1.087,0.009
1.1025,0.009
1.1185,0.009
1.1514,0.009
1.1675,0.009
1.1814,0.009
1.1971,0.009
1.2315,0.009
1.247,0.009
1.2632,0.009
1.2788,0.009
1.3073,0.009
1.3223,0.009
1.3431,0.009
1.3584,0.009
1.3846,0.009
1.4068,0.009
1.4222,0.009
1.4259,0.009
1.4702,0.009
1.4825,0.009
1.5019,0.009
1.5179,0.009
1.5493,0.008
1.5631,0.008
1.5788,0.008
1.5965,0.008
1.6291,0.008
1.6476,0.008
1.6624,0.008
1.6761,0.008
1.7073,0.008
1.7248,0.008
1.7424,0.008
1.7594,0.008
1.7905,0.008
1.8012,0.008
1.822,0.008
1.8359,0.008
1.8706,0.008
1.8875,0.008
1.9006,0.008
1.9192,0.008
1.9488,0.008
1.9674,0.008
1.9819,0.008
1.9958,0.008
2.0306,0.008
2.0459,0.008
2.0582,0.008
2.079,0.008
2.1086,0.008
2.1272,0.008
2.1416,0.007
2.1592,0.007
2.1903,0.007
2.2044,0.007
2.2214,0.007
2.2388,0.007
2.2666,0.007
2.2874,0.008
2.3021,0.008
2.3171,0.008
2.3498,0.008
2.3638,0.008
2.3776,0.008
2.3987,0.008
2.4267,0.008
2.4473,0.008
2.4627,0.008
2.4791,0.008
2.511,0.008
2.523,0.007
2.5346,0.007
2.5591,0.007
2.5904,0.007
2.6073,0.007
2.6226,0.007
2.634,0.007
2.671,0.007
2.677,0.007
2.6991,0.007
2.7144,0.007
2.7462,0.007
2.7666,0.007
2.7764,0.007
2.7954,0.007
2.8298,0.007
2.8452,0.007
2.8594,0.007
2.8667,0.007
2.9045,0.007
2.9273,0.007
2.9422,0.007
2.955,0.007
2.9829,0.007
3.0051,0.007
3.0231,0.007
3.0355,0.007
3.0653,0.007
3.0812,0.007
3.101,0.007
3.1194,0.007
3.1447,0.006
3.167,0.006
3.1796,0.006
3.1974,0.006
3.2291,0.006
3.246,0.006
3.2606,0.006
3.278,0.006
3.3055,0.006
3.3235,0.006
3.334,0.006
3.352,0.006
3.389,0.006
3.3975,0.006
3.419,0.006
3.436,0.006
3.4702,0.006
3.4857,0.006
3.5035,0.006
3.5184,0.006
3.5452,0.006
3.5632,0.006
3.5814,0.006
3.5993,0.006
3.6312,0.006
3.6427,0.006
3.6634,0.006
3.6787,0.006
3.7109,0.006
3.726,0.006
3.74,0.006
3.7572,0.006
3.791,0.006
3.8017,0.006
3.8213,0.006
3.8392,0.006
3.8648,0.006
3.8827,0.006
3.9036,0.006
3.9195,0.006
3.9484,0.006
3.9665,0.006
3.9831,0.006
3.9991,0.006
4.0301,0.005
4.0469,0.005
4.0611,0.005
4.078,0.005
4.1102,0.005
4.1261,0.005
4.1418,0.005
4.1585,0.005
4.1893,0.005
4.2055,0.005
4.2212,0.005
4.2371,0.005
4.2685,0.005
4.2844,0.005
4.3004,0.005
4.3182,0.005
4.348,0.005
4.3637,0.005
4.3796,0.005
4.3956,0.005
4.4284,0.005
4.4472,0.005
4.4609,0.005
4.4756,0.005
4.5105,0.005
4.5271,0.005
4.5389,0.005
4.5592,0.005
4.5864,0.005
4.6076,0.005
4.6218,0.005
4.6392,0.005
4.6703,0.005
4.6862,0.005
4.7023,0.005
4.719,0.005
4.7498,0.005
4.7656,0.005
4.7813,0.005
4.7971,0.005
4.8306,0.005
4.8475,0.005
4.8601,0.005
4.8779,0.005
4.9077,0.005
4.9263,0.005
4.9393,0.005
4.9549,0.005
4.9864,0.005
5.0021,0.005
5.018,0.005
5.0384,0.005
5.0703,0.005
5.087,0.005
5.1005,0.005
5.1178,0.005
5.1495,0.005
5.1639,0.005
5.1818,0.005
5.1981,0.005
5.2312,0.005
5.2471,0.005
5.2628,0.005
5.2786,0.004
5.3106,0.004
5.3269,0.004
5.3421,0.004
5.3593,0.004
5.3909,0.004
5.4059,0.004
5.4216,0.004
5.4373,0.004
5.4687,0.004
5.4848,0.004
5.5006,0.004
5.5194,0.004
5.5476,0.004
5.5671,0.004
5.5819,0.004
5.5995,0.004
5.6314,0.004
5.6471,0.004
5.6636,0.004
5.6791,0.004
5.7112,0.004
5.727,0.004
5.7434,0.004
5.759,0.004
5.7912,0.004
5.8067,0.004
5.8228,0.004
5.8395,0.004
5.8711,0.004
5.8873,0.004
5.9027,0.004
5.919,0.004
5.9515,0.004
5.9675,0.004
5.9835,0.004
5.9995,0.004
6.0315,0.004
6.0475,0.004
6.0635,0.004
6.0795,0.004
6.1115,0.004
6.1275,0.004
6.1435,0.004
6.1595,0.004
6.1915,0.004
6.2075,0.004
6.2235,0.004
6.2391,0.004
6.2711,0.004
6.2871,0.004
6.3032,0.004
6.3192,0.004
6.3515,0.004
6.3672,0.004
6.3832,0.004
6.3992,0.004
6.431,0.004
6.4474,0.004
6.4634,0.004
6.4794,0.004
6.5113,0.004
6.5273,0.004
6.5433,0.004
6.5593,0.004
6.5913,0.004
6.6073,0.004
6.6233,0.004
6.6393,0.004
6.6712,0.004
6.6872,0.004
6.7031,0.004
6.7189,0.004
6.7508,0.004
6.7672,0.004
6.7832,0.004
6.7992,0.004
6.8312,0.004
6.8472,0.004
6.8632,0.004
6.8792,0.004
6.9112,0.004
6.9272,0.004
6.9432,0.004
6.9592,0.004
6.9912,0.004
7.0072,0.004
7.0232,0.004
7.0392,0.004
7.0712,0.004
7.0872,0.004
7.1032,0.004
7.1192,0.004
7.1512,0.004
7.1672,0.004
7.1832,0.004
7.1992,0.004
7.2308,0.004
7.2468,0.004
7.2628,0.004
7.2788,0.004
7.3108,0.004
7.3268,0.004
7.3428,0.004
7.3588,0.004
7.3908,0.004
7.4068,0.004
7.4228,0.004
7.4388,0.004
7.4708,0.004
7.4875,0.004
7.5031,0.004
7.5196,0.004
7.5516,0.004
7.5676,0.004
7.5836,0.004
7.5988,0.004
7.6312,0.004
7.6468,0.004
7.6628,0.004
7.6788,0.004
7.7108,0.004
7.7268,0.004
7.7428,0.004
7.7588,0.004
7.7908,0.004
7.8068,0.004
7.8228,0.004
7.8388,0.004
7.8708,0.004
7.8868,0.004
7.9028,0.004
7.9188,0.004
7.9508,0.004
7.9668,0.004
7.9828,0.004
7.9988,0.004
8.0308,0.004
8.0468,0.004
8.0623,0.004
8.0781,0.003
8.1114,0.003
8.1271,0.003
8.1427,0.003
8.1587,0.003
8.1907,0.003
8.2067,0.003
8.2228,0.003
8.2393,0.003
8.2713,0.003
8.2873,0.003
8.3033,0.003
8.3193,0.003
8.3513,0.003
8.3673,0.003
8.3833,0.003
8.3993,0.003
8.4313,0.003
8.4473,0.003
8.4633,0.003
8.4793,0.003
8.511,0.003
8.5275,0.003
8.5434,0.003
8.5594,0.003
8.5914,0.003
8.6074,0.003
8.6234,0.003
8.6394,0.003
8.6714,0.003
8.6874,0.003
8.7034,0.003
8.7194,0.003
8.7514,0.003
8.7674,0.003
8.7834,0.003
8.7994,0.003
8.8312,0.003
8.8469,0.003
8.8632,0.003
8.8792,0.003
8.9112,0.003
8.9272,0.003
8.9432,0.003
8.9592,0.003
8.9912,0.003
9.0072,0.003
9.0232,0.003
9.0392,0.003
9.0712,0.003
9.0873,0.003
9.1032,0.003
9.1192,0.003
9.1517,0.003
9.1667,0.003
9.1836,0.003
9.1996,0.003
9.2311,0.003
9.2468,0.003
9.2625,0.003
9.2796,0.003
9.311,0.003
9.3271,0.003
9.3434,0.003
9.3591,0.003
9.3911,0.003
9.4075,0.003
9.4234,0.003
9.4394,0.003
9.4709,0.003
9.4873,0.003
9.5033,0.003
9.5193,0.003
9.5513,0.003
9.5673,0.003
9.5833,0.003
9.5993,0.003
9.6313,0.003
9.6473,0.003
9.6633,0.003
9.6793,0.003
9.7113,0.003
9.7273,0.003
9.7429,0.003
9.7591,0.003
9.7916,0.003
9.8073,0.003
9.823,0.003
9.8393,0.003
9.8708,0.003
9.8877,0.003
9.9026,0.003
9.919,0.003
9.9514,0.003
9.9673,0.003
9.9836,0.003
9.9991,0.003
10.0311,0.003
10.0476,0.003
10.0636,0.003
10.0796,0.003
10.1116,0.003
10.1276,0.003
10.1436,0.003
10.1596,0.003
10.1916,0.003
10.2076,0.003
10.2236,0.003
10.2392,0.003
10.2712,0.003
10.2872,0.003
10.3032,0.003
10.3192,0.003
10.3512,0.003
10.3672,0.003
10.3832,0.003
10.3992,0.003
10.4312,0.003
10.4472,0.003
10.4632,0.003
10.4792,0.003
10.5112,0.003
10.5272,0.003
10.5432,0.003
10.5592,0.003
10.5912,0.003
10.6072,0.003
10.6232,0.003
10.6392,0.003
10.6712,0.003
10.6872,0.003
10.7032,0.003
10.7192,0.002
10.7512,0.002
10.7671,0.002
10.783,0.002
10.7988,0.002
10.8316,0.002
10.8469,0.002
10.863,0.002
10.879,0.002
10.9114,0.002
10.9277,0.002
10.9428,0.002
10.9588,0.002
10.9908,0.002
11.0068,0.002
11.0228,0.002
11.0398,0.002
11.0708,0.002
11.0868,0.002
11.1025,0.002
11.1194,0.002
11.1517,0.002
11.1676,0.002
11.1833,0.002
11.1993,0.002
11.2309,0.002
11.2469,0.002
11.2629,0.002
11.2789,0.002
11.3109,0.002
11.3269,0.002
11.3429,0.002
11.3589,0.002
11.3909,0.002
11.4069,0.002
11.4229,0.002
11.4389,0.002
11.4709,0.002
11.4869,0.002
11.5029,0.002
11.5189,0.002
11.5509,0.002
11.5669,0.002
11.5829,0.002
11.5989,0.002
11.6309,0.002
11.6469,0.002
11.6629,0.002
11.6789,0.002
11.7109,0.002
11.7269,0.002
11.7429,0.002
11.7589,0.002
11.7909,0.002
11.8069,0.002
11.8229,0.002
11.8389,0.002
11.8709,0.002
11.8869,0.002
11.9029,0.002
11.9189,0.002
11.9509,0.002
11.9673,0.002
11.9833,0.002
11.9993,0.002
12.0313,0.002
12.0473,0.002
12.0633,0.002
12.0793,0.002
12.1113,0.002
12.1273,0.002
12.1433,0.002
12.1591,0.002
12.1912,0.002
12.2076,0.002
12.2235,0.002
12.2396,0.002
12.2716,0.002
12.2876,0.002
12.3036,0.002
12.3196,0.002
12.3516,0.002
12.3676,0.002
12.3836,0.002
12.3996,0.002
12.4316,0.002
12.4477,0.002
12.4637,0.002
12.4787,0.002
12.5117,0.002
12.5277,0.002
12.5437,0.002
12.5587,0.002
12.5917,0.002
12.6077,0.002
12.6237,0.002
12.6397,0.002
12.6717,0.002
12.6877,0.002
12.7037,0.002
12.7197,0.002
12.7517,0.002
12.7677,0.002
12.7827,0.002
12.7997,0.002
12.8317,0.002
12.8473,0.002
12.8636,0.002
12.8796,0.002
12.9116,0.002
12.9276,0.002
12.9436,0.002
12.9596,0.002
12.9916,0.002
13.0076,0.002
13.0236,0.002
13.0396,0.002
13.0716,0.002
13.0876,0.002
13.1036,0.002
13.1196,0.002
13.1516,0.002
13.1676,0.002
13.1836,0.002
13.1996,0.002
13.2312,0.002
13.2472,0.002
13.2632,0.002
13.2792,0.002
13.3112,0.002
13.3272,0.002
13.3432,0.002
13.3592,0.002
13.3912,0.002
13.4074,0.002
13.4228,0.002
13.4388,0.002
13.4708,0.002
13.4878,0.002
13.5029,0.002
13.5187,0.002
13.5512,0.002
13.5672,0.002
13.5832,0.002
13.599,0.002
13.631,0.002
13.647,0.002
13.663,0.002
13.679,0.002
13.711,0.002
13.727,0.002
13.743,0.002
13.759,0.002
13.791,0.002
13.807,0.002
13.823,0.002
13.839,0.002
13.871,0.002
13.887,0.002
13.903,0.002
13.919,0.002
13.951,0.002
13.967,0.002
13.983,0.002
13.999,0.002
14.031,0.002
14.047,0.002
14.063,0.002
14.079,0.002
14.111,0.002
14.127,0.002
14.1435,0.002
14.1597,0.002
14.1909,0.002
14.2069,0.002
14.223,0.002
14.2396,0.002
14.2716,0.002
14.2876,0.002
14.3036,0.002
14.3196,0.002
14.3516,0.002
14.3676,0.002
14.3836,0.002
14.3996,0.002
14.4316,0.002
14.4476,0.002
14.4636,0.002
14.4796,0.002
14.5116,0.002
14.5276,0.002
14.5436,0.002
14.5596,0.002
14.5916,0.002
14.6076,0.002
14.6236,0.002
14.6396,0.002
14.6716,0.002
14.6876,0.002
14.7036,0.002
14.7196,0.002
14.7516,0.002
14.7676,0.002
14.7836,0.002
14.7996,0.002
14.8316,0.002
14.8476,0.002
14.8637,0.002
14.8795,0.002
14.9111,0.002
14.9271,0.002
14.9431,0.002
14.959,0.002
14.991,0.002
15.007,0.002
15.023,0.002
15.039,0.002
15.071,0.002
15.087,0.002
15.103,0.002
15.119,0.002
15.151,0.002
15.167,0.002
15.183,0.002
15.199,0.002
15.2316,0.002
15.2476,0.002
15.2636,0.002
15.2796,0.002
15.3116,0.002
15.3276,0.002
15.3436,0.002
15.3596,0.002
15.3916,0.002
15.4076,0.002
15.4236,0.002
15.4396,0.002
15.4716,0.002
15.4876,0.002
15.5036,0.002
15.5196,0.002
15.5516,0.002
15.5676,0.002
15.5836,0.002
15.5994,0.002
15.6312,0.002
15.6472,0.002
15.6632,0.002
15.6796,0.002
15.7116,0.002
15.7276,0.002
15.7436,0.002
15.7596,0.002
15.7916,0.002
15.8076,0.002
15.8236,0.002
15.8396,0.002
15.8716,0.002
15.8876,0.002
15.9036,0.002
15.9196,0.002
15.9516,0.002
15.9676,0.002
15.9836,0.002
15.9996,0.002
16.0316,0.002
16.0476,0.002
16.0636,0.002
16.0794,0.002
16.1113,0.002
16.1273,0.002
16.1433,0.002
16.1593,0.002
16.1913,0.002
16.207,0.002
16.2236,0.002
16.2388,0.002
16.2711,0.002
16.2871,0.002
16.3031,0.002
16.3195,0.002
16.3515,0.002
16.3675,0.002
16.3835,0.002
16.3995,0.002
16.4315,0.002
16.4475,0.002
16.4635,0.002
16.4795,0.002
16.5115,0.002
16.5275,0.002
16.5433,0.002
16.559,0.002
16.5914,0.002
16.6074,0.002
16.6234,0.002
16.6394,0.002
16.6714,0.002
16.6874,0.002
16.7034,0.002
16.7189,0.002
16.751,0.002
16.767,0.002
16.783,0.002
16.799,0.002
16.831,0.002
16.847,0.002
16.863,0.002
16.879,0.002
16.911,0.002
16.927,0.002
16.943,0.002
16.959,0.002
16.991,0.002
17.007,0.002
17.023,0.002
17.039,0.002
17.071,0.002
17.0876,0.002
17.1035,0.002
17.1195,0.002
17.1515,0.002
17.1675,0.002
17.1835,0.002
17.1995,0.002
17.2311,0.002
17.2471,0.002
17.2631,0.002
17.2791,0.002
17.3111,0.002
17.3271,0.002
17.3431,0.002
17.3591,0.002
17.3911,0.002
17.4071,0.002
17.4231,0.002
17.4391,0.002
17.4711,0.002
17.4871,0.002
17.5031,0.002
17.5191,0.002
17.5511,0.002
17.5671,0.002
17.5831,0.002
17.5991,0.002
17.6317,0.002
17.6476,0.002
17.6637,0.002
17.6794,0.002
17.711,0.002
17.727,0.002
17.743,0.002
17.759,0.002
17.791,0.002
17.807,0.002
17.823,0.002
17.839,0.002
17.871,0.002
17.887,0.002
17.903,0.002
17.919,0.002
17.951,0.002
17.967,0.002
17.983,0.002
17.999,0.002
18.031,0.002
18.047,0.002
18.063,0.002
18.079,0.002
18.111,0.002
18.127,0.002
18.143,0.002
18.159,0.002
18.191,0.002
18.207,0.002
18.223,0.002
18.2396,0.002
18.2716,0.002
18.2876,0.002
18.3036,0.002
18.3196,0.002
18.3516,0.002
18.3676,0.002
18.3836,0.002
18.3996,0.002
18.4316,0.002
18.4476,0.002
18.4636,0.002
18.4796,0.002
18.5116,0.002
18.5276,0.002
18.5436,0.002
18.5596,0.002
18.5916,0.002
18.6076,0.002
18.6236,0.002
18.6396,0.002
18.6716,0.002
18.6867,0.002
18.7035,0.002
18.719,0.002
18.7513,0.002
18.7678,0.002
18.7838,0.002
18.7998,0.002
18.8318,0.002
18.8478,0.002
18.8638,0.002
18.8788,0.002
18.9118,0.002
18.9268,0.002
18.9438,0.002
18.9591,0.002
18.9907,0.002
19.0073,0.002
19.0233,0.002
19.0393,0.002
19.0716,0.001
19.0876,0.001
19.1036,0.001
19.1196,0.001
19.1516,0.001
19.1676,0.001
19.1836,0.001
19.1996,0.001
19.2313,0.001
19.2472,0.001
19.2633,0.001
19.2793,0.001
19.3113,0.001
19.3273,0.001
19.3433,0.001
19.3593,0.001
19.3913,0.001
19.4073,0.001
19.4233,0.001
19.4393,0.001
19.4713,0.001
19.4873,0.001
19.5033,0.001
19.5193,0.001
19.5513,0.001
19.5673,0.001
19.5833,0.001
19.5993,0.001
19.6313,0.001
19.6473,0.001
19.6633,0.001
19.6793,0.001
19.7113,0.001
19.7273,0.001
19.7433,0.001
19.7593,0.001
19.7913,0.001
19.8073,0.001
19.8233,0.001
19.8393,0.001
19.8713,0.001
19.8873,0.001
19.9033,0.001
19.9193,0.001
19.9507,0.001
19.9665,0.001
19.9837,0.001
19.9997,0.001
20.0317,0.001
20.0471,0.001
20.0631,0.001
20.0791,0.001
20.1111,0.001
20.1271,0.001
20.1431,0.001
20.1591,0.001
20.1911,0.001
20.2072,0.001
20.2234,0.001
20.2397,0.001
20.2717,0.001
20.2877,0.001
20.3037,0.001
20.3191,0.001
20.3513,0.001
20.3676,0.001
20.3837,0.001
20.3997,0.001
20.431,0.001
20.447,0.001
20.463,0.002
20.479,0.002
20.511,0.002
20.527,0.002
20.543,0.002
20.559,0.002
20.591,0.002
20.607,0.002
20.623,0.002
20.639,0.002
20.671,0.002
20.687,0.002
20.703,0.002
20.719,0.002
20.751,0.002
20.767,0.002
20.783,0.002
20.799,0.002
20.831,0.002
20.847,0.002
20.863,0.002
20.879,0.002
20.911,0.002
20.927,0.002
20.943,0.002
20.959,0.002
20.991,0.002
21.007,0.002
21.023,0.002
21.039,0.002
21.071,0.002
21.087,0.002
21.103,0.002
21.119,0.002
21.151,0.002
21.1677,0.002
21.1829,0.002
21.1989,0.002
21.2315,0.002
21.2475,0.002
21.2635,0.002
21.2795,0.002
21.3115,0.002
21.3275,0.002
21.3435,0.002
21.3595,0.002
21.3915,0.002
21.4075,0.002
21.4235,0.002
21.4395,0.002
21.4715,0.002
21.4875,0.002
21.5035,0.002
21.5195,0.002
21.5515,0.002
21.5675,0.002
21.5835,0.002
21.5995,0.002
21.6315,0.002
21.6475,0.002
21.6635,0.002
21.6795,0.002
21.7104,0.002
21.7271,0.002
21.7431,0.002
21.7591,0.002
21.7908,0.002
21.8074,0.002
21.8234,0.002
21.8394,0.002
21.8714,0.002
21.8874,0.002
21.9034,0.002
21.9194,0.002
21.9514,0.002
21.9674,0.002
21.9834,0.002
21.9994,0.002
22.0314,0.002
22.0474,0.002
22.0634,0.002
22.0794,0.002
22.1114,0.002
22.1274,0.002
22.1434,0.002
22.1594,0.002
22.1914,0.002
22.2074,0.002
22.2235,0.001
22.2392,0.001
22.2712,0.0
22.2872,0.0
22.3032,-0.001
22.3192,-0.002
22.3512,-0.004
22.3672,-0.006
22.3832,-0.008
22.3992,-0.01
22.4312,-0.012
22.4472,-0.015
22.4632,-0.017
22.4792,-0.02
22.5112,-0.022
22.5272,-0.025
22.5432,-0.028
22.5592,-0.03
22.5912,-0.033
22.6072,-0.035
22.6232,-0.038
22.6392,-0.04
22.6716,-0.043
22.687,-0.045
22.703,-0.047
22.7194,-0.048
22.7509,-0.05
22.7669,-0.051
22.7829,-0.052
22.7989,-0.053
22.8309,-0.053
22.8469,-0.054
22.8629,-0.054
22.8789,-0.054
22.9109,-0.054
22.9269,-0.054
22.9429,-0.053
22.9598,-0.053
22.9914,-0.052
23.0076,-0.052
23.0236,-0.051
23.0396,-0.05
23.071,-0.05
23.087,-0.049
23.103,-0.049
23.119,-0.048
23.151,-0.048
23.167,-0.048
23.183,-0.047
23.199,-0.047
23.2313,-0.047
23.2473,-0.047
23.2634,-0.047
23.2792,-0.047
23.3112,-0.047
23.3272,-0.047
23.3432,-0.047
23.3592,-0.048
23.3912,-0.049
23.4072,-0.05
23.4232,-0.051
23.4392,-0.053
23.4713,-0.054
23.4872,-0.056
23.5032,-0.058
23.5192,-0.06
23.5512,-0.062
23.5672,-0.065
23.5832,-0.067
23.5992,-0.069
23.6312,-0.071
23.6472,-0.073
23.6632,-0.075
23.6794,-0.077
23.7113,-0.078
23.7273,-0.08
23.7433,-0.08
23.7593,-0.081
23.7913,-0.081
23.8073,-0.081
23.8233,-0.081
23.8393,-0.08
23.8713,-0.08
23.8873,-0.079
23.9033,-0.079
23.9193,-0.079
23.9513,-0.078
23.9679,-0.078
23.9839,-0.078
23.9999,-0.077
24.0309,-0.077
24.0479,-0.077
24.0629,-0.076
24.0799,-0.076
24.1117,-0.076
24.127,-0.076
24.1437,-0.075
24.1593,-0.075
24.1918,-0.075
24.2075,-0.074
24.2229,-0.074
24.2394,-0.073
24.2714,-0.073
24.2874,-0.073
24.3034,-0.072
24.3194,-0.072
24.3514,-0.071
24.3674,-0.071
24.3834,-0.07
24.3995,-0.07
24.4311,-0.07
24.4469,-0.069
24.4629,-0.069
24.4789,-0.068
24.5112,-0.068
24.5275,-0.068
24.5437,-0.067
24.5594,-0.067
24.5914,-0.067
24.6074,-0.066
24.6234,-0.066
24.6394,-0.066
24.6714,-0.065
24.6874,-0.065
24.7034,-0.065
24.7194,-0.064
24.7514,-0.064
24.7674,-0.064
24.7834,-0.063
24.7994,-0.063
24.8314,-0.063
24.8474,-0.062
24.8634,-0.062
24.8794,-0.062
24.9114,-0.061
24.9274,-0.061
24.9434,-0.06
24.9594,-0.06
24.9914,-0.06
25.0074,-0.059
25.0237,-0.059
25.0395,-0.059
25.0719,-0.058
25.0875,-0.058
25.1035,-0.058
25.1195,-0.058
25.1511,-0.057
25.1671,-0.057
25.1831,-0.057
25.1991,-0.056
25.2317,-0.056
25.2477,-0.056
25.2637,-0.055
25.2797,-0.055
25.3117,-0.055
25.3277,-0.055
25.3437,-0.054
25.3597,-0.054
25.3914,-0.054
25.4078,-0.053
25.4238,-0.053
25.4398,-0.053
25.4718,-0.052
25.4868,-0.052
25.5038,-0.052
25.5198,-0.051
25.5518,-0.051
25.5678,-0.051
25.5826,-0.051
25.5985,-0.05
25.6314,-0.05
25.6474,-0.05
25.6634,-0.049
25.6794,-0.049
25.711,-0.049
25.727,-0.049
25.743,-0.048
25.759,-0.048
25.7908,-0.048
25.8075,-0.047
25.8235,-0.047
25.8395,-0.047
25.8718,-0.047
25.8868,-0.046
25.9038,-0.046
25.9198,-0.046
25.9518,-0.045
25.9678,-0.045
25.9838,-0.045
25.9998,-0.045
26.0309,-0.044
26.0476,-0.044
26.0637,-0.044
26.0797,-0.044
26.1117,-0.043
26.1277,-0.043
26.1437,-0.043
26.1597,-0.043
26.1914,-0.042
26.2078,-0.042
26.2238,-0.042
26.2393,-0.042
26.2713,-0.041
26.2879,-0.041
26.303,-0.041
26.3189,-0.041
26.3509,-0.04
26.3669,-0.04
26.3829,-0.04
26.3989,-0.04
26.4309,-0.039
26.4477,-0.039
26.4637,-0.039
26.4797,-0.039
26.5117,-0.038
26.5269,-0.038
26.5432,-0.038
26.5592,-0.038
26.5913,-0.037
26.6073,-0.037
26.6233,-0.037
26.6393,-0.037
26.6713,-0.036
26.6873,-0.036
26.7033,-0.036
26.7199,-0.036
26.7513,-0.036
26.7673,-0.035
26.7833,-0.035
26.7993,-0.035
26.8313,-0.035
26.8473,-0.034
26.8633,-0.034
26.8793,-0.034
26.9114,-0.034
26.9274,-0.034
26.9434,-0.034
26.9594,-0.033
26.9914,-0.033
27.0074,-0.033
27.0235,-0.033
27.0397,-0.033
27.0712,-0.032
27.0872,-0.032
27.1032,-0.032
27.1192,-0.032
27.1516,-0.032
27.1671,-0.031
27.1831,-0.031
27.1991,-0.031
27.2312,-0.031
27.2471,-0.03
27.2631,-0.03
27.2791,-0.03
27.3111,-0.03
27.3271,-0.03
27.3431,-0.03
27.3591,-0.029
27.3911,-0.029
27.4071,-0.029
27.4231,-0.029
27.4391,-0.028
27.4711,-0.028
27.4871,-0.027
27.5031,-0.026
27.5191,-0.025
27.5511,-0.023
27.5671,-0.021
27.5831,-0.019
27.5991,-0.017
27.6311,-0.014
27.6471,-0.011
27.6631,-0.008
27.6791,-0.005
27.7115,-0.002
27.7276,0.0
27.7432,0.003
27.7592,0.007
27.7912,0.01
27.8072,0.014
27.8232,0.017
27.8392,0.02
27.8712,0.024
27.8872,0.027
27.9032,0.031
27.9192,0.034
27.9512,0.037
27.9672,0.04
27.9832,0.043
27.9992,0.046
28.0315,0.048
28.0471,0.05
28.0631,0.052
28.0791,0.053
28.1114,0.054
28.1277,0.055
28.1437,0.056
28.1597,0.056
28.1917,0.056
28.2077,0.056
28.2237,0.055
28.2393,0.055
28.2713,0.054
28.2873,0.053
28.3033,0.052
28.3193,0.052
28.3513,0.051
28.3675,0.05
28.3832,0.049
28.3994,0.049
28.4314,0.048
28.4474,0.048
28.4634,0.048
28.4794,0.048
28.5118,0.047
28.5276,0.047
28.5438,0.047
28.5598,0.048
28.5918,0.048
28.6072,0.048
28.6232,0.049
28.6392,0.049
28.6712,0.05
28.6872,0.051
28.7032,0.053
28.7192,0.054
28.7512,0.056
28.7672,0.057
28.7832,0.059
28.7992,0.06
28.8316,0.061
28.8476,0.062
28.8637,0.063
28.8798,0.063
28.9117,0.063
28.9274,0.063
28.9433,0.063
28.9596,0.063
28.9918,0.062
29.0077,0.062
29.0232,0.061
29.0398,0.06
29.0713,0.059
29.0865,0.058
29.103,0.058
29.1195,0.057
29.1513,0.056
29.1673,0.056
29.1833,0.055
29.1993,0.055
29.2314,0.054
29.2469,0.054
29.2629,0.054
29.2789,0.054
29.3109,0.054
29.3269,0.054
29.3429,0.054
29.3589,0.054
29.3909,0.054
29.4069,0.054
29.4239,0.054
29.4399,0.054
29.4709,0.053
29.4869,0.053
29.5029,0.053
29.5189,0.053
29.5509,0.053
29.5669,0.052
29.5829,0.052
29.5989,0.052
29.6309,0.052
29.6469,0.051
29.6629,0.051
29.6789,0.051
29.7119,0.051
29.727,0.05
29.743,0.05
29.759,0.05
29.791,0.05
29.807,0.05
29.823,0.05
29.839,0.049
29.8705,0.049
29.8863,0.049
29.9036,0.049
29.9196,0.049
29.9516,0.049
29.9673,0.048
29.9829,0.048
29.9989,0.048
30.0309,0.048
30.0469,0.047
30.0629,0.047
30.0789,0.047
30.1109,0.047
30.1269,0.047
30.1429,0.046
30.1589,0.046
30.1909,0.046
30.2069,0.046
30.223,0.046
30.2395,0.046
30.2715,0.045
30.2875,0.045
30.3035,0.045
30.3199,0.045
30.3519,0.045
30.3679,0.045
30.3839,0.044
30.3999,0.044
30.4319,0.044
30.4479,0.044
30.4639,0.044
30.4799,0.043
30.5119,0.043
30.5279,0.043
30.5439,0.043
30.5599,0.043
30.5917,0.043
30.6069,0.042
30.6239,0.042
30.6395,0.042
30.6711,0.042
30.6875,0.042
30.7035,0.041
30.7195,0.041
30.7515,0.041
30.7677,0.041
30.7837,0.041
30.7997,0.041
30.8318,0.04
30.8478,0.04
30.8638,0.04
30.8798,0.04
30.9118,0.04
30.9278,0.04
30.9438,0.039
30.9598,0.039
30.9918,0.039
31.0077,0.039
31.0234,0.039
31.0395,0.039
31.0715,0.039
31.0875,0.038
31.1035,0.038
31.1195,0.038
31.1515,0.038
31.1677,0.038
31.1824,0.038
31.1998,0.037
31.2296,0.037
31.2412,0.037
31.2625,0.037
31.2793,0.037
31.3063,0.037
31.3276,0.036
31.3436,0.036
31.3487,0.036
31.3895,0.036
31.4071,0.036
31.4237,0.036
31.4358,0.036
31.47,0.035
31.4838,0.035
31.4996,0.035
31.5154,0.035
31.5494,0.035
31.5632,0.035
31.5775,0.034
31.5932,0.034
31.6274,0.034
31.6468,0.034
31.662,0.034
31.6762,0.034
31.7107,0.034
31.7271,0.033
31.741,0.033
31.7593,0.033
31.7895,0.033
31.8066,0.033
31.8203,0.033
31.8361,0.033
31.8679,0.033
31.8838,0.032
31.8996,0.032
31.9154,0.032
31.9468,0.032
31.9628,0.032
31.9789,0.032
31.9946,0.032
32.0268,0.031
32.0438,0.031
32.0584,0.031
32.0799,0.031
32.1106,0.031
32.1276,0.031
32.1435,0.031
32.1561,0.03
32.1892,0.03
32.2044,0.03
32.2234,0.03
32.2397,0.03
32.2719,0.03
32.2867,0.03
32.3034,0.03
32.3199,0.03
32.3498,0.03
32.3642,0.03
32.384,0.029
32.3974,0.029
32.4317,0.029
32.4477,0.029
32.4636,0.029
32.4795,0.029
32.5116,0.029
32.5264,0.029
32.5435,0.029
32.5589,0.028
32.5887,0.028
32.6052,0.028
32.6217,0.028
32.6334,0.028
32.6687,0.028
32.6877,0.028
32.7036,0.027
32.7175,0.027
32.7506,0.027
32.7669,0.027
32.7829,0.027
32.7999,0.027
32.8305,0.027
32.8472,0.027
32.8624,0.027
32.8774,0.027
32.9116,0.027
32.9274,0.027
32.9428,0.027
32.9598,0.026
32.9898,0.026
33.0025,0.026
33.0227,0.026
33.0371,0.026
33.0714,0.026
33.0851,0.026
33.0995,0.026
33.1198,0.026
33.1486,0.025
33.168,0.025
33.1829,0.025
33.1995,0.025
33.2312,0.025
33.2458,0.025
33.2623,0.025
33.2797,0.025
33.3075,0.024
33.3278,0.024
33.3417,0.024
33.3559,0.024
33.3902,0.024
33.4064,0.024
33.4217,0.024
33.4393,0.024
33.4698,0.024
33.4875,0.024
33.5022,0.024
33.5186,0.024
33.5515,0.024
33.5643,0.023
33.5783,0.023
33.5986,0.023
33.6267,0.023
33.6473,0.023
33.6614,0.023
33.6756,0.023
33.71,0.023
33.7245,0.023
33.7441,0.023
33.7582,0.023
33.7905,0.022
33.8076,0.022
33.8216,0.022
33.8377,0.022
33.8705,0.022
33.8836,0.022
33.9019,0.022
33.9185,0.022
33.9513,0.022
33.9677,0.022
33.9824,0.022
33.9984,0.022
34.0304,0.021
34.0471,0.021
34.0638,0.021
34.0793,0.021
34.1119,0.021
34.1277,0.021
34.1404,0.021
34.1591,0.021
34.1889,0.021
34.2026,0.021
34.2236,0.021
34.2383,0.021
34.2718,0.021
34.2874,0.02
34.3004,0.02
34.3149,0.02
34.3486,0.02
34.3634,0.02
34.3836,0.02
34.3976,0.02
34.4321,0.02
34.4464,0.02
34.4602,0.02
34.4758,0.02
34.5092,0.02
34.5247,0.019
34.5439,0.019
34.5578,0.019
34.5905,0.019
34.6074,0.019
34.6237,0.019
34.64,0.019
34.6689,0.019
34.6823,0.019
34.7035,0.019
34.7171,0.019
34.752,0.019
34.7655,0.019
34.7818,0.019
34.8,0.018
34.8287,0.018
34.8466,0.018
34.8627,0.018
34.877,0.018
34.911,0.018
34.9245,0.018
34.9425,0.018
34.9596,0.018
34.9884,0.018
35.0079,0.018
35.022,0.018
35.0376,0.018
35.0713,0.017
35.087,0.017
35.1009,0.017
35.1195,0.017
35.1516,0.017
35.1676,0.017
35.1824,0.017
35.1983,0.017
35.2311,0.017
35.2456,0.017
35.2625,0.017
35.2795,0.017
35.311,0.017
35.3279,0.017
35.3424,0.017
35.3588,0.017
35.3899,0.017
35.4047,0.016
35.4222,0.016
35.4384,0.016
35.471,0.016
35.487,0.016
35.5029,0.016
35.5189,0.016
35.5504,0.016
35.5665,0.016
35.5775,0.016
35.5996,0.016
35.6312,0.016
35.6403,0.016
35.662,0.016
35.6719,0.016
35.706,0.016
35.7265,0.015
35.7432,0.015
35.759,0.015
35.783,0.015
35.8017,0.015
35.8148,0.015
35.8306,0.015
35.8623,0.015
35.8784,0.015
35.8942,0.015
35.9109,0.015
35.9501,0.015
35.9662,0.015
35.9819,0.015
35.9977,0.015
36.0293,0.014
36.0451,0.014
36.0609,0.014
36.0767,0.014
36.1084,0.014
36.1242,0.014
36.14,0.014
36.1558,0.014
36.1875,0.014
36.2034,0.014
36.2192,0.014
36.2344,0.014
36.2659,0.014
36.2817,0.014
36.2975,0.014
36.3132,0.014
36.3448,0.014
36.3606,0.014
36.3764,0.014
36.3926,0.014
36.4242,0.013
36.4428,0.013
36.4558,0.013
36.4799,0.013
36.51,0.013
36.5236,0.013
36.5317,0.013
36.5444,0.013
36.5911,0.013
36.6012,0.013
36.617,0.013
36.63,0.013
36.6654,0.013
36.6871,0.013
36.704,0.013
36.7198,0.013
36.7515,0.013
36.7674,0.013
36.7834,0.013
36.7992,0.013
36.8307,0.013
36.8467,0.013
36.8626,0.013
36.8784,0.013
36.9099,0.013
36.9258,0.013
36.9416,0.012
36.9593,0.012
36.9893,0.012
37.0078,0.012
37.0148,0.012
37.0295,0.012
37.061,0.012
37.0768,0.012
37.0926,0.012
37.1083,0.012
37.1399,0.012
37.1557,0.011
37.1714,0.011
37.1873,0.011
37.2188,0.011
37.2345,0.011
37.2504,0.011
37.2662,0.011
37.2978,0.011
37.3136,0.011
37.3293,0.011
37.3451,0.011
37.3767,0.011
37.3927,0.011
37.4085,0.011
37.4243,0.011
37.4719,0.011
37.4877,0.011
37.5035,0.011
37.5193,0.011
37.5495,0.011
37.5584,0.011
37.5742,0.011
37.598,0.011
37.6245,0.011
37.6403,0.011
37.656,0.011
37.6718,0.011
37.7034,0.011
37.7191,0.01
37.735,0.01
37.751,0.01
37.7826,0.01
37.7985,0.01
37.8143,0.01
37.83,0.01
37.8616,0.01
37.8776,0.01
37.8934,0.01
37.9092,0.01
37.9408,0.01
37.9566,0.01
37.9724,0.01
37.9885,0.01
38.0201,0.01
38.0479,0.01
38.0638,0.01
38.0793,0.01
38.1066,0.01
38.1248,0.01
38.1384,0.01
38.1541,0.01
38.1857,0.01
38.2015,0.01
38.2193,0.01
38.2347,0.01
38.2651,0.01
38.2812,0.01
38.297,0.01
38.3128,0.01
38.3445,0.01
38.3605,0.01
38.3763,0.01
38.392,0.01
38.4313,0.009
38.4471,0.009
38.463,0.009
38.4708,0.009
38.5053,0.009
38.5184,0.009
38.5341,0.009
38.55,0.009
38.5816,0.009
38.606,0.009
38.6141,0.009
38.6299,0.009
38.6617,0.009
38.6775,0.009
38.6932,0.009
38.709,0.009
38.7406,0.009
38.7564,0.009
38.7722,0.009
38.788,0.009
38.8198,0.009
38.8356,0.009
38.8514,0.009
38.8671,0.009
38.8987,0.009
38.9145,0.009
38.9303,0.008
38.9461,0.008
38.9779,0.008
38.994,0.008
39.0098,0.008
39.0257,0.008
39.0573,0.008
39.0731,0.008
39.0889,0.008
39.1047,0.008
39.145,0.008
39.1608,0.008
39.1766,0.008
39.1923,0.008
39.2239,0.008
39.2396,0.008
39.2554,0.008
39.2713,0.008
39.3028,0.008
39.3186,0.008
39.3344,0.008
39.3502,0.008
39.382,0.008
39.4066,0.008
39.4225,0.008
39.4399,0.008
39.4618,0.008
39.4876,0.008
39.5019,0.008
39.5199,0.008
39.5511,0.007
39.5673,0.007
39.5841,0.007
39.5997,0.007
39.6299,0.007
39.6467,0.007
39.6639,0.008
39.6772,0.008
39.7118,0.008
39.7258,0.008
39.7439,0.008
39.7577,0.008
39.7897,0.008
39.8063,0.008
39.8231,0.008
39.8371,0.008
39.8718,0.008
39.8854,0.008
39.9036,0.007
39.9198,0.007
39.9508,0.007
39.9679,0.007
39.9836,0.007
39.9999,0.007
40.0313,0.007
40.0446,0.007
40.0632,0.007
40.0771,0.007
40.1118,0.007
40.1277,0.007
40.1417,0.007
40.1566,0.007
40.1898,0.007
40.2049,0.007
40.2237,0.007
40.2385,0.007
40.2716,0.007
40.2863,0.007
40.3027,0.007
40.3192,0.007
40.3511,0.007
40.3669,0.007
40.3828,0.007
40.3987,0.007
40.4309,0.007
40.4467,0.007
40.4625,0.007
40.4784,0.007
40.5099,0.007
40.5277,0.007
40.5415,0.007
40.5573,0.007
40.5889,0.007
40.6062,0.007
40.6204,0.007
40.6362,0.007
40.6679,0.006
40.6837,0.006
40.6994,0.006
40.7176,0.006
40.7507,0.006
40.7677,0.006
40.7825,0.006
40.7995,0.006
40.8287,0.006
40.848,0.006
40.8622,0.006
40.8757,0.006
40.9104,0.006
40.9254,0.006
40.9403,0.006
40.9591,0.006
40.9881,0.006
41.0007,0.006
41.0118,0.006
41.0276,0.006
41.0593,0.006
41.087,0.006
41.1033,0.006
41.1192,0.006
41.1475,0.006
41.1657,0.006
41.1792,0.006
41.1949,0.006
41.2268,0.006
41.2435,0.006
41.2589,0.006
41.2749,0.006
41.3064,0.006
41.3222,0.006
41.338,0.006
41.3537,0.006
41.3854,0.006
41.4012,0.006
41.4195,0.006
41.4331,0.006
41.4647,0.006
41.4805,0.006
41.4964,0.006
41.5121,0.006
41.5439,0.006
41.5596,0.006
41.5754,0.005
41.5912,0.005
41.6213,0.005
41.6371,0.005
41.6531,0.005
41.6689,0.005
41.7005,0.005
41.7163,0.005
41.7321,0.005
41.7482,0.005
41.788,0.005
41.8041,0.005
41.8199,0.005
41.8357,0.005
41.8677,0.005
41.8835,0.005
41.8992,0.005
41.9152,0.005
41.9468,0.005
41.9625,0.005
41.9786,0.005
41.9944,0.005
42.026,0.005
42.042,0.005
42.058,0.005
42.0738,0.005
42.1053,0.005
42.1268,0.005
42.1427,0.005
42.1585,0.005
42.1837,0.005
42.2024,0.005
42.2154,0.005
42.2364,0.005
42.2627,0.005
42.2785,0.005
42.2942,0.005
42.3201,0.005
42.3504,0.005
42.3662,0.005
42.3819,0.005
42.3977,0.005
42.4292,0.005
42.445,0.005
42.4611,0.005
42.4769,0.005
42.5085,0.005
42.5242,0.005
42.54,0.005
42.5557,0.005
42.5874,0.005
42.6062,0.005
42.622,0.005
42.6377,0.005
42.6695,0.005
42.6853,0.005
42.7012,0.005
42.7171,0.005
42.7487,0.004
42.7648,0.004
42.7806,0.004
42.7964,0.004
42.828,0.004
42.8478,0.004
42.8548,0.004
42.868,0.004
42.8998,0.004
42.9156,0.004
42.9315,0.004
42.9472,0.004
42.9789,0.004
42.9946,0.004
43.0104,0.004
43.0262,0.004
43.058,0.004
43.074,0.004
43.0898,0.004
43.1056,0.004
43.1372,0.004
43.153,0.004
43.1687,0.004
43.1845,0.004
43.2319,0.004
43.2477,0.004
43.2635,0.004
43.2792,0.004
43.3108,0.004
43.3268,0.004
43.3427,0.004
43.3587,0.004
43.3913,0.004
43.4073,0.004
43.423,0.004
43.4389,0.004
43.4709,0.004
43.4867,0.004
43.5035,0.004
43.5193,0.004
43.5492,0.004
43.5672,0.004
43.5814,0.004
43.5971,0.004
43.6283,0.004
43.6441,0.004
43.6599,0.004
43.6757,0.004
43.7073,0.004
43.7231,0.004
43.7388,0.004
43.7546,0.004
43.7862,0.004
43.802,0.004
43.8178,0.004
43.8335,0.004
43.8651,0.004
43.8809,0.004
43.9034,0.004
43.9103,0.004
43.938,0.004
43.9526,0.004
43.9683,0.004
43.9999,0.004
44.0317,0.004
44.0477,0.004
44.0635,0.004
44.0797,0.004
44.1113,0.004
44.1271,0.004
44.1431,0.004
44.1589,0.004
44.1905,0.004
44.2062,0.004
44.222,0.004
44.2372,0.004
44.2687,0.004
44.2845,0.004
44.3002,0.004
44.316,0.004
44.3476,0.004
44.3635,0.004
44.3793,0.004
44.3951,0.004
44.4311,0.004
44.4454,0.004
44.4513,0.004
44.4673,0.004
44.4989,0.004
44.5147,0.004
44.5305,0.004
44.5463,0.004
44.5909,0.004
44.6073,0.004
44.6231,0.004
44.6388,0.004
44.6707,0.004
44.6865,0.004
44.7022,0.004
44.718,0.004
44.7497,0.004
44.7654,0.004
44.7813,0.004
44.797,0.004
44.8287,0.004
44.847,0.004
44.8629,0.004
44.8788,0.004
44.9076,0.004
44.9257,0.004
44.9393,0.004
44.9589,0.004
44.9793,0.004
44.9951,0.004
45.0109,0.004
45.0266,0.004
45.0582,0.004
45.074,0.004
45.0898,0.004
45.1057,0.004
45.1374,0.004
45.1531,0.004
45.1689,0.004
45.1846,0.004
45.2162,0.004
45.2375,0.004
45.2639,0.004
45.2799,0.004
45.3115,0.004
45.3273,0.004
45.3431,0.004
45.3588,0.004
45.3904,0.004
45.4062,0.004
45.422,0.004
45.4378,0.004
45.4697,0.004
45.4865,0.004
45.5021,0.004
45.5183,0.004
45.5499,0.004
45.5656,0.004
45.5815,0.004
45.5981,0.004
45.629,0.004
45.6447,0.004
45.6605,0.004
45.6763,0.004
45.7078,0.004
45.7236,0.004
45.7395,0.004
45.7553,0.004
45.787,0.004
45.8028,0.004
45.8186,0.004
45.8364,0.004
45.8663,0.003
45.8821,0.003
45.8979,0.003
45.9136,0.003
45.9452,0.003
45.9611,0.003
45.9769,0.003
45.9927,0.003
46.0283,0.003
46.0352,0.003
46.0489,0.003
46.0648,0.003
46.0964,0.003
46.128,0.003
46.1437,0.003
46.1595,0.003
46.1911,0.003
46.2068,0.003
46.2239,0.003
46.2397,0.003
46.2695,0.003
46.2878,0.003
46.3014,0.003
46.3171,0.003
46.3487,0.003
46.3645,0.003
46.3804,0.003
46.3963,0.003
46.432,0.003
46.4478,0.003
46.4588,0.003
46.4747,0.003
46.5068,0.003
46.5226,0.003
46.5384,0.003
46.556,0.003
46.5783,0.003
46.6059,0.003
46.6195,0.003
46.629,0.003
46.6607,0.003
46.6764,0.003
46.6922,0.003
46.708,0.003
46.7397,0.003
46.7556,0.003
46.7717,0.003
46.7875,0.003
46.819,0.003
46.8348,0.003
46.851,0.003
46.8668,0.003
46.8984,0.003
46.9144,0.003
46.9302,0.003
46.946,0.003
46.9777,0.003
46.9936,0.003
47.0225,0.003
47.0245,0.003
47.0719,0.003
47.087,0.003
47.1027,0.003
47.1197,0.003
47.1462,0.003
47.1674,0.003
47.1784,0.003
47.1982,0.003
47.2309,0.003
47.2384,0.003
47.2524,0.003
47.2798,0.003
47.3095,0.003
47.3173,0.003
47.331,0.003
47.3514,0.003
47.3906,0.003
47.3941,0.003
47.41,0.003
47.4258,0.003
47.4576,0.003
47.4734,0.003
47.4892,0.003
47.5053,0.003
47.5369,0.003
47.5527,0.003
47.5836,0.003
47.5993,0.003
47.6254,0.003
47.6382,0.003
47.6568,0.003
47.6699,0.003
47.7035,0.003
47.7174,0.003
47.7332,0.003
47.7493,0.003
47.7809,0.003
47.7966,0.003
47.8125,0.003
47.8282,0.003
47.8599,0.003
47.8757,0.003
47.8915,0.003
47.9072,0.003
47.9388,0.003
47.9547,0.003
47.9707,0.003
47.9866,0.003
48.0182,0.003
48.034,0.003
48.0501,0.003
48.0658,0.003
48.0974,0.003
48.1136,0.003
48.1394,0.003
48.1536,0.003
48.1852,0.003
48.201,0.003
48.2168,0.003
48.2388,0.003
48.2641,0.003
48.2799,0.003
48.2956,0.003
48.3114,0.003
48.343,0.003
48.3588,0.003
48.3747,0.003
48.3904,0.003
48.422,0.003
48.4378,0.003
48.4535,0.003
48.4693,0.003
48.5109,0.003
48.5167,0.003
48.5324,0.003
48.5482,0.003
48.5824,0.003
48.6058,0.003
48.6123,0.003
48.6281,0.003
48.6682,0.003
48.6843,0.003
48.7004,0.003
48.7182,0.003
48.752,0.003
48.768,0.003
48.7834,0.003
48.799,0.003
48.8315,0.003
48.8478,0.003
48.8628,0.003
48.8795,0.003
48.909,0.003
48.9278,0.003
48.9429,0.003
48.9587,0.003
48.9915,0.003
49.0073,0.003
49.0242,0.003
49.0399,0.003
49.0719,0.003
49.087,0.003
49.1035,0.003
49.1184,0.003
49.1489,0.003
49.1678,0.003
49.1829,0.003
49.1972,0.003
49.2309,0.003
49.2469,0.003
49.2632,0.003
49.2796,0.003
49.31,0.003
49.3276,0.003
49.3422,0.003
49.3569,0.003
49.3912,0.003
49.4051,0.003
49.424,0.003
49.4399,0.003
49.4705,0.003
49.4874,0.003
49.5024,0.003
49.5196,0.003
49.5512,0.003
49.565,0.003
49.5807,0.003
49.5997,0.003
49.6318,0.003
49.647,0.003
49.6631,0.003
49.6757,0.003
49.7107,0.002
49.7261,0.002
49.7366,0.002
49.7596,0.002
49.7918,0.002
49.8074,0.002
49.8218,0.002
49.8396,0.002
49.8701,0.002
49.8861,0.002
49.9027,0.002
49.9197,0.002
49.9497,0.002
49.9639,0.002
49.9777,0.002
50.0001,0.002
50.0299,0.002
50.0455,0.002
50.0627,0.002
50.0683,0.002
50.0998,0.002
50.1156,0.002
50.1392,0.002
50.1544,0.002
50.1809,0.002
50.1945,0.002
50.2225,0.002
50.2393,0.002
50.2642,0.002
50.2749,0.002
50.2907,0.002
50.32,0.002
50.3497,0.002
50.3552,0.002
50.371,0.002
50.3926,0.002
50.4185,0.002
50.4343,0.002
50.4501,0.002
50.4659,0.002
50.4975,0.002
50.5133,0.002
50.529,0.002
50.5452,0.002
50.5767,0.002
50.6045,0.002
50.6209,0.002
50.6366,0.002
50.6682,0.002
50.684,0.002
50.6997,0.002
50.7155,0.002
50.747,0.002
50.7628,0.002
50.7786,0.002
50.7989,0.002
50.8187,0.002
50.8345,0.002
50.8502,0.002
50.8661,0.002
50.8976,0.002
50.9133,0.002
50.9291,0.002
50.9449,0.002
50.9765,0.002
51.0081,0.002
51.0239,0.002
51.0397,0.002
51.0712,0.002
51.087,0.002
51.1028,0.002
51.1186,0.002
51.1505,0.002
51.1663,0.002
51.182,0.002
51.1978,0.002
51.2294,0.002
51.2451,0.002
51.2609,0.002
51.2766,0.002
51.3082,0.002
51.3267,0.002
51.3422,0.002
51.3561,0.002
51.3846,0.002
51.4073,0.002
51.4137,0.002
51.4349,0.002
51.4716,0.002
51.487,0.002
51.504,0.002
51.5163,0.002
51.5496,0.002
51.5652,0.002
51.5777,0.002
51.5976,0.002
51.6297,0.002
51.6457,0.002
51.664,0.002
51.6793,0.002
51.7092,0.002
51.725,0.002
51.7434,0.002
51.757,0.002
51.7884,0.002
51.8042,0.002
51.82,0.002
51.8357,0.002
51.8614,0.002
51.8761,0.002
51.8919,0.002
51.9077,0.002
51.9393,0.002
51.9551,0.002
51.9709,0.002
52.0056,0.002
52.0318,0.002
52.0472,0.002
52.0591,0.002
52.0734,0.002
52.1114,0.002
52.127,0.002
52.1439,0.002
52.1601,0.002
52.1921,0.002
52.2062,0.002
52.222,0.002
52.24,0.002
52.27,0.002
52.2857,0.002
52.3015,0.002
52.3174,0.002
52.3489,0.002
52.365,0.002
52.3821,0.002
52.3977,0.002
52.4294,0.002
52.4451,0.002
52.4611,0.002
52.4768,0.002
52.5084,0.002
52.5241,0.002
52.5399,0.002
52.5561,0.002
52.5911,0.002
52.6045,0.002
52.6196,0.002
52.6354,0.002
52.667,0.002
52.6828,0.002
52.6986,0.002
52.7144,0.002
52.746,0.002
52.7618,0.002
52.7778,0.002
52.7937,0.002
52.8252,0.002
52.8411,0.002
52.8568,0.002
52.8726,0.002
52.91,0.002
52.917,0.002
52.9441,0.002
52.9599,0.002
52.9918,0.002
53.0077,0.002
53.0235,0.002
53.0387,0.002
53.0704,0.002
53.0861,0.002
53.1032,0.002
53.1176,0.002
53.1494,0.002
53.1652,0.002
53.1812,0.002
53.1969,0.002
53.2309,0.002
53.245,0.002
53.2608,0.002
53.2766,0.002
53.3084,0.002
53.3242,0.002
53.34,0.002
53.3558,0.002
53.3874,0.002
53.4032,0.002
53.4189,0.002
53.4378,0.002
53.4706,0.002
53.4789,0.002
53.4963,0.002
53.5153,0.002
53.5418,0.002
53.5598,0.002
53.5819,0.002
53.5995,0.002
53.6321,0.002
53.6477,0.002
53.6627,0.002
53.6796,0.002
53.704,0.002
53.7205,0.002
53.7419,0.002
53.7587,0.002
53.786,0.002
53.8057,0.002
53.8228,0.002
53.8356,0.002
53.8713,0.002
53.8848,0.002
53.9006,0.002
53.9103,0.002
53.9418,0.002
53.9576,0.002
53.982,0.002
53.9981,0.002
54.0297,0.002
54.0455,0.002
54.0612,0.002
54.077,0.002
54.1086,0.002
54.1243,0.002
54.1404,0.002
54.1562,0.002
54.1877,0.002
54.2036,0.002
54.2194,0.002
54.2351,0.002
54.2666,0.002
54.2824,0.002
54.2981,0.002
54.3139,0.002
54.3454,0.002
54.3612,0.002
54.377,0.002
54.4,0.002
54.4316,0.002
54.4395,0.002
54.4552,0.002
54.4799,0.002
54.5108,0.002
54.5268,0.002
54.5425,0.002
54.5584,0.002
54.5906,0.002
54.6069,0.002
54.6227,0.002
54.6385,0.002
54.6704,0.002
54.6861,0.002
54.7022,0.002
54.718,0.002
54.7497,0.002
54.7654,0.002
54.7813,0.002
54.7972,0.002
54.8288,0.002
54.8445,0.002
54.8604,0.002
54.8762,0.002
54.9077,0.002
54.9237,0.002
54.9395,0.002
54.9553,0.002
54.9871,0.002
55.0029,0.002
55.021,0.002
55.0281,0.002
55.0587,0.002
55.0746,0.002
55.0904,0.002
55.1064,0.002
55.1381,0.002
55.1539,0.002
55.1698,0.002
55.1856,0.002
55.2172,0.002
55.2412,0.002
55.2488,0.002
55.2645,0.002
55.3118,0.002
55.3275,0.002
55.3434,0.002
55.3591,0.002
55.3907,0.002
55.4066,0.002
55.4224,0.002
55.4382,0.002
55.4702,0.002
55.486,0.002
55.5017,0.002
55.5176,0.002
55.5502,0.002
55.5628,0.002
55.5835,0.002
55.5974,0.002
55.6238,0.002
55.6396,0.002
55.6554,0.002
55.6712,0.002
55.7028,0.002
55.7188,0.002
55.7356,0.002
55.7595,0.002
55.7912,0.002
55.7975,0.002
55.8133,0.002
55.8291,0.002
55.8611,0.002
55.8772,0.002
55.893,0.002
55.9089,0.002
55.9404,0.002
55.9562,0.002
55.972,0.002
55.9878,0.002
56.0194,0.002
56.0352,0.002
56.051,0.002
56.0668,0.002
56.1043,0.002
56.115,0.002
56.1307,0.002
56.1465,0.002
56.1781,0.002
56.1939,0.002
56.2097,0.002
56.2255,0.002
56.257,0.002
56.2729,0.002
56.2886,0.002
56.3044,0.002
56.3518,0.002
56.3675,0.002
56.3833,0.002
56.3991,0.002
56.431,0.002
56.4468,0.002
56.4625,0.002
56.4782,0.002
56.5098,0.002
56.5275,0.002
56.5428,0.002
56.5602,0.002
56.5885,0.002
56.6047,0.002
56.621,0.002
56.6397,0.002
56.6687,0.002
56.6846,0.002
56.7004,0.002
56.7162,0.002
56.7478,0.002
56.7636,0.002
56.7793,0.002
56.7951,0.002
56.8268,0.002
56.8426,0.002
56.8584,0.002
56.8744,0.002
56.9061,0.002
56.9219,0.002
56.9377,0.002
56.9535,0.002
56.9856,0.002
57.0014,0.002
57.0172,0.002
57.0329,0.002
57.0649,0.002
57.0807,0.002
57.0965,0.002
57.1194,0.002
57.1511,0.002
57.1668,0.002
57.1738,0.002
57.1855,0.002
57.2172,0.002
57.2416,0.002
57.2487,0.002
57.2645,0.002
57.3118,0.002
57.3276,0.002
57.3433,0.002
57.3591,0.002
57.3907,0.002
57.4064,0.002
57.4222,0.002
57.438,0.002
57.4696,0.002
57.4854,0.002
57.5013,0.002
57.5171,0.002
57.5487,0.002
57.5644,0.002
57.5824,0.002
57.5974,0.002
57.6291,0.002
57.6448,0.002
57.6606,0.002
57.6768,0.002
57.7072,0.002
57.7243,0.002
57.7336,0.002
57.7598,0.002
57.7878,0.002
57.804,0.002
57.8213,0.002
57.834,0.002
57.865,0.002
57.8746,0.002
57.8966,0.002
57.9063,0.002
57.9378,0.002
57.9536,0.002
57.9695,0.002
57.9853,0.002
58.0169,0.002
58.0327,0.002
58.0485,0.002
58.0645,0.002
58.1118,0.002
58.1278,0.002
58.1439,0.002
58.1597,0.002
58.1913,0.002
58.2082,0.002
58.2238,0.002
58.24,0.002
58.2716,0.002
58.2877,0.002
58.3036,0.002
58.3193,0.002
58.3508,0.002
58.367,0.002
58.3829,0.002
58.3987,0.002
58.4302,0.002
58.4459,0.002
58.4617,0.002
58.4799,0.002
58.5116,0.002
58.5242,0.002
58.54,0.002
58.5582,0.002
58.5875,0.002
58.6046,0.002
58.6197,0.002
58.6355,0.002
58.6674,0.002
58.6832,0.002
58.699,0.002
58.7151,0.002
58.7431,0.002
58.7553,0.002
58.771,0.002
58.7868,0.002
58.8184,0.002
58.8344,0.002
58.8502,0.002
58.866,0.002
58.8976,0.002
58.9133,0.002
58.9292,0.002
58.9451,0.002
58.9767,0.002
58.9925,0.002
59.0241,0.002
59.0399,0.002
59.0715,0.002
59.0876,0.002
59.1034,0.002
59.1192,0.002
59.1509,0.002
59.1669,0.002
59.1826,0.002
59.1984,0.002
59.2304,0.002
59.2462,0.002
59.264,0.002
59.2709,0.002
59.3018,0.002
59.3178,0.002
59.3335,0.002
59.3493,0.002
59.381,0.002
59.3968,0.002
59.4125,0.002
59.4283,0.002
59.4601,0.002
59.4759,0.002
59.4918,0.002
59.5076,0.002
59.5392,0.002
59.555,0.002
59.5708,0.002
59.5978,0.002
59.6218,0.002
59.6376,0.002
59.6536,0.002
59.6694,0.002
59.701,0.002
59.7168,0.002
59.7326,0.002
59.7484,0.002
59.7799,0.002
59.8055,0.002
59.8197,0.002
59.8398,0.002
59.8715,0.002
59.8824,0.002
59.8982,0.002
59.9173,0.002
59.9465,0.002
59.9625,0.002
59.9784,0.002
59.9942,0.002
60.0258,0.002
60.0419,0.002
60.0576,0.002
60.0734,0.002
60.105,0.002
60.121,0.002
60.1369,0.002
60.1528,0.002
60.1843,0.002
60.2002,0.002
60.2161,0.002
60.236,0.002
60.2634,0.002
60.2792,0.002
60.2951,0.002
60.3108,0.002
60.351,0.002
60.3671,0.002
60.3829,0.002
60.3989,0.002
60.4307,0.002
60.4464,0.002
60.4621,0.002
60.478,0.002
60.5096,0.002
60.5254,0.002
60.5412,0.002
60.5569,0.002
60.5901,0.002
60.6048,0.002
60.6215,0.002
60.6377,0.002
60.6697,0.002
60.6855,0.002
60.7013,0.002
60.7171,0.002
60.749,0.002
60.7648,0.002
60.7806,0.002
60.7964,0.002
60.828,0.002
60.8438,0.002
60.861,0.002
60.8765,0.002
60.9082,0.002
60.924,0.002
60.9398,0.002
60.9559,0.002
60.9876,0.002
61.0034,0.002
61.0192,0.002
61.0352,0.002
61.0671,0.002
61.0829,0.002
61.0989,0.002
61.1146,0.002
61.1462,0.002
61.1639,0.002
61.1778,0.002
61.1936,0.002
61.2322,0.002
61.2476,0.002
61.2579,0.002
61.2737,0.002
61.3054,0.002
61.3211,0.002
61.3369,0.002
61.3527,0.002
61.3889,0.002
61.3959,0.002
61.4087,0.002
61.4245,0.002
61.4719,0.002
61.4877,0.002
61.5035,0.002
61.5194,0.002
61.551,0.002
61.5667,0.002
61.5826,0.002
61.6,0.002
61.6311,0.002
61.6466,0.002
61.6611,0.002
61.6726,0.002
61.7043,0.002
61.7259,0.002
61.7434,0.002
61.7565,0.002
61.7909,0.002
61.8007,0.002
61.8229,0.002
61.8385,0.002
61.8688,0.002
61.8836,0.002
61.8917,0.002
61.9196,0.002
61.9483,0.002
61.9612,0.002
61.9769,0.002
61.9929,0.002
62.0247,0.002
62.0408,0.002
62.0566,0.002
62.0723,0.002
62.1039,0.002
62.1201,0.002
62.1358,0.002
62.1516,0.002
62.1832,0.002
62.1989,0.002
62.2148,0.002
62.2306,0.002
62.2621,0.002
62.2779,0.002
62.2939,0.002
62.3096,0.002
62.3413,0.002
62.3573,0.002
62.3731,0.002
62.3888,0.002
62.4206,0.002
62.4364,0.002
62.4608,0.002
62.477,0.002
62.5085,0.002
62.5243,0.002
62.5401,0.002
62.5559,0.002
62.5911,0.002
62.6074,0.002
62.6221,0.002
62.638,0.002
62.6694,0.002
62.6867,0.002
62.7015,0.002
62.7176,0.002
62.7491,0.002
62.7649,0.002
62.7805,0.002
62.7987,0.002
62.8312,0.002
62.8473,0.002
62.8641,0.002
62.8769,0.002
62.9094,0.002
62.9228,0.002
62.9387,0.002
62.9547,0.002
62.9791,0.002
62.9949,0.002
63.0107,0.002
63.0265,0.002
63.0719,0.002
63.087,0.002
63.1042,0.002
63.1198,0.002
63.1479,0.002
63.1681,0.002
63.1832,0.002
63.1944,0.002
63.2317,0.002
63.2456,0.002
63.2637,0.002
63.2791,0.002
63.307,0.002
63.3273,0.002
63.3419,0.002
63.3555,0.002
63.3902,0.002
63.405,0.002
63.4235,0.002
63.4383,0.002
63.472,0.002
63.4868,0.002
63.5036,0.002
63.5199,0.002
63.5506,0.002
63.5682,0.002
63.584,0.002
63.5987,0.002
63.6316,0.002
63.6465,0.002
63.6603,0.002
63.6776,0.002
63.709,0.002
63.7268,0.002
63.7441,0.002
63.7579,0.002
63.792,0.002
63.8062,0.002
63.8241,0.002
63.8401,0.002
63.871,0.002
63.8872,0.002
63.9037,0.002
63.9202,0.002
63.9518,0.002
63.9667,0.002
63.9839,0.002
63.9998,0.002
64.0318,0.002
64.046,0.002
64.0623,0.002
64.0801,0.002
64.1109,0.002
64.1279,0.002
64.1424,0.002
64.1595,0.002
64.1873,0.002
64.2082,0.002
64.222,0.002
64.2395,0.002
64.2707,0.002
64.2882,0.002
64.3013,0.002
64.3193,0.002
64.347,0.002
64.3592,0.002
64.375,0.002
64.3911,0.002
64.4227,0.002
64.4385,0.002
64.4544,0.002
64.4703,0.002
64.5018,0.002
64.5176,0.002
64.5334,0.002
64.5491,0.002
64.5895,0.002
64.6041,0.002
64.6202,0.002
64.6379,0.002
64.6678,0.002
64.6835,0.002
64.6993,0.002
64.7154,0.002
64.747,0.002
64.7627,0.002
64.7789,0.002
64.7946,0.002
64.8262,0.002
64.842,0.002
64.8578,0.002
64.8735,0.002
64.9051,0.002
64.9213,0.002
64.9372,0.002
64.953,0.002
64.9846,0.002
65.0005,0.002
65.0163,0.002
65.0324,0.002
65.0642,0.002
65.08,0.002
65.104,0.002
65.1197,0.002
65.1517,0.002
65.1674,0.002
65.1831,0.002
65.199,0.002
65.2307,0.002
65.2468,0.002
65.2629,0.002
65.279,0.002
65.3121,0.002
65.3272,0.002
65.3432,0.002
65.3592,0.002
65.3907,0.002
65.4067,0.002
65.4224,0.002
65.4382,0.002
65.4701,0.002
65.4859,0.002
65.5017,0.002
65.5175,0.002
65.549,0.002
65.5648,0.002
65.5806,0.002
65.5973,0.002
65.6318,0.002
65.6387,0.002
65.652,0.002
65.6678,0.002
65.6993,0.002
65.7151,0.002
65.7309,0.002
65.7466,0.002
65.7783,0.002
65.7941,0.002
65.8099,0.002
65.8257,0.002
65.8573,0.002
65.8731,0.002
65.8888,0.002
65.9046,0.002
65.9366,0.002
65.9682,0.002
65.984,0.002
65.9999,0.002
66.032,0.002
66.0478,0.002
66.0638,0.002
66.0795,0.002
66.1111,0.002
66.1269,0.002
66.1426,0.002
66.1593,0.002
66.1911,0.002
66.2069,0.002
66.2226,0.002
66.2386,0.002
66.2701,0.002
66.2859,0.002
66.3017,0.002
66.3175,0.002
66.3491,0.002
66.3649,0.002
66.381,0.002
66.397,0.002
66.4286,0.002
66.4443,0.002
66.46,0.002
66.4761,0.002
66.5077,0.002
66.5236,0.002
66.5394,0.002
66.5584,0.002
66.5867,0.002
66.604,0.002
66.6189,0.002
66.6347,0.002
66.6721,0.002
66.6879,0.002
66.6942,0.002
66.7054,0.002
66.7397,0.002
66.7533,0.002
66.769,0.002
66.7848,0.002
66.8321,0.002
66.848,0.002
66.8637,0.002
66.8795,0.002
66.9114,0.002
66.9272,0.002
66.9429,0.002
66.9587,0.002
66.9904,0.002
67.0062,0.002
67.022,0.002
67.0377,0.002
67.0695,0.002
67.0852,0.002
67.103,0.002
67.1169,0.002
67.1484,0.002
67.1641,0.002
67.1801,0.002
67.1979,0.002
67.2219,0.002
67.2447,0.002
67.2518,0.002
67.2676,0.002
67.2992,0.002
67.315,0.002
67.3308,0.002
67.3466,0.002
67.3781,0.002
67.3939,0.002
67.4097,0.002
67.4255,0.002
67.457,0.002
67.4728,0.002
67.4886,0.002
67.5201,0.002
67.5517,0.002
67.5675,0.002
67.5832,0.002
67.5982,0.002
67.6293,0.002
67.645,0.002
67.6608,0.002
67.6766,0.002
67.7081,0.002
67.7241,0.002
67.7428,0.002
67.7498,0.002
67.7798,0.002
67.7956,0.002
67.8114,0.002
67.8273,0.002
67.8589,0.002
67.8746,0.002
67.8905,0.002
67.9062,0.002
67.9379,0.002
67.9539,0.002
67.9697,0.002
67.9855,0.002
68.0308,0.002
68.0467,0.002
68.0641,0.002
68.0798,0.002
68.1115,0.002
68.1273,0.002
68.1435,0.002
68.1593,0.002
68.1911,0.002
68.2073,0.002
68.2231,0.002
68.2391,0.002
68.2715,0.002
68.2844,0.002
68.2952,0.002
68.311,0.002
68.3425,0.002
68.3586,0.002
68.3744,0.002
68.3902,0.002
68.4217,0.002
68.4376,0.002
68.4533,0.002
68.4691,0.002
68.5007,0.002
68.5165,0.002
68.5322,0.002
68.5481,0.002
68.591,0.002
68.6037,0.002
68.6145,0.002
68.6303,0.002
68.6624,0.002
68.6782,0.002
68.694,0.002
68.7202,0.002
68.7515,0.002
68.7576,0.002
68.7735,0.002
68.7917,0.002
68.8293,0.002
68.8451,0.002
68.8609,0.002
68.8769,0.002
68.9085,0.002
68.9243,0.002
68.9401,0.002
68.9559,0.002
68.9876,0.002
69.0034,0.002
69.0192,0.002
69.0351,0.002
69.0678,0.002
69.0829,0.002
69.0986,0.002
69.1144,0.002
69.146,0.002
69.162,0.002
69.1778,0.002
69.1986,0.002
69.2251,0.002
69.2452,0.002
69.2568,0.002
69.2726,0.002
69.3041,0.002
69.3202,0.002
69.3399,0.002
69.347,0.002
69.3911,0.002
69.407,0.002
69.4243,0.002
69.44,0.002
69.4718,0.002
69.4876,0.002
69.5034,0.002
69.5192,0.002
69.5507,0.002
69.5664,0.002
69.5823,0.002
69.5969,0.002
69.6293,0.002
69.6451,0.002
69.6609,0.002
69.6767,0.002
69.7085,0.002
69.7268,0.002
69.7404,0.002
69.7562,0.002
69.7878,0.002
69.8036,0.002
69.8195,0.002
69.8352,0.002
69.8675,0.002
69.8833,0.002
69.8992,0.002
69.915,0.002
69.9466,0.002
69.9623,0.002
69.978,0.002
69.9937,0.002
70.0255,0.002
70.0413,0.002
70.0572,0.002
70.0729,0.002
70.1045,0.002
70.1203,0.002
70.136,0.002
70.154,0.002
70.1839,0.002
70.1997,0.002
70.2155,0.002
70.2312,0.002
70.2632,0.002
70.279,0.002
70.2947,0.002
70.3106,0.002
70.3422,0.002
70.358,0.002
70.3738,0.002
70.3976,0.002
70.4293,0.002
70.4453,0.002
70.4611,0.002
70.4769,0.002
70.5085,0.002
70.5242,0.002
70.54,0.002
70.5559,0.002
70.5914,0.002
70.6075,0.002
70.6233,0.002
70.639,0.002
70.6708,0.002
70.6869,0.002
70.7031,0.002
70.7188,0.002
70.7519,0.002
70.7672,0.002
70.7831,0.002
70.7972,0.002
70.8311,0.002
70.8447,0.002
70.8605,0.002
70.8763,0.002
70.9079,0.002
70.9244,0.002
70.9385,0.002
70.9477,0.002
70.9792,0.002
70.9949,0.002
71.013,0.002
71.0268,0.002
71.0583,0.002
71.0741,0.002
71.1039,0.002
71.1197,0.002
71.137,0.002
71.1528,0.002
71.1747,0.002
71.1847,0.002
71.2322,0.002
71.2479,0.002
71.2636,0.002
71.2794,0.002
71.3109,0.002
71.3267,0.002
71.3429,0.002
71.3586,0.002
71.3902,0.002
71.406,0.002
71.4218,0.002
71.4375,0.002
71.4649,0.002
71.4776,0.002
71.4934,0.002
71.5092,0.002
71.5408,0.002
71.5566,0.002
71.5724,0.002
71.5964,0.002
71.6261,0.002
71.6341,0.002
71.6499,0.002
71.6658,0.002
71.6974,0.002
71.7132,0.002
71.729,0.002
71.7448,0.002
71.7767,0.002
71.7925,0.002
71.8242,0.002
71.8401,0.002
71.872,0.002
71.8878,0.002
71.9036,0.002
71.9193,0.002
71.9509,0.002
71.9668,0.002
71.9836,0.002
71.9926,0.002
72.0225,0.002
72.0382,0.002
72.0541,0.002
72.0698,0.002
72.1015,0.002
72.128,0.002
72.1434,0.002
72.1593,0.002
72.1812,0.002
72.1993,0.002
72.2128,0.002
72.2286,0.002
72.2605,0.002
72.2765,0.002
72.2923,0.002
72.3084,0.002
72.352,0.002
72.3674,0.002
72.3704,0.002
72.3862,0.002
72.418,0.002
72.4338,0.002
72.4496,0.002
72.4654,0.002
72.4969,0.002
72.5274,0.002
72.5343,0.002
72.545,0.002
72.5922,0.002
72.6038,0.002
72.6176,0.002
72.6282,0.002
72.6599,0.002
72.6756,0.002
72.6914,0.002
72.7072,0.002
72.7416,0.002
72.7544,0.002
72.7702,0.002
72.7863,0.002
72.8179,0.002
72.8336,0.002
72.8494,0.002
72.8652,0.002
72.8968,0.002
72.9282,0.002
72.9439,0.002
72.9597,0.002
72.9913,0.002
73.007,0.002
73.0227,0.002
73.0394,0.002
73.0703,0.002
73.0794,0.002
73.0951,0.002
73.1142,0.002
73.148,0.002
73.1639,0.002
73.1839,0.002
73.1967,0.002
73.2276,0.002
73.2462,0.002
73.2639,0.002
73.2695,0.002
73.3111,0.002
73.3242,0.002
73.3435,0.002
73.3575,0.002
73.3867,0.002
73.3967,0.002
73.4126,0.002
73.4284,0.002
73.4602,0.002
73.4883,0.002
73.5041,0.002
73.5185,0.002
73.5388,0.002
73.5624,0.002
73.5828,0.002
73.5968,0.002
73.6271,0.002
73.643,0.002
73.6586,0.002
73.6748,0.002
73.7065,0.002
73.7223,0.002
73.738,0.002
73.7542,0.002
73.7858,0.002
73.8017,0.002
73.8175,0.002
73.8333,0.002
73.8651,0.002
73.8808,0.002
73.8967,0.002
73.9126,0.002
73.9443,0.002
73.9601,0.002
73.976,0.002
73.9918,0.002
74.0234,0.002
74.0392,0.002
74.0551,0.002
74.071,0.002
74.1109,0.002
74.1245,0.002
74.1352,0.002
74.1509,0.002
74.1829,0.002
74.1987,0.002
74.2145,0.002
74.2303,0.002
74.2622,0.002
74.278,0.002
74.2937,0.002
74.3099,0.002
74.3414,0.002
74.3571,0.002
74.3729,0.002
74.3887,0.002
74.4206,0.002
74.4387,0.002
74.4523,0.002
74.4681,0.002
74.4996,0.002
74.5154,0.002
74.5313,0.002
74.547,0.002
74.5898,0.002
74.6062,0.002
74.622,0.002
74.6388,0.002
74.6615,0.002
74.6773,0.002
74.6931,0.002
74.7088,0.002
74.7404,0.002
74.7564,0.002
74.7722,0.002
74.788,0.002
74.8198,0.002
74.8476,0.002
74.8634,0.002
74.8778,0.002
74.8982,0.002
74.924,0.002
74.9301,0.002
74.9459,0.002
74.9775,0.002
74.9933,0.002
75.0091,0.002
75.0249,0.002
75.0566,0.002
75.0725,0.002
75.1042,0.002
75.1203,0.002
75.152,0.002
75.1678,0.002
75.1799,0.002
75.1922,0.002
75.224,0.002
75.2471,0.002
75.2556,0.002
75.2714,0.002
75.3031,0.002
75.319,0.002
75.3347,0.002
75.3505,0.002
75.382,0.002
75.3979,0.002
75.4137,0.002
75.4295,0.002
75.4613,0.002
75.4773,0.002
75.493,0.002
75.5089,0.002
75.5404,0.002
75.5562,0.002
75.5719,0.002
75.5878,0.002
75.6199,0.002
75.6357,0.002
75.6515,0.002
75.6673,0.002
75.7077,0.002
75.7225,0.002
75.7385,0.002
75.7542,0.002
75.7858,0.002
75.8078,0.002
75.8175,0.002
75.8333,0.002
75.865,0.002
75.8807,0.002
75.8965,0.002
75.9123,0.002
75.9443,0.002
75.9601,0.002
75.9781,0.002
75.9919,0.002
76.032,0.002
76.048,0.002
76.0619,0.002
76.0758,0.002
76.1107,0.002
76.1244,0.002
76.1314,0.002
76.1461,0.002
76.1919,0.002
76.2078,0.002
76.2237,0.002
76.2361,0.002
76.2574,0.002
76.2855,0.002
76.289,0.002
76.3049,0.002
76.3522,0.002
76.368,0.002
76.3838,0.002
76.3995,0.002
76.4312,0.002
76.4469,0.002
76.4626,0.002
76.4785,0.002
76.5103,0.002
76.5271,0.002
76.5436,0.002
76.5548,0.002
76.5913,0.002
76.6035,0.002
76.6243,0.002
76.6397,0.002
76.6705,0.002
76.6883,0.002
76.7025,0.002
76.7191,0.002
76.7512,0.002
76.7676,0.002
76.7841,0.002
76.7997,0.002
76.8314,0.002
76.8474,0.002
76.8623,0.002
76.8784,0.002
76.9113,0.002
76.9277,0.002
76.9384,0.002
76.9578,0.002
76.9897,0.002
77.0071,0.002
77.0238,0.002
77.0402,0.002
77.0701,0.002
77.0846,0.001
77.1043,0.001
77.1175,0.001
77.1521,0.001
77.1633,0.001
77.1793,0.001
77.2,0.001
77.2321,0.001
77.2477,0.001
77.2632,0.001
77.2773,0.001
77.3106,0.001
77.3247,0.001
77.3408,0.001
77.359,0.001
77.3921,0.001
77.408,0.001
77.4234,0.001
77.4382,0.001
77.4715,0.001
77.4878,0.001
77.5034,0.001
77.5167,0.001
77.5516,0.001
77.5671,0.001
77.5839,0.001
77.5995,0.001
77.6251,0.001
77.644,0.001
77.6571,0.001
77.6799,0.001
77.7118,0.001
77.7279,0.001
77.7437,0.001
77.7594,0.001
77.791,0.001
77.8069,0.001
77.8232,0.001
77.8326,0.001
77.8633,0.001
77.879,0.001
77.8948,0.001
77.9106,0.001
77.9524,0.001
77.9682,0.001
77.9843,0.001
77.9994,0.001
78.0292,0.001
78.048,0.001
78.0564,0.001
78.073,0.001
78.1105,0.001
78.1251,0.001
78.1417,0.001
78.1599,0.001
78.19,0.001
78.2008,0.001
78.2227,0.001
78.2366,0.001
78.2701,0.001
78.2771,0.001
78.2903,0.001
78.3188,0.001
78.3384,0.001
78.3673,0.001
78.3785,0.001
78.3943,0.001
78.426,0.001
78.4417,0.001
78.4576,0.001
78.4735,0.001
78.505,0.001
78.5209,0.001
78.537,0.001
78.5528,0.001
78.591,0.001
78.6036,0.001
78.6174,0.001
78.6255,0.001
78.6571,0.001
78.673,0.001
78.6888,0.001
78.7046,0.001
78.7444,0.001
78.7602,0.001
78.776,0.001
78.7918,0.001
78.8268,0.001
78.8478,0.001
78.8611,0.001
78.8788,0.001
78.909,0.001
78.9245,0.001
78.9437,0.001
78.9591,0.001
78.9923,0.001
79.0071,0.001
79.0237,0.001
79.0379,0.001
79.0702,0.001
79.087,0.001
79.1034,0.001
79.1202,0.001
79.1438,0.001
79.1668,0.001
79.1834,0.001
79.1988,0.001
79.2285,0.001
79.2483,0.001
79.2623,0.001
79.2796,0.001
79.3028,0.001
79.3185,0.001
79.3347,0.001
79.3504,0.001
79.3819,0.001
79.3978,0.001
79.4229,0.001
79.4381,0.001
79.47,0.001
79.4859,0.001
79.502,0.001
79.5177,0.001
79.5496,0.001
79.5653,0.001
79.5825,0.001
79.5978,0.001
79.6316,0.001
79.6458,0.001
79.6641,0.001
79.6802,0.001
79.7089,0.001
79.7222,0.001
79.7427,0.001
79.7571,0.001
79.792,0.001
79.8079,0.001
79.8211,0.001
79.8398,0.001
79.8707,0.001
79.8853,0.001
79.9013,0.001
79.917,0.001
79.9451,0.001
79.9624,0.001
79.9793,0.001
80.0001,0.001
80.0244,0.001
80.0402,0.001
80.062,0.001
80.076,0.001
80.0977,0.001
80.1135,0.001
80.1293,0.001
80.145,0.001
80.1768,0.001
80.1926,0.001
80.2241,0.001
80.2401,0.001
80.2716,0.001
80.2874,0.001
80.304,0.001
80.32,0.001
80.3516,0.001
80.3682,0.001
80.3834,0.001
80.3991,0.001
80.4305,0.001
80.4463,0.001
80.4633,0.001
80.4715,0.001
80.5021,0.001
80.5179,0.001
80.5339,0.001
80.55,0.001
80.5816,0.001
80.5976,0.001
80.6187,0.001
80.6267,0.001
80.6583,0.001
80.6742,0.001
80.694,0.001
80.7198,0.001
80.7494,0.001
80.7683,0.001
80.784,0.001
80.7978,0.001
80.8306,0.001
80.8464,0.001
80.864,0.001
80.8788,0.001
80.9123,0.001
80.927,0.001
80.9436,0.001
80.9576,0.001
80.9854,0.001
81.0061,0.001
81.0131,0.001
81.035,0.001
81.0722,0.001
81.0849,0.001
81.1034,0.001
81.1193,0.001
81.1416,0.001
81.1574,0.001
81.1732,0.001
81.189,0.001
81.2206,0.001
81.2364,0.001
81.2522,0.001
81.2683,0.001
81.2998,0.001
81.3157,0.001
81.3315,0.001
81.3476,0.001
81.3793,0.001
81.395,0.001
81.4108,0.001
81.4266,0.001
81.4582,0.001
81.474,0.001
81.4898,0.001
81.5056,0.001
81.5457,0.001
81.5615,0.001
81.5773,0.001
81.5932,0.001
81.6257,0.001
81.6415,0.001
81.6629,0.001
81.6789,0.001
81.7041,0.001
81.7198,0.001
81.7385,0.001
81.7514,0.001
81.783,0.001
81.7987,0.001
81.8146,0.001
81.8307,0.001
81.8623,0.001
81.8781,0.001
81.894,0.001
81.9098,0.001
81.9413,0.001
81.9664,0.001
81.9788,0.001
81.9928,0.001
82.0273,0.001
82.0429,0.001
82.0616,0.001
82.0757,0.001
82.1111,0.001
82.1259,0.001
82.1384,0.001
82.16,0.001
82.186,0.001
82.2073,0.001
82.2236,0.001
82.2333,0.001
82.2648,0.002
82.2807,0.002
82.2964,0.002
82.3123,0.002
82.3439,0.002
82.3598,0.002
82.3756,0.002
82.3913,0.002
82.4319,0.002
82.4478,0.002
82.4636,0.002
82.4699,0.002
82.5043,0.002
82.5174,0.002
82.5332,0.002
82.549,0.002
82.5895,0.002
82.6048,0.002
82.6129,0.002
82.6287,0.002
82.6603,0.002
82.6761,0.002
82.6919,0.002
82.7077,0.002
82.7392,0.002
82.7551,0.002
82.7709,0.002
82.7866,0.002
82.8182,0.002
82.8343,0.002
82.8501,0.002
82.8659,0.002
82.8978,0.002
82.9136,0.002
82.9294,0.002
82.9452,0.002
82.9769,0.002
82.9926,0.002
83.0236,0.002
83.0396,0.002
83.0715,0.002
83.0881,0.002
83.1033,0.002
83.1199,0.002
83.1439,0.002
83.1597,0.002
83.1756,0.002
83.1914,0.002
83.2232,0.002
83.239,0.002
83.2547,0.002
83.2705,0.002
83.3021,0.002
83.3178,0.002
83.3336,0.002
83.3494,0.002
83.3811,0.002
83.397,0.002
83.4129,0.002
83.4287,0.002
83.4602,0.002
83.476,0.002
83.4918,0.002
83.5075,0.002
83.5391,0.002
83.5549,0.002
83.5707,0.002
83.5968,0.002
83.6208,0.002
83.6366,0.002
83.6606,0.002
83.6765,0.002
83.7081,0.002
83.7239,0.002
83.7398,0.002
83.7556,0.002
83.787,0.002
83.8028,0.002
83.8204,0.002
83.8344,0.002
83.866,0.002
83.8817,0.002
83.8976,0.002
83.9136,0.002
83.9456,0.002
83.9617,0.002
83.9776,0.002
83.9937,0.002
84.0257,0.002
84.0415,0.002
84.0573,0.002
84.073,0.002
84.1046,0.002
84.1205,0.002
84.1363,0.002
84.152,0.002
84.1921,0.002
84.2083,0.002
84.2241,0.002
84.2399,0.002
84.2713,0.002
84.2872,0.002
84.303,0.002
84.3188,0.002
84.3505,0.002
84.3662,0.002
84.3835,0.002
84.3999,0.002
84.4303,0.002
84.4461,0.002
84.4644,0.002
84.478,0.002
84.5098,0.002
84.5255,0.002
84.5413,0.002
84.5601,0.002
84.5885,0.002
84.6032,0.002
84.6197,0.002
84.6399,0.002
84.6688,0.002
84.6877,0.002
84.7031,0.002
84.7196,0.002
84.7498,0.002
84.7587,0.002
84.7798,0.002
84.7884,0.002
84.8178,0.002
84.8336,0.002
84.8494,0.002
84.8652,0.002
84.8967,0.002
84.9282,0.002
84.9443,0.002
84.9603,0.002
84.9922,0.002
85.0078,0.002
85.0235,0.002
85.0391,0.002
85.0709,0.002
85.0868,0.002
85.1027,0.002
85.1183,0.002
85.1518,0.002
85.1668,0.002
85.1812,0.002
85.1972,0.002
85.2312,0.002
85.2453,0.002
85.2607,0.002
85.2762,0.002
85.3091,0.002
85.3268,0.001
85.3428,0.001
85.3519,0.001
85.3899,0.001
85.3998,0.001
85.4214,0.001
85.4308,0.001
85.4711,0.001
85.4841,0.001
85.5012,0.001
85.5154,0.002
85.5376,0.002
85.5536,0.002
85.5694,0.002
85.5964,0.002
85.6286,0.002
85.6445,0.002
85.6602,0.002
85.6761,0.002
85.7077,0.002
85.7234,0.002
85.7434,0.002
85.76,0.002
85.7921,0.002
85.8059,0.002
85.8171,0.002
85.8333,0.002
85.8715,0.002
85.8809,0.002
85.9022,0.002
85.919,0.002
85.9477,0.002
85.9683,0.002
85.984,0.002
86.0001,0.002
86.0318,0.002
86.0478,0.002
86.064,0.002
86.0798,0.002
86.112,0.002
86.1278,0.002
86.1436,0.002
86.1594,0.002
86.1913,0.002
86.2073,0.002
86.2233,0.002
86.2393,0.002
86.2709,0.002
86.2867,0.002
86.3046,0.002
86.3116,0.002
86.3422,0.002
86.3684,0.002
86.383,0.002
86.3999,0.002
86.4311,0.002
86.446,0.002
86.4642,0.002
86.4787,0.002
86.5084,0.002
86.5272,0.002
86.5424,0.002
86.5561,0.002
86.5903,0.002
86.6056,0.002
86.624,0.002
86.6383,0.002
86.67,0.002
86.6868,0.002
86.7004,0.002
86.7174,0.002
86.7494,0.002
86.7668,0.002
86.7841,0.002
86.7998,0.002
86.8324,0.002
86.8479,0.002
86.8625,0.002
86.8745,0.002
86.9101,0.002
86.9275,0.002
86.9443,0.002
86.9576,0.002
86.9924,0.002
87.0062,0.002
87.024,0.002
87.0341,0.002
87.0693,0.002
87.0878,0.002
87.103,0.002
87.1191,0.002
87.1521,0.002
87.1661,0.002
87.1826,0.002
87.2004,0.002
87.2213,0.002
87.2414,0.002
87.263,0.002
87.2799,0.002
87.3112,0.002
87.3276,0.002
87.3435,0.002
87.3593,0.002
87.3916,0.002
87.408,0.002
87.4241,0.002
87.4398,0.002
87.4722,0.002
87.4877,0.002
87.5038,0.002
87.5202,0.002
87.5518,0.002
87.5675,0.002
87.584,0.002
87.6001,0.002
87.632,0.002
87.6471,0.002
87.6643,0.002
87.679,0.002
87.7118,0.002
87.7275,0.002
87.7437,0.002
87.7594,0.002
87.7919,0.002
87.8079,0.002
87.8238,0.002
87.8398,0.002
87.8721,0.002
87.8883,0.002
87.9037,0.002
87.9203,0.002
87.9522,0.002
87.9676,0.002
87.9838,0.002
87.9999,0.002
88.0315,0.002
88.048,0.002
88.0638,0.002
88.0797,0.002
88.1116,0.002
88.1279,0.002
88.1441,0.002
88.1603,0.002
88.1922,0.002
88.2081,0.002
88.2233,0.002
88.24,0.002
88.2713,0.002
88.2881,0.002
88.3039,0.002
88.3196,0.002
88.3523,0.002
88.3683,0.002
88.3835,0.002
88.3999,0.002
88.4319,0.002
88.4481,0.002
88.4637,0.002
88.4791,0.002
88.5118,0.002
88.5283,0.002
88.544,0.002
88.5597,0.002
88.5921,0.002
88.6082,0.002
88.6234,0.002
88.6398,0.002
88.6721,0.002
88.6875,0.002
88.7043,0.002
88.72,0.002
88.7518,0.002
88.7681,0.002
88.7835,0.002
88.8003,0.002
88.8316,0.002
88.8474,0.002
88.8638,0.002
88.8804,0.002
88.9124,0.002
88.9278,0.002
88.9437,0.002
88.9604,0.002
88.9925,0.002
89.0078,0.002
89.0234,0.002
89.0402,0.002
89.0716,0.002
89.0878,0.002
89.1041,0.002
89.1198,0.002
89.1522,0.002
89.1682,0.002
89.1842,0.002
89.1999,0.002
89.2315,0.002
89.2483,0.002
89.2635,0.002
89.2799,0.002
89.3119,0.002
89.3279,0.002
89.3439,0.002
89.3599,0.002
89.3915,0.002
89.4079,0.002
89.4242,0.002
89.4398,0.002
89.4715,0.002
89.4878,0.002
89.5038,0.002
89.5197,0.002
89.5523,0.002
89.5675,0.002
89.5843,0.002
89.5999,0.002
89.6322,0.002
89.6478,0.002
89.6635,0.002
89.68,0.002
89.712,0.002
89.728,0.002
89.744,0.002
89.76,0.002
89.792,0.002
89.808,0.002
89.824,0.002
89.8395,0.002
89.8711,0.002
89.8872,0.002
89.9039,0.001
89.9199,0.001
89.9519,0.001
89.9683,0.001
89.9831,0.001
89.9996,0.001
90.0314,0.001
90.0479,0.001
90.0643,0.001
90.0798,0.001
90.1118,0.001
90.1284,0.001
90.1438,0.001
90.1591,0.001
90.1916,0.001
90.2077,0.001
90.2237,0.001
90.2402,0.001
90.2715,0.001
90.2879,0.001
90.3043,0.001
90.32,0.002
90.3517,0.002
90.3679,0.002
90.3844,0.002
90.4001,0.002
90.4317,0.002
90.4475,0.002
90.4632,0.002
90.4798,0.002
90.5117,0.002
90.5274,0.002
90.5439,0.002
90.5602,0.002
90.5924,0.002
90.6083,0.002
90.6237,0.002
90.6401,0.002
90.6716,0.002
90.6883,0.002
90.7036,0.002
90.7194,0.002
90.7513,0.002
90.7684,0.002
90.7836,0.002
90.7998,0.002
90.8322,0.002
90.8484,0.002
90.8637,0.002
90.8795,0.002
90.9113,0.002
90.9279,0.002
90.9435,0.002
90.96,0.002
90.9916,0.002
91.0078,0.002
91.0235,0.002
91.0398,0.002
91.0724,0.002
91.088,0.002
91.104,0.002
91.1198,0.002
91.1515,0.002
91.1684,0.002
91.184,0.002
91.1999,0.002
91.2317,0.002
91.2483,0.002
91.2637,0.002
91.28,0.002
91.3122,0.002
91.3274,0.002
91.3444,0.002
91.3598,0.002
91.3914,0.002
91.4084,0.002
91.424,0.002
91.4395,0.002
91.472,0.002
91.4878,0.002
91.5035,0.002
91.5195,0.002
91.5523,0.002
91.5678,0.002
91.5844,0.002
91.6002,0.002
91.6318,0.002
91.6475,0.002
91.6644,0.002
91.6799,0.002
91.7123,0.002
91.728,0.002
91.7443,0.002
91.7603,0.002
91.7921,0.002
91.8081,0.002
91.8242,0.002
91.8403,0.002
91.8714,0.002
91.8882,0.002
91.9037,0.002
91.9203,0.002
91.9513,0.002
91.9681,0.002
91.9837,0.002
91.9992,0.002
92.0323,0.002
92.0478,0.001
92.0643,0.001
92.0803,0.001
92.1123,0.001
92.128,0.001
92.1437,0.001
92.1597,0.001
92.1925,0.001
92.2079,0.001
92.2243,0.001
92.2404,0.001
92.2717,0.001
92.2879,0.001
92.3042,0.001
92.3192,0.001
92.3525,0.001
92.3678,0.001
92.3835,0.001
92.3998,0.001
92.4317,0.001
92.4482,0.001
92.4637,0.001
92.4798,0.001
92.512,0.001
92.5283,0.002
92.5431,0.002
92.5604,0.002
92.5921,0.002
92.6082,0.002
92.6244,0.002
92.6401,0.002
92.672,0.002
92.6882,0.002
92.7036,0.002
92.7201,0.002
92.7517,0.002
92.7679,0.002
92.7826,0.002
92.8002,0.002
92.8313,0.002
92.8482,0.002
92.8641,0.002
92.8799,0.002
92.9115,0.002
92.9274,0.002
92.9434,0.002
92.9594,0.002
92.9915,0.002
93.0073,0.002
93.0237,0.002
93.0395,0.002
93.0712,0.002
93.0872,0.002
93.103,0.002
93.1191,0.002
93.1509,0.002
93.167,0.002
93.1829,0.002
93.1989,0.002
93.2308,0.002
93.2468,0.002
93.262,0.002
93.2794,0.002
93.3121,0.002
93.3264,0.002
93.3433,0.002
93.3546,0.002
93.3892,0.002
93.4073,0.002
93.4239,0.002
93.4391,0.002
93.4718,0.002
93.4849,0.002
93.4947,0.002
93.5146,0.002
93.5444,0.002
93.5582,0.002
93.5832,0.002
93.5984,0.002
93.6304,0.002
93.6464,0.002
93.6624,0.002
93.6784,0.002
93.7115,0.002
93.7271,0.002
93.7424,0.002
93.7602,0.002
93.7921,0.002
93.8068,0.002
93.8244,0.002
93.8395,0.002
93.8724,0.002
93.8864,0.002
93.9041,0.002
93.9203,0.002
93.9515,0.002
93.9683,0.002
93.9823,0.002
93.9989,0.002
94.0279,0.002
94.0438,0.002
94.0598,0.002
94.0754,0.002
94.1096,0.002
94.1229,0.002
94.1389,0.002
94.1601,0.002
94.1921,0.002
94.2023,0.002
94.2238,0.002
94.2405,0.002
94.2723,0.002
94.2882,0.002
94.2982,0.002
94.3176,0.002
94.3521,0.002
94.3665,0.002
94.3806,0.002
94.3887,0.002
94.4311,0.002
94.4462,0.002
94.4598,0.002
94.4649,0.002
94.5121,0.002
94.5287,0.002
94.5439,0.002
94.5601,0.002
94.5904,0.002
94.6064,0.002
94.6221,0.002
94.638,0.002
94.6701,0.002
94.6878,0.002
94.702,0.002
94.7201,0.002
94.7498,0.002
94.7659,0.002
94.7837,0.002
94.7975,0.002
94.8293,0.001
94.845,0.001
94.8638,0.001
94.8779,0.001
94.9118,0.001
94.9237,0.001
94.9409,0.001
94.9549,0.001
94.9868,0.001
95.0029,0.001
95.0219,0.001
95.0389,0.001
95.0723,0.001
95.088,0.001
95.1045,0.001
95.12,0.001
95.1449,0.001
95.1658,0.001
95.1767,0.001
95.1925,0.001
95.2318,0.001
95.247,0.001
95.2561,0.001
95.2789,0.001
95.3121,0.001
95.3284,0.001
95.3409,0.001
95.3557,0.001
95.392,0.001
95.4085,0.001
95.4184,0.001
95.4386,0.001
95.4704,0.001
95.4878,0.001
95.5036,0.001
95.5204,0.001
95.5511,0.001
95.568,0.001
95.5801,0.001
95.5987,0.001
95.6279,0.001
95.6459,0.001
95.6595,0.001
95.6774,0.001
95.7112,0.001
95.7254,0.001
95.7392,0.001
95.7569,0.001
95.7869,0.001
95.8047,0.001
95.8194,0.001
95.8384,0.001
95.8661,0.001
95.8859,0.001
95.9038,0.001
95.9175,0.001
95.9519,0.001
95.9659,0.001
95.983,0.001
96.0002,0.001
96.0315,0.001
96.0478,0.001
96.0618,0.001
96.0777,0.001
96.1105,0.001
96.1263,0.001
96.1444,0.001
96.1605,0.001
96.1902,0.001
96.2074,0.001
96.2234,0.001
96.2385,0.001
96.2694,0.001
96.2873,0.001
96.3023,0.001
96.3196,0.001
96.3496,0.001
96.367,0.001
96.3806,0.001
96.3989,0.001
96.4321,0.001
96.4459,0.001
96.4643,0.001
96.4796,0.001
96.5069,0.001
96.5284,0.001
96.5426,0.001
96.5557,0.001
96.5882,0.001
96.6055,0.001
96.6236,0.001
96.6396,0.001
96.6722,0.001
96.6884,0.001
96.7042,0.001
96.7189,0.001
96.7508,0.001
96.7668,0.001
96.7748,0.001
96.7886,0.001
96.8323,0.001
96.8479,0.001
96.8567,0.001
96.8773,0.001
96.9101,0.001
96.9268,0.001
96.9436,0.001
96.9577,0.001
96.9921,0.001
97.0065,0.001
97.0199,0.001
97.0403,0.001
97.0695,0.001
97.0849,0.001
97.1042,0.001
97.1176,0.001
97.1517,0.001
97.1668,0.001
97.1819,0.001
97.2,0.001
97.2312,0.001
97.2485,0.001
97.2633,0.001
97.2791,0.001
97.3119,0.001
97.3263,0.001
97.3426,0.001
97.3603,0.001
97.3919,0.001
97.4082,0.001
97.4236,0.001
97.4402,0.001
97.472,0.001
97.4883,0.001
97.504,0.001
97.514,0.001
97.5486,0.001
97.5674,0.001
97.5832,0.001
97.5996,0.001
97.6305,0.001
97.6482,0.001
97.6631,0.001
97.6805,0.001
97.7085,0.001
97.7279,0.001
97.7347,0.001
97.7596,0.001
97.7903,0.001
97.8073,0.001
97.8216,0.001
97.8388,0.001
97.87,0.001
97.8874,0.001
97.9013,0.001
97.916,0.001
97.9465,0.001
97.9605,0.001
97.9832,0.001
97.9984,0.001
98.0316,0.001
98.0479,0.001
98.0633,0.001
98.0778,0.001
98.1111,0.001
98.1275,0.001
98.1444,0.001
98.1593,0.001
98.1861,0.001
98.2084,0.001
98.223,0.001
98.2372,0.001
98.2707,0.001
98.2853,0.001
98.304,0.001
98.3198,0.001
98.3469,0.001
98.3666,0.001
98.3824,0.001
98.3983,0.001
98.4261,0.001
98.4475,0.001
98.4633,0.001
98.4793,0.001
98.5081,0.001
98.527,0.001
98.5443,0.001
98.5593,0.001
98.5924,0.001
98.6032,0.001
98.6242,0.001
98.6374,0.001
98.6721,0.001
98.686,0.001
98.7024,0.001
98.7146,0.001
98.75,0.001
98.768,0.001
98.7835,0.001
98.7999,0.001
98.8319,0.001
98.8468,0.001
98.8644,0.002
98.8802,0.002
98.9124,0.002
98.9281,0.002
98.944,0.002
98.9584,0.002
98.992,0.002
99.0065,0.002
99.0228,0.002
99.0402,0.002
99.0722,0.002
99.085,0.002
99.1035,0.002
99.1204,0.002
99.1523,0.002
99.1681,0.002
99.1829,0.002
99.2002,0.002
99.2302,0.002
99.2449,0.002
99.2635,0.002
99.2791,0.001
99.312,0.001
99.3268,0.001
99.3435,0.001
99.3596,0.001
99.3914,0.001
99.4085,0.001
99.4237,0.001
99.4381,0.001
99.4723,0.001
99.4865,0.001
99.4993,0.001
99.5203,0.001
99.5495,0.001
99.561,0.001
99.5819,0.001
99.598,0.001
99.6313,0.001
99.6471,0.001
99.6633,0.001
99.6791,0.001
99.71,0.001
99.7281,0.001
99.7443,0.001
99.7591,0.001
99.7901,0.001
99.806,0.001
99.822,0.001
99.8388,0.001
99.8722,0.001
99.8874,0.001
99.9035,0.001
99.918,0.001
99.952,0.001
99.9673,0.001
99.9839,0.001
100.0003,0.001
100.032,0.001
100.0475,0.001
100.064,0.001
100.0787,0.002
100.1117,0.002
100.1284,0.002
100.1444,0.002
100.1602,0.002
100.1869,0.002
100.2067,0.002
100.2229,0.002
100.2374,0.002
100.2667,0.002
100.2869,0.001
100.3036,0.001
100.3176,0.001
100.3457,0.001
100.3666,0.001
100.3805,0.001
100.399,0.001
100.4326,0.001
100.4476,0.001
100.4634,0.001
100.4802,0.001
100.5124,0.001
100.5227,0.001
100.5431,0.001
100.554,0.001
100.5915,0.001
100.6078,0.001
100.62,0.001
100.636,0.001
100.6635,0.001
100.6795,0.001
100.7035,0.001
100.7204,0.001
100.7511,0.001
100.7681,0.001
100.7837,0.001
100.7995,0.001
100.8313,0.001
100.8474,0.001
100.8628,0.001
100.8786,0.001
100.912,0.001
100.9267,0.001
100.9425,0.001
100.9586,0.001
100.9904,0.001
101.007,0.001
101.022,0.001
101.038,0.001
101.0724,0.001
101.0855,0.001
101.1043,0.001
101.1202,0.001
101.1435,0.001
101.1601,0.001
101.181,0.001
101.1909,0.001
101.23,0.001
101.2465,0.001
101.2625,0.001
101.2785,0.001
101.3104,0.001
101.3262,0.001
101.342,0.001
101.3579,0.001
101.3897,0.001
101.4058,0.001
101.4216,0.001
101.4377,0.001
101.4712,0.001
101.4855,0.001
101.5015,0.001
101.5173,0.001
101.5489,0.001
101.5647,0.001
101.5818,0.001
101.5973,0.001
101.6315,0.001
101.6469,0.001
101.6625,0.002
101.6788,0.002
101.7098,0.002
101.7255,0.002
101.7444,0.002
101.758,0.002
101.7923,0.002
101.8081,0.002
101.8192,0.002
101.8335,0.002
101.8612,0.002
101.8815,0.002
101.898,0.002
101.9177,0.002
101.9524,0.002
101.9644,0.002
101.9844,0.002
101.9875,0.002
102.0298,0.002
102.0395,0.002
102.0623,0.002
102.0794,0.002
102.1112,0.002
102.1283,0.002
102.1405,0.002
102.1562,0.002
102.189,0.002
102.206,0.002
102.22,0.002
102.2356,0.002
102.2671,0.002
102.286,0.002
102.2993,0.002
102.3165,0.002
102.349,0.002
102.3627,0.002
102.374,0.002
102.3983,0.002
102.4187,0.002
102.4345,0.002
102.4639,0.002
102.479,0.002
102.5093,0.002
102.5264,0.002
102.5371,0.002
102.5603,0.002
102.5925,0.002
102.6028,0.002
102.6241,0.002
102.6395,0.002
102.6696,0.002
102.6859,0.002
102.6937,0.002
102.7205,0.002
102.7523,0.002
102.7679,0.002
102.7837,0.002
102.7996,0.002
102.8317,0.002
102.8484,0.002
102.856,0.002
102.8797,0.002
102.9113,0.002
102.925,0.002
102.9406,0.002
102.9562,0.002
102.9811,0.002
103.0047,0.002
103.021,0.002
103.039,0.002
103.0702,0.002
103.0882,0.002
103.1035,0.002
103.1187,0.002
103.1521,0.002
103.1661,0.002
103.182,0.002
103.1999,0.002
103.2299,0.002
103.2478,0.002
103.264,0.002
103.277,0.002
103.3085,0.002
103.3238,0.002
103.3425,0.002
103.3592,0.002
103.389,0.002
103.4062,0.002
103.4231,0.002
103.4274,0.002
103.4721,0.002
103.4874,0.002
103.5014,0.002
103.5063,0.002
103.5489,0.002
103.5608,0.002
103.5817,0.002
103.599,0.002
103.6256,0.002
103.6449,0.002
103.6545,0.002
103.6782,0.002
103.7089,0.002
103.7242,0.002
103.7358,0.002
103.7538,0.002
103.7913,0.002
103.802,0.002
103.8227,0.002
103.8371,0.002
103.8716,0.002
103.8882,0.002
103.9005,0.002
103.9182,0.002
103.9479,0.002
103.9679,0.002
103.98,0.002
103.9992,0.002
104.028,0.002
104.045,0.002
104.0642,0.002
104.0754,0.002
104.1102,0.002
104.1273,0.002
104.1319,0.002
104.155,0.002
104.1904,0.002
104.2044,0.002
104.2214,0.002
104.2387,0.002
104.2673,0.002
104.2873,0.002
104.2963,0.002
104.3193,0.002
104.3496,0.002
104.3681,0.002
104.3701,0.002
104.4005,0.002
104.4313,0.002
104.444,0.002
104.4579,0.002
104.4726,0.002
104.5124,0.002
104.5222,0.002
104.5445,0.002
104.5534,0.002
104.5921,0.002
104.6049,0.002
104.6192,0.002
104.6388,0.002
104.6665,0.002
104.6824,0.002
104.6981,0.002
104.7175,0.002
104.7523,0.002
104.7648,0.002
104.781,0.002
104.7933,0.002
104.8319,0.002
104.8473,0.002
104.8638,0.002
104.8801,0.002
104.9105,0.002
104.9207,0.002
104.9428,0.002
104.9589,0.002
104.9916,0.002
105.0051,0.002
105.0202,0.002
105.0394,0.002
105.0724,0.002
105.0838,0.002
105.1043,0.002
105.1185,0.002
105.147,0.002
105.1653,0.002
105.1805,0.002
105.1992,0.002
105.2216,0.002
105.2443,0.002
105.2607,0.002
105.2776,0.002
105.3084,0.002
105.3261,0.002
105.3446,0.002
105.3585,0.002
105.3897,0.002
105.4084,0.002
105.4121,0.002
105.4333,0.002
105.4718,0.002
105.4845,0.002
105.4993,0.002
105.5153,0.002
105.5514,0.002
105.5685,0.002
105.5842,0.002
105.5979,0.002
105.6316,0.002
105.638,0.002
105.6613,0.002
105.674,0.002
105.707,0.002
105.7274,0.002
105.7445,0.002
105.753,0.002
105.7806,0.002
105.8061,0.002
105.8153,0.002
105.8353,0.002
105.869,0.002
105.8792,0.002
105.902,0.002
105.9069,0.002
105.9503,0.002
105.9674,0.002
105.9704,0.002
105.9972,0.002
106.0289,0.002
106.045,0.002
106.0632,0.002
106.0784,0.002
106.1107,0.002
106.1246,0.002
106.1423,0.002
106.1503,0.002
106.192,0.002
106.2085,0.002
106.2232,0.002
106.2377,0.002
106.2636,0.002
106.2835,0.002
106.3014,0.002
106.319,0.002
106.3416,0.002
106.3657,0.002
106.3748,0.002
106.3963,0.002
106.43,0.002
106.4462,0.002
106.4553,0.002
106.4797,0.002
106.5042,0.002
106.526,0.002
106.5401,0.002
106.5555,0.002
106.5823,0.002
106.6024,0.002
106.6239,0.002
106.6371,0.002
106.6721,0.002
106.6848,0.002
106.701,0.002
106.715,0.002
106.7511,0.002
106.7678,0.002
106.777,0.002
106.7983,0.002
106.8321,0.002
106.8478,0.002
106.8634,0.002
106.8795,0.002
106.9115,0.002
106.9272,0.002
106.9429,0.002
106.959,0.002
106.991,0.002
107.0067,0.002
107.024,0.002
107.0387,0.002
107.071,0.002
107.0791,0.002
107.0984,0.002
107.118,0.002
107.1514,0.002
107.1671,0.002
107.1824,0.002
107.1974,0.002
107.2208,0.002
107.2462,0.002
107.2602,0.002
107.2763,0.002
107.3112,0.002
107.317,0.002
107.3441,0.002
107.3604,0.002
107.3802,0.002
107.3995,0.002
107.4155,0.002
107.4363,0.002
107.4703,0.002
107.4825,0.002
107.4908,0.002
107.5143,0.002
107.5501,0.002
107.5677,0.002
107.584,0.002
107.5966,0.002
107.6251,0.002
107.641,0.002
107.6568,0.002
107.6796,0.002
107.7122,0.002
107.7278,0.002
107.7351,0.002
107.7555,0.002
107.7885,0.002
107.801,0.002
107.814,0.002
107.8298,0.002
107.8711,0.002
107.8841,0.002
107.9019,0.002
107.9131,0.002
107.9409,0.002
107.967,0.002
107.9821,0.002
107.9897,0.002
108.0308,0.002
108.043,0.002
108.0643,0.002
108.08,0.002
108.1124,0.002
108.1275,0.002
108.1389,0.002
108.1594,0.002
108.187,0.002
108.1966,0.002
108.2125,0.002
108.2401,0.002
108.2719,0.002
108.2757,0.002
108.2949,0.002
108.3104,0.002
108.35,0.002
108.3617,0.002
108.3705,0.002
108.3872,0.002
108.4274,0.002
108.4409,0.002
108.4643,0.002
108.48,0.002
108.5042,0.002
108.5285,0.002
108.5442,0.002
108.56,0.002
108.5917,0.002
108.6024,0.002
108.6185,0.002
108.6344,0.002
108.6667,0.002
108.6871,0.002
108.6984,0.002
108.7141,0.002
108.749,0.002
108.7658,0.002
108.783,0.002
108.793,0.002
108.8288,0.002
108.8463,0.002
108.8642,0.002
108.8771,0.002
108.9087,0.002
108.9276,0.002
108.9434,0.002
108.9602,0.002
108.9894,0.002
109.0065,0.002
109.022,0.002
109.0332,0.002
109.0701,0.002
109.083,0.002
109.1032,0.002
109.1186,0.002
109.1503,0.002
109.1659,0.002
109.1822,0.002
109.199,0.002
109.2308,0.002
109.2407,0.002
109.2622,0.002
109.2775,0.002
109.302,0.002
109.3254,0.002
109.3395,0.002
109.3497,0.002
109.3814,0.002
109.4079,0.002
109.4194,0.002
109.436,0.002
109.4673,0.002
109.4867,0.002
109.4972,0.002
109.5131,0.002
109.5398,0.002
109.5634,0.002
109.5778,0.002
109.5997,0.002
109.6195,0.002
109.6354,0.002
109.6561,0.002
109.679,0.002
109.7015,0.002
109.7275,0.002
109.7445,0.002
109.746,0.002
109.7851,0.002
109.807,0.002
109.8245,0.002
109.8402,0.001
109.872,0.001
109.8879,0.001
109.9035,0.001
109.9194,0.001
109.9513,0.001
109.9665,0.001
109.9821,0.001
109.9981,0.001
110.0297,0.001
110.048,0.001
110.0616,0.001
110.0773,0.001
110.1106,0.001
110.1262,0.001
110.1376,0.001
110.1505,0.001
110.1894,0.001
110.2074,0.001
110.2237,0.001
110.2387,0.001
110.2726,0.001
110.2875,0.001
110.3036,0.001
110.3193,0.001
110.3526,0.001
110.367,0.001
110.3828,0.001
110.3984,0.001
110.4302,0.001
110.4459,0.001
110.4643,0.001
110.4777,0.001
110.5123,0.001
110.525,0.001
110.5432,0.001
110.5566,0.001
110.5907,0.001
110.6069,0.001
110.622,0.001
110.6404,0.001
110.6688,0.001
110.687,0.001
110.7007,0.001
110.7167,0.001
110.751,0.001
110.7679,0.001
110.7804,0.001
110.7968,0.001
110.8325,0.001
110.8457,0.001
110.8527,0.001
110.8806,0.001
110.9005,0.001
110.9265,0.001
110.9398,0.001
110.9588,0.001
110.9848,0.001
111.004,0.001
111.0216,0.001
111.0331,0.001
111.0653,0.001
111.0862,0.001
111.1024,0.001
111.1156,0.001
111.1397,0.001
111.1592,0.001
111.1827,0.001
111.2001,0.001
111.221,0.001
111.2404,0.001
111.258,0.001
111.2755,0.001
111.3108,0.001
111.3241,0.001
111.3392,0.001
111.3593,0.001
111.3867,0.001
111.4053,0.001
111.4183,0.001
111.4397,0.001
111.4715,0.001
111.4879,0.001
111.501,0.001
111.5155,0.001
111.5478,0.001
111.5641,0.001
111.5781,0.001
111.6,0.001
111.6322,0.001
111.6481,0.001
111.6633,0.001
111.6771,0.001
111.7058,0.001
111.7242,0.001
111.7441,0.001
111.7536,0.001
111.792,0.001
111.802,0.001
111.8193,0.001
111.8403,0.001
111.8726,0.001
111.8885,0.001
111.9039,0.001
111.9196,0.001
111.9524,0.001
111.9671,0.001
111.9828,0.001
111.9988,0.002
112.0307,0.002
112.0481,0.002
112.0626,0.002
112.0784,0.002
112.1106,0.002
112.1264,0.002
112.1421,0.002
112.1582,0.002
112.1898,0.002
112.2056,0.002
112.2213,0.002
112.2374,0.002
112.2689,0.002
112.2846,0.002
112.3002,0.002
112.3161,0.002
112.3497,0.002
112.3681,0.002
112.3807,0.002
112.3876,0.002
112.4294,0.002
112.4476,0.002
112.4573,0.002
112.4764,0.002
112.5079,0.002
112.5271,0.002
112.54,0.002
112.5565,0.002
112.5787,0.002
112.6056,0.002
112.6229,0.002
112.6351,0.002
112.6669,0.002
112.6864,0.002
112.7021,0.002
112.7146,0.002
112.7515,0.002
112.7681,0.002
112.7832,0.002
112.7981,0.002
112.8303,0.002
112.8431,0.002
112.863,0.002
112.8797,0.002
112.9118,0.002
112.9282,0.002
112.9423,0.002
112.9606,0.002
112.992,0.002
113.008,0.002
113.0239,0.002
113.0407,0.002
113.0711,0.002
113.0885,0.002
113.1031,0.002
113.1195,0.002
113.1522,0.002
113.1656,0.002
113.1823,0.002
113.1968,0.002
113.2313,0.002
113.2444,0.002
113.2579,0.002
113.2787,0.002
113.3081,0.002
113.3242,0.002
113.3432,0.002
113.3606,0.002
113.3861,0.002
113.4072,0.002
113.4218,0.002
113.4407,0.002
113.4686,0.002
113.4836,0.002
113.4994,0.002
113.5193,0.002
113.5512,0.002
113.563,0.002
113.5786,0.002
113.5966,0.002
113.6258,0.002
113.6364,0.002
113.6521,0.002
113.6741,0.002
113.7111,0.002
113.7157,0.002
113.7383,0.002
113.7472,0.002
113.7896,0.002
113.8081,0.002
113.817,0.002
113.8406,0.002
113.8708,0.002
113.8729,0.002
113.9042,0.002
113.9199,0.002
113.9524,0.002
113.9681,0.002
113.9829,0.002
113.9995,0.002
114.0291,0.002
114.0435,0.002
114.0587,0.002
114.0781,0.002
114.1106,0.002
114.1269,0.002
114.1428,0.002
114.1586,0.002
114.1898,0.002
114.2057,0.002
114.224,0.002
114.2381,0.002
114.2686,0.002
114.2877,0.002
114.3023,0.002
114.3202,0.002
114.3487,0.002
114.368,0.002
114.3846,0.002
114.3996,0.002
114.4302,0.002
114.4472,0.002
114.4601,0.002
114.4762,0.002
114.5084,0.002
114.528,0.002
114.5397,0.002
114.5555,0.002
114.5873,0.002
114.6064,0.002
114.6188,0.002
114.6384,0.002
114.671,0.002
114.6879,0.002
114.7011,0.002
114.717,0.002
114.7484,0.002
114.7685,0.002
114.7838,0.002
114.7997,0.002
114.8317,0.002
114.8469,0.002
114.8628,0.002
114.878,0.002
114.91,0.002
114.926,0.002
114.942,0.002
114.9576,0.002
114.9911,0.002
115.0054,0.002
115.0211,0.002
115.0389,0.002
115.0686,0.002
115.0843,0.002
115.1035,0.002
115.1173,0.002
115.1515,0.002
115.1658,0.002
115.1798,0.002
115.1929,0.002
115.2325,0.002
115.2366,0.002
115.2583,0.002
115.2779,0.002
115.3125,0.002
115.3237,0.002
115.3311,0.002
115.3564,0.002
115.3921,0.002
115.4051,0.002
115.4191,0.002
115.4381,0.002
115.4724,0.002
115.4886,0.002
115.5039,0.002
115.5203,0.002
115.5523,0.002
115.5663,0.002
115.5816,0.002
115.5977,0.002
115.632,0.002
115.6475,0.002
115.6558,0.002
115.6795,0.002
115.701,0.002
115.7211,0.002
115.7443,0.002
115.7594,0.002
115.7925,0.002
115.7968,0.002
115.8232,0.002
115.8403,0.002
115.8719,0.002
115.883,0.002
115.8999,0.002
115.9135,0.002
115.9516,0.002
115.9554,0.002
115.9829,0.002
115.999,0.002
116.0307,0.002
116.0427,0.002
116.0577,0.002
116.0754,0.002
116.1124,0.002
116.1185,0.002
116.1344,0.002
116.1529,0.002
116.1819,0.002
116.2063,0.002
116.2137,0.002
116.2318,0.002
116.2673,0.002
116.2864,0.002
116.304,0.002
116.3091,0.002
116.3516,0.002
116.3566,0.002
116.3811,0.002
116.3924,0.002
116.4229,0.002
116.4478,0.002
116.4573,0.002
116.4731,0.002
116.5121,0.002
116.5259,0.002
116.5439,0.002
116.5571,0.002
116.591,0.002
116.6062,0.002
116.6205,0.002
116.6372,0.002
116.671,0.002
116.6864,0.002
116.7013,0.002
116.7196,0.002
116.7468,0.002
116.7665,0.002
116.7791,0.002
116.7941,0.002
116.8261,0.002
116.8419,0.002
116.8576,0.002
116.8735,0.002
116.9121,0.002
116.9268,0.002
116.9439,0.002
116.9587,0.002
116.9848,0.002
117.0081,0.002
117.0223,0.002
117.0353,0.002
117.0715,0.002
117.0836,0.002
117.104,0.002
117.1205,0.002
117.1484,0.002
117.1661,0.002
117.1826,0.002
117.1978,0.002
117.2271,0.002
117.2432,0.002
117.2589,0.002
117.2746,0.002
117.3116,0.002
117.3277,0.002
117.3383,0.002
117.3571,0.002
117.3915,0.002
117.4019,0.002
117.4176,0.002
117.4335,0.002
117.4699,0.002
117.4811,0.002
117.4968,0.002
117.5162,0.002
117.5448,0.002
117.5658,0.002
117.5772,0.002
117.6003,0.002
117.6271,0.002
117.6481,0.002
117.6645,0.002
117.6761,0.002
117.6989,0.002
117.7145,0.002
117.7399,0.002
117.757,0.002
117.792,0.002
117.8074,0.002
117.8247,0.002
117.8404,0.002
117.8726,0.002
117.8879,0.002
117.9036,0.002
117.9202,0.002
117.9514,0.002
117.967,0.002
117.9831,0.002
117.9991,0.002
118.0309,0.002
118.0466,0.002
118.0624,0.002
118.0781,0.002
118.11,0.002
118.1267,0.002
118.1421,0.002
118.1605,0.002
118.1918,0.002
118.2028,0.002
118.2138,0.002
118.2386,0.002
118.2715,0.002
118.2868,0.002
118.3034,0.002
118.3188,0.002
118.3506,0.002
118.3606,0.002
118.382,0.002
118.398,0.002
118.4216,0.002
118.4459,0.002
118.464,0.002
118.4793,0.002
118.5101,0.002
118.5269,0.002
118.5402,0.002
118.5597,0.002
118.5861,0.002
118.6061,0.002
118.6228,0.002
118.6384,0.002
118.6695,0.002
118.6868,0.002
118.6969,0.002
118.7202,0.002
118.7466,0.002
118.7626,0.002
118.7756,0.002
118.7928,0.002
118.8294,0.002
118.8481,0.002
118.8584,0.002
118.8806,0.002
118.9089,0.002
118.9223,0.002
118.9411,0.002
118.956,0.002
118.9921,0.002
119.0058,0.002
119.0163,0.002
119.0329,0.002
119.0726,0.002
119.0754,0.002
119.1039,0.002
119.1184,0.002
119.151,0.002
119.168,0.002
119.1835,0.002
119.2004,0.002
119.2242,0.002
119.2447,0.002
119.2631,0.002
119.2745,0.002
119.31,0.002
119.3242,0.002
119.3343,0.002
119.3601,0.002
119.3805,0.002
119.4086,0.002
119.4245,0.002
119.4406,0.002
119.4723,0.002
119.4881,0.002
119.5037,0.002
119.52,0.002
119.5509,0.002
119.5666,0.002
119.5826,0.002
119.5999,0.002
119.6294,0.002
119.6484,0.002
119.6624,0.002
119.6738,0.002
119.7101,0.002
119.7252,0.002
119.7446,0.002
119.7579,0.002
119.7906,0.002
119.8026,0.002
119.8241,0.002
119.8401,0.002
119.871,0.002
119.8809,0.002
119.8966,0.002
119.9173,0.002
119.9515,0.002
119.9669,0.002
119.9777,0.002
119.9957,0.002
120.0256,0.002
120.0463,0.002
120.0597,0.002
120.0755,0.002
120.1114,0.002
120.1227,0.002
120.1413,0.002
120.1595,0.002
120.1917,0.002
120.2082,0.002
120.2242,0.002
120.2353,0.002
120.271,0.002
120.2886,0.002
120.3043,0.002
120.319,0.002
120.3513,0.002
120.3671,0.002
120.3827,0.002
120.3984,0.002
120.4302,0.002
120.4461,0.002
120.462,0.002
120.478,0.002
120.5095,0.002
120.5253,0.002
120.5418,0.002
120.5562,0.002
120.5876,0.002
120.6088,0.002
120.6233,0.002
120.6401,0.002
120.6726,0.002
120.68,0.002
120.7008,0.002
120.7176,0.002
120.748,0.002
120.7651,0.002
120.7799,0.002
120.7989,0.002
120.8327,0.002
120.8478,0.002
120.8622,0.002
120.8791,0.002
120.9126,0.002
120.9245,0.002
120.9432,0.002
120.952,0.002
120.9871,0.002
121.0063,0.002
121.0155,0.002
121.0395,0.002
121.0626,0.002
121.0882,0.001
121.1029,0.001
121.1184,0.001
121.1464,0.001
121.1586,0.001
121.1796,0.001
121.2001,0.001
121.2321,0.001
121.2375,0.001
121.2644,0.001
121.2761,0.001
121.308,0.001
121.3284,0.001
121.3444,0.001
121.3604,0.001
121.3926,0.001
121.4086,0.001
121.4203,0.001
121.4282,0.001
121.4723,0.001
121.4852,0.001
121.4996,0.001
121.5151,0.001
121.5478,0.001
121.5653,0.001
121.5831,0.001
121.5981,0.001
121.6299,0.001
121.6424,0.001
121.6636,0.001
121.6698,0.001
121.7062,0.001
121.7265,0.001
121.7441,0.001
121.7574,0.001
121.7822,0.001
121.8037,0.001
121.8228,0.001
121.8398,0.001
121.8707,0.001
121.8742,0.001
121.9013,0.001
121.92,0.001
121.9467,0.001
121.9644,0.001
121.9785,0.001
121.9974,0.001
122.0264,0.001
122.048,0.001
122.0581,0.001
122.0741,0.001
122.1091,0.001
122.1234,0.001
122.1405,0.001
122.1577,0.001
122.1773,0.001
122.2087,0.001
122.2244,0.001
122.2401,0.001
122.2714,0.001
122.2874,0.001
122.3035,0.001
122.3194,0.001
122.3507,0.001
122.3668,0.001
122.3829,0.001
122.3986,0.001
122.4318,0.001
122.4471,0.001
122.4622,0.001
122.4782,0.001
122.5102,0.001
122.5259,0.001
122.5441,0.001
122.5595,0.001
122.5917,0.001
122.608,0.001
122.6239,0.001
122.632,0.001
122.6711,0.001
122.6844,0.001
122.7032,0.002
122.7109,0.002
122.7479,0.002
122.7642,0.002
122.7841,0.002
122.796,0.002
122.8303,0.002
122.8474,0.002
122.8638,0.002
122.8796,0.002
122.9096,0.002
122.9223,0.002
122.9409,0.002
122.9592,0.002
122.9884,0.002
123.0054,0.002
123.0201,0.002
123.0379,0.002
123.0674,0.002
123.0828,0.002
123.1024,0.002
123.1172,0.002
123.1413,0.002
123.1674,0.002
123.1796,0.002
123.1904,0.002
123.2323,0.002
123.2465,0.002
123.2608,0.002
123.2737,0.002
123.3108,0.002
123.3246,0.002
123.3318,0.002
123.3535,0.002
123.3911,0.002
123.4055,0.002
123.4199,0.002
123.4329,0.002
123.468,0.002
123.4851,0.002
123.5045,0.002
123.5177,0.002
123.5497,0.002
123.5622,0.002
123.5816,0.002
123.5968,0.002
123.6269,0.002
123.6426,0.002
123.6605,0.002
123.6783,0.002
123.7085,0.002
123.7273,0.002
123.7399,0.002
123.7582,0.002
123.7903,0.002
123.8041,0.002
123.8203,0.002
123.8383,0.002
123.8704,0.002
123.8827,0.002
123.895,0.002
123.9204,0.002
123.9525,0.002
123.9686,0.002
123.9778,0.002
123.9924,0.002
124.0324,0.002
124.0471,0.002
124.06,0.002
124.0777,0.002
124.1118,0.002
124.1258,0.002
124.1416,0.002
124.1593,0.002
124.1909,0.002
124.2046,0.002
124.224,0.002
124.2401,0.002
124.2723,0.002
124.2837,0.002
124.2996,0.002
124.3151,0.002
124.3512,0.002
124.3687,0.002
124.3807,0.002
124.3945,0.002
124.4282,0.002
124.4452,0.002
124.4641,0.002
124.4793,0.002
124.5118,0.002
124.5212,0.002
124.5444,0.002
124.5602,0.002
124.592,0.002
124.6063,0.002
124.6183,0.002
124.6378,0.002
124.6714,0.002
124.6881,0.002
124.6972,0.002
124.7132,0.002
124.7447,0.002
124.7603,0.002
124.7833,0.002
124.7952,0.002
124.8313,0.002
124.8485,0.002
124.8618,0.002
124.873,0.002
124.9121,0.002
124.9281,0.002
124.9355,0.002
124.9605,0.002
124.9884,0.002
125.0086,0.002
125.0218,0.002
125.034,0.002
125.0698,0.002
125.0885,0.002
125.1012,0.002
125.1176,0.002
125.1416,0.002
125.1576,0.002
125.1736,0.002
125.1981,0.002
125.2319,0.002
125.2447,0.002
125.2616,0.002
125.2798,0.002
125.3122,0.002
125.3226,0.002
125.3391,0.002
125.3537,0.002
125.3925,0.002
125.406,0.002
125.4221,0.002
125.4342,0.002
125.4591,0.002
125.4859,0.002
125.5016,0.002
125.5197,0.002
125.5523,0.002
125.5661,0.002
125.5816,0.002
125.5938,0.002
125.626,0.002
125.6417,0.002
125.6577,0.002
125.6779,0.002
125.7074,0.002
125.7235,0.002
125.7433,0.002
125.7581,0.002
125.7847,0.002
125.8024,0.002
125.8162,0.002
125.8388,0.002
125.8637,0.002
125.8829,0.002
125.9013,0.002
125.9132,0.002
125.9524,0.002
125.9685,0.002
125.9806,0.002
125.9935,0.002
126.0249,0.002
126.0451,0.002
126.0586,0.002
126.0805,0.002
126.1097,0.002
126.1253,0.002
126.1446,0.002
126.153,0.002
126.1904,0.002
126.2087,0.002
126.2164,0.002
126.2362,0.002
126.2695,0.002
126.2866,0.002
126.3033,0.002
126.3198,0.002
126.35,0.002
126.3587,0.002
126.3836,0.002
126.3984,0.002
126.4298,0.002
126.4465,0.002
126.4635,0.002
126.4766,0.002
126.5122,0.002
126.5182,0.002
126.5442,0.002
126.5586,0.002
126.5888,0.002
126.6059,0.002
126.6189,0.002
126.64,0.002
126.6726,0.002
126.6883,0.002
126.7042,0.002
126.7162,0.002
126.7514,0.002
126.7668,0.002
126.7798,0.002
126.7896,0.002
126.8324,0.002
126.8482,0.002
126.8639,0.002
126.8793,0.002
126.9107,0.002
126.9265,0.002
126.9424,0.002
126.9585,0.002
126.9899,0.002
127.0056,0.002
127.0212,0.002
127.0372,0.002
127.0691,0.002
127.0852,0.002
127.1021,0.002
127.1169,0.002
127.1512,0.002
127.1646,0.002
127.183,0.002
127.1989,0.002
127.2284,0.002
127.2481,0.002
127.2622,0.002
127.2759,0.002
127.3097,0.002
127.3237,0.002
127.3434,0.002
127.3593,0.002
127.3869,0.002
127.4034,0.002
127.4247,0.002
127.4378,0.002
127.466,0.002
127.4885,0.002
127.4975,0.002
127.5157,0.002
127.5454,0.002
127.5682,0.002
127.5822,0.002
127.5973,0.002
127.6294,0.002
127.6427,0.002
127.6623,0.002
127.6802,0.002
127.7073,0.002
127.7271,0.002
127.7424,0.002
127.7492,0.002
127.7924,0.002
127.8076,0.002
127.8237,0.002
127.8394,0.002
127.8709,0.002
127.8882,0.002
127.9046,0.002
127.9194,0.002
127.9512,0.002
127.9677,0.002
127.9832,0.002
127.9999,0.002
128.032,0.002
128.0484,0.002
128.0635,0.002
128.0799,0.002
128.1099,0.002
128.1283,0.002
128.1442,0.002
128.1574,0.002
128.186,0.002
128.2062,0.002
128.2155,0.002
128.2382,0.002
128.2693,0.002
128.2844,0.002
128.2953,0.002
128.3202,0.002
128.3514,0.002
128.3682,0.002
128.3755,0.002
128.4,0.002
128.4219,0.002
128.4372,0.002
128.4603,0.002
128.4804,0.002
128.5072,0.002
128.5257,0.002
128.5423,0.002
128.5599,0.002
128.5818,0.002
128.6038,0.002
128.6242,0.002
128.639,0.002
128.6603,0.002
128.6876,0.002
128.7028,0.002
128.7132,0.002
128.7478,0.002
128.7674,0.002
128.7821,0.001
128.7968,0.001
128.8317,0.001
128.8433,0.001
128.8609,0.001
128.8768,0.001
128.9105,0.001
128.9253,0.001
128.9376,0.001
128.9576,0.001
128.9851,0.001
129.0007,0.001
129.0228,0.001
129.0402,0.001
129.0678,0.001
129.0856,0.001
129.1039,0.001
129.1154,0.001
129.1517,0.001
129.1597,0.001
129.1824,0.001
129.1934,0.001
129.2321,0.001
129.2394,0.001
129.2629,0.001
129.2702,0.001
129.3114,0.001
129.3274,0.001
129.3415,0.001
129.3607,0.001
129.3923,0.001
129.4055,0.001
129.4221,0.001
129.439,0.001
129.4682,0.001
129.4874,0.001
129.4999,0.001
129.5157,0.001
129.5471,0.001
129.5673,0.001
129.5818,0.001
129.5997,0.001
129.6295,0.001
129.6487,0.001
129.6592,0.001
129.6785,0.001
129.7116,0.001
129.7234,0.001
129.7375,0.001
129.7572,0.001
129.7879,0.001
129.8041,0.001
129.8097,0.001
129.8341,0.001
129.8723,0.001
129.8883,0.001
129.9035,0.001
129.9208,0.001
129.9521,0.001
129.9619,0.001
129.9812,0.001
129.9979,0.001
130.0324,0.001
130.0472,0.001
130.0605,0.001
130.0778,0.001
130.1113,0.001
130.1223,0.001
130.1395,0.001
130.1517,0.001
130.1919,0.001
130.2049,0.001
130.2226,0.001
130.2313,0.001
130.2695,0.001
130.2862,0.001
130.2971,0.001
130.3206,0.001
130.3442,0.001
130.3612,0.001
130.3824,0.001
130.3944,0.001
130.4222,0.001
130.4426,0.001
130.4612,0.001
130.4696,0.001
130.5115,0.001
130.5243,0.001
130.5424,0.001
130.5593,0.001
130.5854,0.001
130.6072,0.001
130.6226,0.001
130.64,0.001
130.6678,0.001
130.6837,0.001
130.7025,0.001
130.7148,0.001
130.7525,0.001
130.7678,0.001
130.7843,0.002
130.7963,0.002
130.8322,0.002
130.8401,0.002
130.8646,0.002
130.8791,0.002
130.9113,0.002
130.9242,0.002
130.9432,0.002
130.9576,0.002
130.9908,0.002
130.9992,0.002
131.0203,0.002
131.0396,0.002
131.0616,0.002
131.0792,0.002
131.1046,0.002
131.1198,0.002
131.1465,0.002
131.1655,0.002
131.1808,0.002
131.1972,0.002
131.22,0.002
131.235,0.002
131.2639,0.002
131.2806,0.002
131.3054,0.002
131.3267,0.002
131.3378,0.002
131.3548,0.002
131.3912,0.002
131.4085,0.002
131.4245,0.002
131.4406,0.002
131.4694,0.002
131.4849,0.002
131.4964,0.002
131.5143,0.002
131.5473,0.002
131.5648,0.002
131.5793,0.002
131.599,0.002
131.6228,0.002
131.6453,0.002
131.6633,0.002
131.6806,0.002
131.7022,0.002
131.7246,0.002
131.7316,0.002
131.7542,0.002
131.7792,0.002
131.8032,0.002
131.8233,0.002
131.8401,0.002
131.8583,0.002
131.884,0.002
131.9042,0.002
131.9195,0.002
131.9514,0.002
131.9684,0.002
131.9834,0.002
131.9996,0.002
132.0323,0.002
132.048,0.002
132.0633,0.002
132.0793,0.002
132.1117,0.002
132.1277,0.002
132.1447,0.002
132.1535,0.002
132.1864,0.002
132.1998,0.002
132.2221,0.002
132.2313,0.002
132.2714,0.002
132.2851,0.002
132.2942,0.002
132.3191,0.002
132.3485,0.002
132.3583,0.002
132.3741,0.002
132.3946,0.002
132.4213,0.002
132.4373,0.002
132.4531,0.002
132.4773,0.002
132.5114,0.002
132.5286,0.002
132.5422,0.002
132.5562,0.002
132.5912,0.002
132.6086,0.002
132.6213,0.002
132.6325,0.002
132.6602,0.002
132.6854,0.002
132.6947,0.002
132.7082,0.002
132.7467,0.002
132.7562,0.002
132.7712,0.002
132.7978,0.002
132.8207,0.002
132.8471,0.002
132.8627,0.002
132.8687,0.002
132.9105,0.002
132.914,0.002
132.9446,0.002
132.9606,0.002
132.9925,0.002
133.0083,0.002
133.0242,0.002
133.0405,0.002
133.0713,0.002
133.0808,0.002
133.1015,0.002
133.1152,0.002
133.1454,0.002
133.1607,0.002
133.1767,0.002
133.1924,0.002
133.2287,0.002
133.2441,0.002
133.2647,0.002
133.2742,0.002
133.312,0.002
133.3269,0.002
133.3438,0.002
133.351,0.002
133.3848,0.002
133.4072,0.002
133.4233,0.002
133.4372,0.002
133.4715,0.002
133.4879,0.002
133.4936,0.002
133.5093,0.002
133.5409,0.002
133.5669,0.002
133.582,0.002
133.6006,0.002
133.6246,0.002
133.6403,0.002
133.6562,0.002
133.6721,0.002
133.7041,0.002
133.7199,0.002
133.736,0.002
133.7521,0.002
133.7924,0.002
133.8012,0.002
133.8236,0.002
133.8302,0.002
133.8717,0.002
133.8886,0.002
133.8935,0.002
133.9136,0.002
133.9512,0.002
133.9636,0.002
133.9725,0.002
133.9991,0.002
134.0312,0.002
134.0486,0.002
134.0518,0.002
134.0783,0.002
134.1124,0.002
134.1273,0.002
134.1335,0.002
134.1587,0.002
134.1903,0.002
134.2074,0.002
134.223,0.002
134.2369,0.002
134.2711,0.002
134.2793,0.002
134.3014,0.002
134.3204,0.002
134.3445,0.002
134.3662,0.002
134.3815,0.002
134.3981,0.002
134.4325,0.002
134.4485,0.002
134.4533,0.002
134.4788,0.002
134.4976,0.002
134.5136,0.002
134.5326,0.002
134.5567,0.002
134.5915,0.002
134.6073,0.002
134.6221,0.002
134.639,0.002
134.6652,0.002
134.6869,0.002
134.6971,0.001
134.7199,0.001
134.7523,0.001
134.7682,0.001
134.783,0.001
134.8002,0.001
134.8321,0.001
134.8483,0.001
134.8624,0.001
134.8711,0.001
134.9103,0.001
134.9285,0.001
134.9437,0.001
134.9522,0.001
134.9885,0.002
135.0005,0.002
135.0155,0.002
135.0381,0.002
135.0723,0.002
135.0762,0.002
135.1034,0.002
135.1158,0.002
135.1502,0.002
135.1674,0.002
135.1836,0.002
135.1968,0.002
135.2292,0.002
135.2434,0.002
135.2622,0.002
135.2803,0.002
135.3117,0.002
135.3227,0.002
135.3412,0.002
135.3541,0.002
135.3915,0.002
135.4017,0.002
135.424,0.002
135.4394,0.002
135.4683,0.002
135.48,0.002
135.496,0.002
135.5202,0.002
135.5438,0.002
135.5596,0.002
135.5756,0.002
135.5952,0.002
135.6263,0.002
135.6453,0.002
135.6639,0.002
135.6777,0.002
135.705,0.002
135.7212,0.002
135.7373,0.002
135.7532,0.002
135.785,0.002
135.8007,0.002
135.8189,0.002
135.8351,0.002
135.8642,0.002
135.8803,0.002
135.8964,0.002
135.9123,0.002
135.9522,0.002
135.9647,0.002
135.9759,0.002
135.9991,0.002
136.0259,0.002
136.0394,0.002
136.0564,0.002
136.0771,0.002
136.1128,0.002
136.1269,0.002
136.1443,0.002
136.1501,0.002
136.1918,0.002
136.2087,0.002
136.2244,0.002
136.2381,0.002
136.2722,0.002
136.2852,0.002
136.3012,0.002
136.317,0.002
136.3525,0.002
136.3679,0.002
136.3842,0.002
136.3967,0.002
136.4322,0.002
136.4471,0.002
136.4603,0.002
136.4803,0.002
136.5119,0.002
136.5288,0.002
136.5398,0.002
136.5597,0.002
136.5873,0.002
136.6082,0.002
136.6181,0.002
136.6366,0.002
136.6715,0.002
136.6863,0.002
136.7,0.002
136.7192,0.002
136.7522,0.002
136.7689,0.002
136.7847,0.002
136.8005,0.002
136.8318,0.002
136.8476,0.002
136.8635,0.002
136.8792,0.002
136.9129,0.002
136.9263,0.002
136.9426,0.002
136.9584,0.002
136.9928,0.002
137.0066,0.002
137.0222,0.002
137.0367,0.002
137.0683,0.002
137.0843,0.002
137.1033,0.002
137.1164,0.002
137.1523,0.002
137.166,0.002
137.1812,0.002
137.1996,0.002
137.2303,0.002
137.242,0.002
137.2646,0.002
137.2793,0.002
137.3119,0.002
137.3249,0.002
137.3386,0.002
137.3601,0.002
137.3896,0.002
137.4065,0.002
137.4247,0.002
137.44,0.002
137.4656,0.002
137.4888,0.002
137.504,0.002
137.5122,0.002
137.5525,0.002
137.5674,0.002
137.5842,0.002
137.5967,0.002
137.6274,0.002
137.6477,0.002
137.6587,0.002
137.6768,0.002
137.7065,0.002
137.7281,0.002
137.7413,0.002
137.7577,0.002
137.7855,0.002
137.8064,0.002
137.8183,0.002
137.8345,0.002
137.8725,0.002
137.8855,0.002
137.8985,0.002
137.9201,0.002
137.9512,0.002
137.9634,0.002
137.9812,0.002
138.0003,0.002
138.0253,0.002
138.0423,0.002
138.0613,0.002
138.0795,0.002
138.1121,0.002
138.1233,0.002
138.1388,0.002
138.1575,0.002
138.1923,0.002
138.2059,0.002
138.22,0.002
138.2405,0.002
138.2724,0.002
138.287,0.002
138.3046,0.002
138.3193,0.002
138.3516,0.002
138.3667,0.002
138.3834,0.002
138.396,0.002
138.4323,0.002
138.4423,0.002
138.4559,0.002
138.4779,0.002
138.5038,0.002
138.5278,0.002
138.5402,0.002
138.5556,0.002
138.5854,0.002
138.6088,0.002
138.624,0.002
138.6409,0.002
138.6659,0.002
138.6886,0.002
138.7001,0.002
138.719,0.002
138.7448,0.002
138.7683,0.002
138.7845,0.002
138.8007,0.002
138.8239,0.002
138.8457,0.002
138.8636,0.002
138.88,0.002
138.912,0.002
138.9286,0.002
138.9441,0.002
138.9563,0.002
138.9925,0.002
139.0083,0.002
139.0145,0.002
139.0403,0.002
139.0713,0.002
139.0862,0.002
139.1028,0.002
139.1179,0.002
139.1525,0.002
139.1684,0.002
139.184,0.002
139.2001,0.002
139.2266,0.002
139.247,0.002
139.2635,0.002
139.2807,0.002
139.3073,0.002
139.3223,0.002
139.3363,0.002
139.3574,0.002
139.3913,0.002
139.407,0.002
139.4191,0.002
139.4393,0.002
139.4713,0.002
139.4885,0.002
139.504,0.002
139.5144,0.002
139.549,0.002
139.5623,0.002
139.5821,0.002
139.5988,0.002
139.6181,0.002
139.6338,0.002
139.6615,0.002
139.677,0.002
139.7012,0.002
139.7286,0.002
139.7441,0.002
139.7593,0.002
139.7906,0.002
139.7995,0.002
139.8214,0.002
139.8408,0.002
139.8724,0.002
139.8882,0.002
139.9039,0.002
139.9205,0.002
139.9512,0.002
139.9677,0.002
139.9833,0.002
139.9914,0.002
140.0229,0.002
140.0391,0.002
140.0546,0.002
140.0704,0.002
140.1102,0.002
140.1228,0.002
140.1441,0.002
140.1505,0.002
140.1925,0.002
140.2066,0.002
140.2141,0.002
140.2302,0.002
140.2722,0.002
140.2875,0.002
140.3045,0.002
140.3193,0.002
140.3526,0.002
140.3676,0.002
140.3733,0.002
140.4006,0.002
140.4328,0.002
140.4466,0.002
140.4624,0.002
140.4691,0.002
140.5111,0.002
140.528,0.002
140.5424,0.002
140.5598,0.002
140.5893,0.002
140.6082,0.002
140.6184,0.002
140.6406,0.002
140.6715,0.002
140.6874,0.002
140.703,0.002
140.7127,0.002
140.7526,0.002
140.7686,0.002
140.7845,0.002
140.8002,0.002
140.8257,0.002
140.8397,0.002
140.8596,0.002
140.8714,0.002
140.9033,0.002
140.9192,0.002
140.9349,0.002
140.9551,0.002
140.9911,0.002
141.0052,0.002
141.0133,0.002
141.0292,0.002
141.0725,0.002
141.0785,0.002
141.1018,0.002
141.1174,0.002
141.1509,0.002
141.1647,0.002
141.1803,0.002
141.2007,0.002
141.2289,0.002
141.2439,0.002
141.2598,0.002
141.2777,0.002
141.3069,0.002
141.3288,0.002
141.3445,0.002
141.3576,0.002
141.3925,0.002
141.4075,0.002
141.4222,0.002
141.4366,0.002
141.4673,0.002
141.4879,0.002
141.5037,0.002
141.5199,0.002
141.5523,0.002
141.5683,0.002
141.5841,0.002
141.6003,0.002
141.6322,0.002
141.6476,0.002
141.6644,0.002
141.6803,0.002
141.7125,0.002
141.7253,0.002
141.7436,0.002
141.7572,0.002
141.7888,0.002
141.8064,0.002
141.8223,0.002
141.8363,0.002
141.8702,0.002
141.8839,0.002
141.8998,0.002
141.9158,0.002
141.9514,0.002
141.9668,0.002
141.984,0.002
142.0005,0.002
142.0267,0.002
142.0455,0.002
142.0589,0.002
142.0767,0.002
142.1123,0.002
142.1243,0.002
142.1403,0.002
142.1562,0.002
142.1903,0.002
142.2039,0.002
142.2245,0.002
142.236,0.002
142.2677,0.002
142.2833,0.002
142.2993,0.002
142.3203,0.002
142.3457,0.002
142.3678,0.002
142.3838,0.002
142.3973,0.002
142.4323,0.002
142.4482,0.002
142.4577,0.002
142.4728,0.002
142.5068,0.002
142.5209,0.002
142.5407,0.002
142.5524,0.002
142.5853,0.002
142.602,0.002
142.6233,0.002
142.6343,0.002
142.6714,0.002
142.6821,0.002
142.7003,0.002
142.7136,0.002
142.7524,0.002
142.7674,0.002
142.7771,0.002
142.7931,0.002
142.8247,0.002
142.8488,0.002
142.8568,0.002
142.8763,0.002
142.9048,0.002
142.9209,0.002
142.9369,0.002
142.9594,0.002
142.9923,0.002
143.0074,0.002
143.0244,0.002
143.0399,0.002
143.0638,0.002
143.0826,0.002
143.1037,0.002
143.1149,0.002
143.1437,0.002
143.1594,0.002
143.1752,0.002
143.1911,0.002
143.2231,0.002
143.2388,0.002
143.2567,0.002
143.2745,0.002
143.3094,0.002
143.327,0.002
143.3447,0.002
143.3583,0.002
143.3926,0.002
143.3962,0.002
143.4179,0.002
143.4278,0.002
143.4593,0.002
143.4752,0.002
143.4989,0.002
143.5064,0.002
143.5459,0.002
143.5538,0.002
143.5698,0.002
143.5979,0.002
143.6234,0.002
143.6489,0.002
143.6634,0.002
143.6803,0.002
143.7104,0.002
143.7153,0.002
143.7328,0.002
143.7537,0.002
143.79,0.002
143.7944,0.002
143.8243,0.002
143.8319,0.002
143.8726,0.002
143.8886,0.002
143.8933,0.002
143.9053,0.002
143.9523,0.002
143.9683,0.002
143.9841,0.002
143.9998,0.002
144.0314,0.002
144.0473,0.002
144.0633,0.002
144.079,0.002
144.1115,0.002
144.1198,0.002
144.1426,0.002
144.1594,0.002
144.1915,0.002
144.2073,0.002
144.2244,0.002
144.2389,0.002
144.2727,0.002
144.2866,0.002
144.3023,0.002
144.3204,0.002
144.3527,0.002
144.368,0.002
144.3844,0.002
144.4006,0.002
144.4313,0.002
144.4486,0.002
144.4615,0.002
144.4793,0.002
144.5093,0.002
144.5253,0.002
144.5413,0.002
144.5588,0.002
144.591,0.002
144.6082,0.002
144.6209,0.002
144.6289,0.002
144.6605,0.002
144.6764,0.002
144.7004,0.002
144.7169,0.002
144.7487,0.002
144.7643,0.002
144.7824,0.002
144.796,0.002
144.8308,0.002
144.8433,0.002
144.8622,0.002
144.88,0.002
144.9127,0.002
144.9229,0.002
144.9446,0.002
144.9563,0.002
144.9858,0.002
145.0058,0.002
145.0229,0.002
145.0338,0.002
145.0653,0.002
145.081,0.002
145.1026,0.002
145.1155,0.002
145.1513,0.002
145.1688,0.002
145.1849,0.002
145.2005,0.002
145.2328,0.002
145.2465,0.002
145.2573,0.002
145.2723,0.002
145.3041,0.002
145.328,0.002
145.3439,0.002
145.3574,0.002
145.3862,0.002
145.4002,0.002
145.4236,0.002
145.4406,0.002
145.4712,0.002
145.4793,0.002
145.4953,0.002
145.5111,0.002
145.5429,0.002
145.5586,0.002
145.5747,0.002
145.6011,0.002
145.6174,0.002
145.6335,0.002
145.6494,0.002
145.6654,0.002
145.6991,0.002
145.7278,0.002
145.7448,0.002
145.7606,0.002
145.784,0.002
145.8029,0.002
145.816,0.002
145.8318,0.002
145.8719,0.002
145.8796,0.002
145.8972,0.002
145.9153,0.002
145.9518,0.002
145.9584,0.002
145.9746,0.002
145.9993,0.002
146.0213,0.002
146.037,0.002
146.0546,0.002
146.0685,0.002
146.1119,0.002
146.127,0.002
146.1408,0.002
146.1569,0.002
146.1883,0.002
146.204,0.002
146.2235,0.002
146.2376,0.002
146.2716,0.002
146.2889,0.002
146.2993,0.002
146.3078,0.002
146.3404,0.002
146.3556,0.002
146.3834,0.002
146.3873,0.002
146.4188,0.002
146.4347,0.002
146.4625,0.002
146.4662,0.002
146.5027,0.002
146.5218,0.002
146.5354,0.002
146.5588,0.002
146.5929,0.002
146.6079,0.002
146.6178,0.002
146.626,0.002
146.6573,0.002
146.6819,0.002
146.7028,0.002
146.7209,0.002
146.7523,0.002
146.768,0.002
146.784,0.002
146.8006,0.002
146.8318,0.002
146.8478,0.002
146.8639,0.002
146.8796,0.002
146.9112,0.002
146.9286,0.002
146.9423,0.002
146.9583,0.002
146.9898,0.002
147.0058,0.002
147.0216,0.002
147.0374,0.002
147.0723,0.002
147.0876,0.002
147.1041,0.002
147.1195,0.002
147.1433,0.002
147.157,0.002
147.1756,0.002
147.1888,0.002
147.2293,0.002
147.2473,0.002
147.2588,0.002
147.2726,0.002
147.2991,0.002
147.327,0.002
147.3441,0.002
147.3558,0.002
147.3899,0.002
147.4077,0.002
147.4193,0.002
147.4392,0.002
147.4671,0.002
147.4832,0.002
147.4992,0.002
147.5148,0.002
147.5526,0.002
147.5685,0.002
147.5844,0.002
147.6009,0.002
147.6297,0.002
147.6472,0.002
147.6632,0.002
147.6792,0.002
147.711,0.002
147.7285,0.002
147.7444,0.002
147.7604,0.002
147.7928,0.002
147.8085,0.002
147.8244,0.002
147.8341,0.002
147.8717,0.002
147.8866,0.002
147.9012,0.002
147.9143,0.002
147.9457,0.002
147.9674,0.002
147.9849,0.002
147.9995,0.002
148.0328,0.002
148.0486,0.002
148.0645,0.002
148.0792,0.002
148.1082,0.002
148.1229,0.002
148.1434,0.002
148.1607,0.002
148.1929,0.002
148.207,0.002
148.2105,0.002
148.2406,0.002
148.272,0.002
148.2876,0.002
148.3043,0.002
148.3073,0.002
148.3526,0.002
148.3683,0.002
148.3841,0.002
148.4008,0.002
148.4249,0.002
148.4486,0.002
148.4649,0.002
148.4804,0.002
148.511,0.002
148.5275,0.002
148.5443,0.002
148.5608,0.002
148.5818,0.002
148.608,0.002
148.6188,0.002
148.6409,0.002
148.6725,0.002
148.6822,0.002
148.704,0.002
148.7195,0.002
148.7529,0.002
148.7685,0.002
148.7846,0.002
148.8006,0.002
148.8312,0.002
148.8471,0.002
148.8568,0.002
148.8756,0.002
148.9127,0.002
148.9288,0.002
148.9431,0.002
148.9606,0.002
148.992,0.002
149.0078,0.002
149.0238,0.002
149.0395,0.002
149.0724,0.002
149.0884,0.002
149.103,0.002
149.1204,0.002
149.1514,0.002
149.1674,0.002
149.1846,0.002
149.1965,0.002
149.2324,0.002
149.2477,0.002
149.2626,0.002
149.2797,0.002
149.3126,0.002
149.3229,0.002
149.3445,0.002
149.3603,0.002
149.3864,0.002
149.4025,0.002
149.4205,0.002
149.441,0.002
149.4725,0.002
149.4829,0.002
149.5047,0.002
149.5206,0.002
149.5514,0.002
149.5676,0.002
149.5691,0.002
149.6008,0.002
149.6246,0.002
149.6404,0.002
149.6599,0.002
149.6801,0.002
149.7115,0.002
149.7197,0.002
149.7437,0.002
149.7608,0.002
149.7924,0.002
149.8075,0.002
149.8247,0.002
149.84,0.002
149.8605,0.002
149.8826,0.002
149.9032,0.002
149.9174,0.002
149.9507,0.002
149.9692,0.002
149.9835,0.002
150.0003,0.002
150.0212,0.002
150.0471,0.002
150.0636,0.002
150.079,0.002
150.1127,0.002
150.1249,0.002
150.1448,0.002
150.1609,0.002
150.1927,0.002
150.2086,0.002
150.2236,0.002
150.2383,0.002
150.2723,0.002
150.2876,0.002
150.3026,0.002
150.3196,0.002
150.3503,0.002
150.3665,0.002
150.3847,0.002
150.4006,0.002
150.432,0.002
150.4487,0.002
150.4606,0.002
150.4786,0.002
150.5117,0.002
150.5248,0.002
150.5389,0.002
150.5572,0.002
150.5929,0.002
150.6073,0.002
150.6239,0.002
150.6408,0.002
150.6715,0.002
150.6887,0.001
150.7047,0.001
150.7204,0.001
150.7519,0.001
150.7679,0.001
150.7837,0.001
150.7998,0.001
150.8317,0.001
150.8476,0.001
150.8637,0.001
150.8809,0.001
150.9126,0.001
150.9264,0.001
150.9421,0.001
150.9598,0.001
150.9914,0.001
151.0072,0.001
151.0233,0.001
151.0405,0.001
151.0689,0.001
151.089,0.001
151.1012,0.001
151.1199,0.001
151.1419,0.001
151.1679,0.001
151.1835,0.001
151.2,0.001
151.2238,0.001
151.2453,0.001
151.2646,0.001
151.2792,0.001
151.3124,0.001
151.3234,0.001
151.3426,0.001
151.3601,0.001
151.3896,0.001
151.4052,0.001
151.4237,0.001
151.4364,0.001
151.4728,0.001
151.4756,0.001
151.5041,0.001
151.5193,0.001
151.5385,0.001
151.5684,0.001
151.58,0.001
151.6007,0.001
151.6253,0.001
151.6413,0.002
151.6637,0.002
151.6809,0.002
151.7121,0.002
151.7282,0.002
151.7361,0.002
151.754,0.002
151.7913,0.002
151.8073,0.002
151.8232,0.002
151.8403,0.002
151.872,0.002
151.888,0.002
151.9038,0.002
151.9118,0.002
151.9513,0.002
151.9671,0.002
151.9842,0.002
151.9992,0.002
152.0234,0.002
152.0473,0.002
152.0616,0.002
152.079,0.002
152.1104,0.002
152.1264,0.002
152.1431,0.002
152.1556,0.002
152.1883,0.002
152.2019,0.002
152.2246,0.002
152.2395,0.002
152.2719,0.002
152.2866,0.002
152.302,0.002
152.3183,0.002
152.3489,0.002
152.3687,0.002
152.3848,0.002
152.4006,0.002
152.4323,0.002
152.4475,0.002
152.4631,0.002
152.4789,0.002
152.5124,0.002
152.5283,0.002
152.5447,0.002
152.56,0.002
152.592,0.002
152.608,0.002
152.6243,0.002
152.6368,0.002
152.6726,0.002
152.6887,0.002
152.7002,0.002
152.7204,0.001
152.7498,0.001
152.7689,0.001
152.7843,0.001
152.8003,0.001
152.8316,0.001
152.8417,0.001
152.863,0.001
152.8794,0.001
152.9028,0.001
152.9197,0.001
152.9433,0.001
152.9597,0.001
152.9926,0.001
153.0071,0.001
153.0138,0.001
153.0363,0.001
153.0712,0.001
153.0872,0.001
153.1042,0.001
153.117,0.001
153.1525,0.001
153.1686,0.001
153.1842,0.001
153.1962,0.001
153.2238,0.001
153.2485,0.001
153.2645,0.001
153.2795,0.001
153.3081,0.001
153.3276,0.001
153.3411,0.001
153.3524,0.001
153.3909,0.001
153.4052,0.001
153.41,0.001
153.4368,0.001
153.4724,0.001
153.4884,0.001
153.5035,0.001
153.5174,0.001
153.5527,0.001
153.5685,0.001
153.5844,0.001
153.6009,0.001
153.6185,0.001
153.6484,0.001
153.6649,0.001
153.6758,0.001
153.712,0.001
153.7202,0.001
153.7423,0.001
153.7571,0.001
153.7875,0.001
153.8088,0.001
153.8246,0.001
153.8402,0.001
153.8717,0.001
153.8873,0.001
153.9047,0.001
153.921,0.001
153.9526,0.001
153.9685,0.001
153.985,0.001
153.9984,0.001
154.0321,0.001
154.0487,0.001
154.0614,0.001
154.0804,0.001
154.1102,0.001
154.1183,0.001
154.1342,0.001
154.1579,0.001
154.1817,0.001
154.2015,0.001
154.2247,0.001
154.2395,0.001
154.2696,0.001
154.2844,0.001
154.2932,0.001
154.3199,0.001
154.3429,0.001
154.3676,0.001
154.3846,0.001
154.4003,0.001
154.4188,0.001
154.4367,0.001
154.4647,0.001
154.4667,0.001
154.51,0.001
154.5285,0.001
154.5316,0.001
154.5459,0.001
154.5918,0.001
154.6022,0.001
154.6213,0.001
154.6379,0.001
154.6665,0.001
154.6824,0.001
154.7034,0.001
154.7142,0.001
154.7517,0.001
154.7672,0.001
154.7822,0.001
154.7934,0.001
154.8249,0.001
154.8406,0.001
154.8635,0.001
154.8765,0.001
154.9072,0.001
154.9201,0.001
154.9386,0.001
154.952,0.001
154.9857,0.001
154.9994,0.001
155.0175,0.001
155.0353,0.001
155.0719,0.001
155.0866,0.001
155.103,0.001
155.1205,0.001
155.1511,0.001
155.1676,0.001
155.1807,0.001
155.2,0.001
155.2313,0.001
155.2473,0.001
155.2645,0.001
155.2799,0.001
155.3094,0.001
155.3254,0.001
155.3438,0.001
155.3589,0.001
155.3884,0.001
155.4045,0.001
155.4233,0.001
155.4402,0.001
155.4668,0.001
155.4828,0.001
155.4986,0.001
155.5165,0.001
155.5522,0.001
155.5646,0.001
155.5815,0.001
155.6006,0.001
155.6233,0.001
155.6354,0.001
155.6578,0.001
155.6798,0.001
155.7024,0.001
155.7234,0.001
155.7391,0.001
155.7461,0.001
155.7898,0.001
155.7938,0.001
155.8194,0.001
155.8398,0.001
155.8659,0.001
155.8818,0.001
155.8974,0.001
155.9172,0.001
155.9493,0.001
155.9673,0.002
155.9806,0.002
156.0004,0.002
156.0327,0.002
156.0405,0.002
156.0644,0.002
156.0785,0.002
156.1088,0.002
156.1286,0.002
156.1306,0.002
156.1597,0.002
156.1876,0.002
156.2076,0.002
156.2216,0.002
156.2392,0.002
156.2724,0.002
156.2882,0.002
156.3039,0.002
156.3191,0.002
156.3507,0.002
156.3664,0.002
156.381,0.002
156.3994,0.002
156.4305,0.002
156.4442,0.002
156.4644,0.002
156.4762,0.002
156.5079,0.002
156.5239,0.002
156.5397,0.002
156.5582,0.002
156.5874,0.002
156.608,0.002
156.6244,0.002
156.6408,0.002
156.672,0.002
156.688,0.002
156.7045,0.002
156.7196,0.002
156.7511,0.002
156.767,0.002
156.7829,0.002
156.7986,0.002
156.8316,0.002
156.8463,0.002
156.8624,0.002
156.8797,0.002
156.9034,0.002
156.9194,0.002
156.9438,0.002
156.951,0.002
156.9922,0.002
157.0024,0.002
157.0137,0.002
157.0394,0.002
157.0609,0.002
157.0829,0.002
157.1043,0.002
157.12,0.002
157.1465,0.002
157.1677,0.002
157.1839,0.002
157.1968,0.002
157.2317,0.002
157.2437,0.002
157.2566,0.002
157.2791,0.002
157.3015,0.002
157.3216,0.002
157.3335,0.002
157.3606,0.002
157.3817,0.002
157.3977,0.002
157.4248,0.002
157.441,0.002
157.47,0.002
157.486,0.002
157.5019,0.002
157.5179,0.002
157.5494,0.002
157.5654,0.002
157.5813,0.002
157.6004,0.002
157.6185,0.002
157.6478,0.002
157.6615,0.002
157.6709,0.002
157.713,0.002
157.7289,0.002
157.7447,0.002
157.7605,0.002
157.7924,0.002
157.8084,0.002
157.8244,0.002
157.8405,0.002
157.8724,0.002
157.8884,0.002
157.9043,0.002
157.9203,0.002
157.9522,0.002
157.9679,0.002
157.984,0.002
158.0004,0.002
158.0324,0.002
158.0476,0.002
158.0644,0.002
158.0804,0.002
158.1108,0.002
158.1266,0.002
158.1423,0.002
158.158,0.002
158.1899,0.002
158.2061,0.002
158.2248,0.002
158.238,0.002
158.2711,0.002
158.2852,0.002
158.3048,0.002
158.3169,0.002
158.3483,0.002
158.3644,0.002
158.3802,0.002
158.396,0.002
158.4319,0.002
158.4491,0.002
158.4639,0.002
158.4767,0.002
158.5114,0.002
158.5192,0.002
158.541,0.002
158.5521,0.002
158.5797,0.002
158.6077,0.002
158.6221,0.002
158.638,0.002
158.6723,0.002
158.6764,0.002
158.7046,0.002
158.7085,0.002
158.7524,0.002
158.7635,0.002
158.7741,0.002
158.7985,0.002
158.8201,0.002
158.8361,0.002
158.8518,0.002
158.8678,0.002
158.8995,0.002
158.9238,0.002
158.9447,0.002
158.9587,0.002
158.9883,0.002
159.0062,0.002
159.0197,0.002
159.0354,0.002
159.0674,0.002
159.0851,0.002
159.1037,0.002
159.1152,0.002
159.1506,0.002
159.1557,0.002
159.1828,0.002
159.187,0.002
159.2308,0.002
159.2455,0.002
159.2596,0.002
159.2809,0.002
159.31,0.002
159.3274,0.002
159.345,0.002
159.3597,0.002
159.3923,0.002
159.4081,0.002
159.4248,0.002
159.44,0.002
159.4727,0.002
159.4885,0.002
159.5036,0.002
159.52,0.002
159.5437,0.002
159.5594,0.002
159.5813,0.002
159.5951,0.002
159.6315,0.002
159.647,0.002
159.6625,0.002
159.6807,0.002
159.7111,0.002
159.7277,0.002
159.7446,0.002
159.7587,0.002
159.7885,0.002
159.8061,0.002
159.822,0.002
159.8357,0.002
159.8683,0.002
159.8839,0.002
159.9019,0.002
159.9152,0.002
159.9517,0.002
159.9672,0.002
159.9839,0.002
159.995,0.002
160.0304,0.002
160.0426,0.002
160.0594,0.002
160.0755,0.002
160.1114,0.002
160.1252,0.002
160.1411,0.002
160.1568,0.002
160.1905,0.002
160.2065,0.002
160.2205,0.002
160.2397,0.002
160.2718,0.002
160.2832,0.002
160.3035,0.002
160.32,0.002
160.3468,0.002
160.3687,0.002
160.3809,0.002
160.3944,0.002
160.43,0.002
160.4443,0.002
160.4576,0.002
160.4808,0.002
160.5124,0.002
160.5209,0.002
160.5366,0.002
160.5525,0.002
160.5929,0.002
160.6014,0.002
160.6175,0.002
160.6388,0.002
160.6685,0.002
160.681,0.002
160.697,0.002
160.7208,0.002
160.7531,0.002
160.7596,0.002
160.7796,0.002
160.7989,0.002
160.8299,0.002
160.849,0.002
160.8641,0.002
160.8796,0.002
160.9084,0.002
160.921,0.002
160.9444,0.002
160.9598,0.002
160.9914,0.002
160.9995,0.002
161.017,0.002
161.0404,0.002
161.0726,0.002
161.0872,0.002
161.1039,0.002
161.1197,0.002
161.152,0.002
161.1603,0.002
161.1798,0.002
161.1945,0.002
161.2329,0.002
161.2451,0.002
161.2586,0.002
161.2805,0.002
161.3117,0.002
161.3278,0.002
161.3448,0.002
161.3514,0.002
161.3831,0.002
161.4076,0.002
161.4247,0.002
161.4391,0.002
161.472,0.002
161.4887,0.002
161.503,0.002
161.5197,0.002
161.5511,0.002
161.5548,0.002
161.5837,0.002
161.6005,0.002
161.6309,0.002
161.6442,0.002
161.6633,0.002
161.6796,0.002
161.7112,0.002
161.7198,0.002
161.7448,0.002
161.7545,0.002
161.7912,0.002
161.8045,0.002
161.8244,0.002
161.8378,0.002
161.8718,0.002
161.8777,0.002
161.8935,0.002
161.9096,0.002
161.9435,0.002
161.9658,0.002
161.9839,0.002
162.001,0.002
162.0326,0.002
162.0459,0.002
162.0629,0.002
162.0799,0.002
162.1128,0.002
162.129,0.002
162.1432,0.002
162.1551,0.002
162.1926,0.002
162.2049,0.002
162.2179,0.002
162.2328,0.002
162.2725,0.002
162.2879,0.002
162.2993,0.002
162.3202,0.002
162.3526,0.002
162.3679,0.002
162.384,0.002
162.3995,0.002
162.4331,0.002
162.4487,0.002
162.465,0.002
162.4801,0.002
162.512,0.002
162.528,0.002
162.5439,0.002
162.5597,0.002
162.5918,0.002
162.6087,0.002
162.6237,0.002
162.6411,0.002
162.673,0.002
162.689,0.002
162.7049,0.002
162.7185,0.002
162.7519,0.002
162.762,0.002
162.7824,0.002
162.7975,0.002
162.8316,0.002
162.8429,0.002
162.8569,0.002
162.8797,0.002
162.9098,0.002
162.9222,0.002
162.9395,0.002
162.96,0.002
162.9913,0.002
163.0067,0.002
163.0237,0.002
163.0403,0.002
163.0674,0.002
163.079,0.002
163.1033,0.002
163.1149,0.002
163.1433,0.002
163.1665,0.002
163.1847,0.002
163.1997,0.002
163.233,0.002
163.2471,0.002
163.2619,0.002
163.2806,0.002
163.3025,0.002
163.326,0.002
163.3438,0.002
163.3596,0.002
163.3917,0.002
163.4089,0.002
163.4239,0.002
163.4381,0.002
163.4718,0.002
163.4885,0.002
163.5044,0.002
163.5198,0.002
163.5521,0.002
163.5618,0.002
163.5717,0.002
163.6002,0.002
163.6319,0.002
163.6445,0.002
163.6645,0.002
163.6796,0.002
163.7111,0.002
163.7192,0.002
163.745,0.002
163.7611,0.002
163.7909,0.002
163.8069,0.002
163.823,0.002
163.8409,0.002
163.8704,0.002
163.8861,0.002
163.9049,0.002
163.9181,0.002
163.9517,0.002
163.9677,0.002
163.9815,0.002
163.9994,0.002
164.0293,0.002
164.047,0.002
164.0647,0.002
164.0766,0.002
164.1074,0.002
164.1282,0.002
164.1399,0.002
164.1598,0.002
164.1874,0.002
164.2057,0.002
164.2251,0.002
164.2408,0.002
164.2728,0.002
164.289,0.002
164.3039,0.002
164.3147,0.002
164.3478,0.002
164.3541,0.002
164.3815,0.002
164.3931,0.002
164.4254,0.002
164.4486,0.002
164.465,0.002
164.4766,0.002
164.5121,0.002
164.5288,0.002
164.5445,0.002
164.5606,0.002
164.593,0.002
164.6088,0.002
164.6173,0.002
164.6394,0.002
164.6729,0.002
164.6886,0.002
164.7047,0.002
164.7201,0.002
164.7525,0.002
164.768,0.002
164.7836,0.002
164.8008,0.002
164.8326,0.002
164.8467,0.002
164.8626,0.002
164.8806,0.002
164.912,0.002
164.9186,0.002
164.9419,0.002
164.9548,0.002
164.9867,0.002
165.0085,0.002
165.014,0.002
165.0301,0.002
165.0616,0.002
165.0775,0.002
165.104,0.002
165.1192,0.002
165.1518,0.002
165.1688,0.002
165.18,0.002
165.1958,0.002
165.2275,0.002
165.2433,0.002
165.2592,0.002
165.2749,0.002
165.3068,0.002
165.3227,0.002
165.3407,0.002
165.3552,0.002
165.3804,0.002
165.3961,0.002
165.4192,0.002
165.4404,0.002
165.4718,0.002
165.4864,0.002
165.5044,0.002
165.5151,0.002
165.5374,0.002
165.5672,0.002
165.5815,0.001
165.6011,0.001
165.6247,0.001
165.6487,0.001
165.6643,0.001
165.6796,0.001
165.7118,0.001
165.7196,0.001
165.7355,0.001
165.7513,0.001
165.7889,0.001
165.7986,0.001
165.824,0.001
165.8356,0.001
165.8667,0.001
165.8796,0.001
165.9047,0.001
165.9184,0.001
165.9517,0.001
165.9677,0.001
165.9816,0.001
165.9998,0.001
166.0327,0.001
166.0487,0.001
166.0634,0.001
166.0785,0.001
166.1116,0.001
166.125,0.002
166.1407,0.002
166.1564,0.002
166.1931,0.002
166.2084,0.002
166.2237,0.002
166.2391,0.002
166.273,0.002
166.2852,0.002
166.2981,0.002
166.318,0.002
166.353,0.002
166.3606,0.002
166.3829,0.002
166.3924,0.002
166.4323,0.002
166.4403,0.002
166.4562,0.002
166.4721,0.002
166.5036,0.002
166.5194,0.002
166.5352,0.002
166.5601,0.002
166.5932,0.002
166.6073,0.002
166.618,0.002
166.634,0.002
166.6659,0.002
166.6839,0.002
166.6979,0.002
166.7137,0.002
166.7451,0.002
166.7609,0.002
166.7848,0.002
166.7967,0.002
166.8287,0.002
166.8428,0.002
166.8596,0.002
166.8723,0.002
166.9121,0.002
166.9266,0.002
166.9449,0.002
166.9603,0.002
166.9931,0.002
167.0005,0.002
167.0185,0.002
167.0399,0.002
167.071,0.002
167.0884,0.002
167.1036,0.002
167.1207,0.002
167.1527,0.002
167.1678,0.002
167.1847,0.002
167.2008,0.002
167.2305,0.002
167.2472,0.002
167.2633,0.002
167.2731,0.002
167.2975,0.002
167.3135,0.002
167.345,0.002
167.3607,0.002
167.3925,0.002
167.4091,0.002
167.4245,0.002
167.4405,0.002
167.4728,0.002
167.4889,0.002
167.5041,0.002
167.5205,0.002
167.5517,0.002
167.5686,0.002
167.5836,0.002
167.6001,0.002
167.6316,0.002
167.6476,0.002
167.6498,0.002
167.6799,0.002
167.7079,0.002
167.7267,0.002
167.7453,0.002
167.7608,0.002
167.7925,0.002
167.8085,0.002
167.8245,0.002
167.8405,0.002
167.8719,0.002
167.8879,0.002
167.9045,0.001
167.9194,0.001
167.9507,0.001
167.9665,0.001
167.9825,0.001
167.9983,0.001
168.0319,0.001
168.0462,0.001
168.0641,0.001
168.0798,0.001
168.1098,0.001
168.1286,0.001
168.143,0.001
168.1603,0.001
168.1907,0.001
168.1975,0.001
168.2135,0.001
168.2354,0.001
168.2702,0.001
168.2877,0.001
168.3036,0.001
168.3179,0.001
168.3528,0.001
168.3605,0.001
168.3722,0.001
168.3983,0.001
168.4328,0.001
168.4444,0.001
168.4569,0.001
168.4756,0.001
168.4988,0.001
168.5281,0.001
168.5399,0.001
168.5596,0.001
168.5888,0.001
168.6091,0.001
168.623,0.001
168.6398,0.001
168.6728,0.001
168.6849,0.001
168.7037,0.001
168.7199,0.001
168.7528,0.001
168.7686,0.001
168.7845,0.001
168.7981,0.001
168.8304,0.001
168.8435,0.001
168.864,0.001
168.8794,0.001
168.9129,0.001
168.9283,0.001
168.9407,0.001
168.9611,0.001
168.9892,0.001
169.0028,0.001
169.0241,0.001
169.0378,0.001
169.0723,0.001
169.0865,0.001
169.1028,0.001
169.1209,0.001
169.1508,0.001
169.163,0.001
169.1838,0.001
169.1989,0.001
169.2323,0.001
169.2463,0.001
169.2623,0.001
169.2806,0.001
169.3101,0.001
169.3292,0.001
169.3441,0.001
169.3593,0.001
169.3927,0.001
169.4065,0.001
169.4205,0.001
169.4403,0.001
169.4713,0.001
169.4889,0.001
169.505,0.001
169.5211,0.001
169.552,0.001
169.5657,0.001
169.5796,0.001
169.601,0.001
169.6281,0.001
169.6417,0.001
169.6625,0.001
169.6768,0.001
169.7114,0.001
169.7265,0.001
169.7402,0.001
169.76,0.001
169.7878,0.001
169.8059,0.001
169.8249,0.001
169.8379,0.001
169.8726,0.001
169.8864,0.001
169.9001,0.001
169.9195,0.001
169.9522,0.001
169.968,0.001
169.9836,0.001
169.9977,0.001
170.0309,0.001
170.0464,0.001
170.06,0.001
170.0806,0.001
170.107,0.001
170.1287,0.001
170.1437,0.001
170.1556,0.001
170.1902,0.001
170.2043,0.001
170.225,0.001
170.2397,0.001
170.2718,0.001
170.2882,0.001
170.2956,0.001
170.321,0.001
170.3527,0.001
170.3689,0.001
170.3846,0.001
170.3986,0.001
170.4303,0.001
170.4488,0.002
170.4639,0.002
170.4764,0.002
170.5116,0.002
170.5236,0.002
170.5448,0.002
170.5583,0.002
170.5931,0.002
170.6075,0.002
170.6139,0.002
170.6368,0.002
170.6694,0.002
170.6843,0.002
170.705,0.002
170.7189,0.002
170.7515,0.002
170.7656,0.002
170.7851,0.002
170.7998,0.002
170.8331,0.002
170.8442,0.002
170.8646,0.002
170.8787,0.002
170.9075,0.002
170.9264,0.002
170.9418,0.002
170.9555,0.002
170.987,0.002
171.003,0.002
171.0188,0.002
171.0346,0.002
171.0664,0.002
171.0822,0.002
171.1045,0.002
171.1077,0.002
171.1516,0.002
171.1655,0.002
171.184,0.002
171.1974,0.002
171.2328,0.002
171.2427,0.002
171.2605,0.002
171.2789,0.002
171.3125,0.002
171.3291,0.002
171.344,0.002
171.3606,0.002
171.3917,0.002
171.4065,0.002
171.4248,0.002
171.4402,0.002
171.4727,0.002
171.4889,0.002
171.5036,0.002
171.5207,0.002
171.5523,0.002
171.569,0.002
171.583,0.002
171.6,0.002
171.6318,0.002
171.6483,0.002
171.6638,0.002
171.6802,0.002
171.7126,0.002
171.7259,0.002
171.7422,0.002
171.761,0.002
171.7883,0.002
171.8083,0.002
171.8233,0.002
171.8362,0.002
171.8723,0.002
171.8883,0.002
171.8986,0.002
171.9205,0.002
171.9499,0.002
171.9685,0.002
171.9839,0.002
171.9977,0.002
172.0328,0.002
172.0465,0.002
172.0636,0.002
172.0791,0.002
172.1098,0.002
172.1277,0.002
172.1443,0.002
172.1579,0.002
172.1926,0.002
172.2071,0.002
172.225,0.002
172.2399,0.002
172.2679,0.002
172.2887,0.002
172.3028,0.002
172.3177,0.002
172.3508,0.002
172.3653,0.002
172.3852,0.002
172.401,0.002
172.4287,0.002
172.4484,0.002
172.4626,0.002
172.4785,0.002
172.5115,0.002
172.5269,0.002
172.5443,0.002
172.5595,0.002
172.5932,0.002
172.6069,0.002
172.6185,0.002
172.6342,0.002
172.666,0.002
172.6848,0.002
172.698,0.002
172.7184,0.002
172.7476,0.002
172.7616,0.002
172.7813,0.002
172.7938,0.002
172.8182,0.002
172.8341,0.002
172.8638,0.002
172.879,0.002
172.913,0.002
172.9278,0.002
172.9445,0.002
172.9611,0.002
172.9932,0.002
173.008,0.002
173.024,0.002
173.0378,0.002
173.0694,0.002
173.0874,0.002
173.105,0.002
173.121,0.002
173.1485,0.002
173.1631,0.002
173.1763,0.002
173.1877,0.002
173.2276,0.002
173.2466,0.002
173.2604,0.002
173.2763,0.002
173.3097,0.002
173.3261,0.002
173.342,0.002
173.3601,0.002
173.3901,0.002
173.4061,0.002
173.4221,0.002
173.4382,0.002
173.4711,0.002
173.4851,0.002
173.5012,0.002
173.5188,0.002
173.5485,0.002
173.5645,0.002
173.5829,0.002
173.601,0.002
173.6322,0.002
173.6477,0.002
173.6646,0.002
173.6711,0.002
173.713,0.002
173.7275,0.002
173.7438,0.002
173.7611,0.002
173.7911,0.002
173.8088,0.002
173.8226,0.002
173.841,0.002
173.8713,0.002
173.8856,0.002
173.9042,0.002
173.9208,0.002
173.9482,0.002
173.969,0.002
173.9845,0.002
174.0005,0.002
174.0309,0.002
174.0478,0.002
174.0652,0.002
174.0807,0.002
174.1072,0.002
174.1281,0.002
174.144,0.002
174.1558,0.002
174.1906,0.002
174.2044,0.002
174.2249,0.002
174.2391,0.002
174.2668,0.002
174.2879,0.002
174.3018,0.002
174.3156,0.002
174.3529,0.002
174.3691,0.002
174.385,0.002
174.3988,0.002
174.4331,0.002
174.4475,0.002
174.4636,0.002
174.4752,0.002
174.5103,0.001
174.5266,0.001
174.5447,0.001
174.5609,0.001
174.5929,0.001
174.6018,0.001
174.6181,0.001
174.6406,0.001
174.6721,0.001
174.6891,0.001
174.705,0.001
174.721,0.001
174.7526,0.001
174.7686,0.001
174.7846,0.001
174.8006,0.001
174.8328,0.001
174.8488,0.001
174.8648,0.001
174.8808,0.001
174.9128,0.001
174.9286,0.001
174.9449,0.001
174.9605,0.001
174.9923,0.001
175.0091,0.001
175.0245,0.001
175.0411,0.001
175.0728,0.001
175.089,0.001
175.1045,0.001
175.1203,0.001
175.153,0.001
175.1684,0.001
175.1844,0.001
175.2004,0.001
175.2324,0.001
175.2487,0.001
175.2647,0.001
175.2812,0.001
175.3132,0.001
175.3286,0.001
175.3451,0.001
175.361,0.001
175.3928,0.001
175.4088,0.001
175.4248,0.001
175.441,0.001
175.4728,0.001
175.4888,0.001
175.5048,0.001
175.5211,0.001
175.5521,0.001
175.5683,0.001
175.5852,0.001
175.6002,0.002
175.6323,0.002
175.6491,0.002
175.6642,0.002
175.6805,0.002
175.7128,0.002
175.7281,0.002
175.7451,0.002
175.7608,0.001
175.7929,0.001
175.8091,0.001
175.8251,0.001
175.8405,0.001
175.8724,0.001
175.8884,0.001
175.9044,0.001
175.9204,0.001
175.9531,0.001
175.9691,0.001
175.9851,0.001
176.0011,0.001
176.0331,0.001
176.0486,0.001
176.0651,0.001
176.0811,0.001
176.1128,0.001
176.1288,0.001
176.1448,0.001
176.1608,0.001
176.1929,0.002
176.2089,0.002
176.2249,0.002
176.2411,0.002
176.2732,0.002
176.2887,0.002
176.305,0.002
176.321,0.002
176.3532,0.002
176.3684,0.002
176.3844,0.002
176.4004,0.002
176.4328,0.002
176.4484,0.002
176.4644,0.002
176.4804,0.002
176.5124,0.002
176.5281,0.002
176.5447,0.002
176.5607,0.002
176.5871,0.002
176.6067,0.002
176.6237,0.002
176.636,0.002
176.6725,0.002
176.6888,0.002
176.7048,0.002
176.7208,0.002
176.7532,0.002
176.7692,0.002
176.7852,0.002
176.8012,0.002
176.8326,0.002
176.8486,0.002
176.8644,0.002
176.8804,0.002
176.9129,0.002
176.9289,0.002
176.9445,0.002
176.9605,0.002
176.9925,0.002
177.0085,0.002
177.0238,0.002
177.0407,0.002
177.0728,0.002
177.0892,0.002
177.1041,0.002
177.1211,0.002
177.1526,0.002
177.1687,0.002
177.185,0.002
177.2009,0.002
177.2323,0.002
177.2484,0.002
177.2649,0.002
177.2811,0.002
177.3127,0.002
177.3285,0.002
177.3445,0.002
177.3604,0.002
177.3931,0.002
177.4083,0.002
177.4244,0.002
177.4403,0.002
177.4724,0.002
177.4885,0.002
177.505,0.002
177.521,0.002
177.5531,0.002
177.5692,0.002
177.5846,0.002
177.6004,0.002
177.6324,0.002
177.6487,0.002
177.6647,0.002
177.6804,0.002
177.7129,0.002
177.7283,0.002
177.7447,0.002
177.7609,0.002
177.7931,0.002
177.8088,0.002
177.8244,0.002
177.8409,0.002
177.8731,0.002
177.8888,0.002
177.9048,0.002
177.9204,0.001
177.9525,0.001
177.9685,0.001
177.9846,0.001
178.0009,0.001
178.0329,0.001
178.0489,0.001
178.0644,0.001
178.0804,0.001
178.1126,0.001
178.1282,0.001
178.1452,0.001
178.1607,0.001
178.1925,0.001
178.2085,0.001
178.2246,0.001
178.2412,0.001
178.2726,0.001
178.2892,0.001
178.3042,0.001
178.3205,0.001
178.3529,0.001
178.369,0.002
178.384,0.002
178.4003,0.002
178.4322,0.002
178.4486,0.002
178.4639,0.002
178.4804,0.002
178.5127,0.002
178.5289,0.002
178.5449,0.002
178.5609,0.002
178.5928,0.002
178.6082,0.002
178.6251,0.002
178.6411,0.002
178.6731,0.002
178.6887,0.002
178.7052,0.002
178.7212,0.002
178.7527,0.002
178.769,0.002
178.7852,0.002
178.8003,0.002
178.8329,0.002
178.8489,0.002
178.8642,0.002
178.8812,0.002
178.9132,0.002
178.9286,0.002
178.9446,0.002
178.9606,0.002
178.9926,0.002
179.0086,0.002
179.0244,0.002
179.0409,0.002
179.0727,0.002
179.0887,0.002
179.1047,0.002
179.1211,0.002
179.1531,0.002
179.1691,0.002
179.1843,0.002
179.2004,0.002
179.233,0.002
179.2484,0.002
179.2644,0.002
179.2805,0.002
179.3127,0.002
179.3282,0.002
179.3448,0.002
179.3612,0.002
179.3923,0.002
179.4081,0.002
179.4249,0.002
179.4402,0.002
179.4726,0.002
179.4886,0.002
179.5047,0.002
179.5203,0.002
179.5532,0.002
179.5683,0.002
179.5843,0.002
179.6003,0.002
179.6328,0.002
179.6488,0.002
179.6648,0.002
179.6812,0.002
179.7132,0.002
179.7292,0.002
179.7452,0.002
179.7612,0.002
179.7927,0.002
179.8092,0.002
179.8245,0.002
179.841,0.002
179.8732,0.002
179.8891,0.002
179.9048,0.002
179.9211,0.002
179.9529,0.002
179.9683,0.002
179.9843,0.002
180.0012,0.002
180.0332,0.002
180.0492,0.002
180.0652,0.002
180.0812,0.002
180.1126,0.002
180.1286,0.002
180.1439,0.002
180.1599,0.002
180.1928,0.002
180.209,0.002
180.2251,0.002
180.2408,0.002
180.2731,0.002
180.2883,0.002
180.3043,0.002
180.3207,0.002
180.3524,0.002
180.3684,0.002
180.3844,0.002
180.4004,0.002
180.433,0.002
180.4489,0.002
180.4649,0.002
180.4804,0.002
180.5127,0.002
180.5287,0.002
180.5447,0.002
180.5607,0.002
180.5926,0.002
180.6091,0.002
180.6251,0.002
180.6411,0.002
180.6731,0.002
180.6891,0.002
180.7041,0.002
180.7207,0.002
180.7527,0.002
180.7688,0.002
180.7842,0.002
180.8004,0.002
180.8325,0.002
180.8491,0.002
180.8649,0.002
180.8803,0.002
180.913,0.002
180.9287,0.002
180.9445,0.002
180.9608,0.002
180.9931,0.002
181.0091,0.002
181.0251,0.002
181.0411,0.002
181.0722,0.002
181.0883,0.002
181.1045,0.002
181.121,0.002
181.1529,0.002
181.1681,0.002
181.1853,0.002
181.2006,0.002
181.233,0.002
181.2487,0.002
181.2646,0.002
181.2812,0.002
181.3132,0.002
181.3293,0.002
181.3448,0.002
181.3611,0.002
181.3931,0.002
181.4091,0.002
181.4251,0.002
181.4411,0.002
181.4728,0.002
181.4888,0.002
181.505,0.002
181.521,0.002
181.5531,0.002
181.5691,0.002
181.5851,0.002
181.6006,0.002
181.6326,0.002
181.6486,0.002
181.6646,0.002
181.6806,0.002
181.713,0.002
181.729,0.002
181.7444,0.002
181.7604,0.002
181.7929,0.002
181.8088,0.002
181.8251,0.002
181.8403,0.002
181.8731,0.002
181.8886,0.002
181.9045,0.002
181.9205,0.002
181.953,0.002
181.969,0.002
181.985,0.002
182.0012,0.002
182.0324,0.002
182.0487,0.002
182.0643,0.002
182.0809,0.002
182.1124,0.002
182.1289,0.002
182.1444,0.002
182.161,0.002
182.193,0.002
182.2085,0.002
182.2243,0.002
182.2406,0.002
182.2731,0.002
182.289,0.002
182.3048,0.002
182.3206,0.002
182.3529,0.002
182.3691,0.002
182.385,0.002
182.4006,0.002
182.4327,0.002
182.4491,0.002
182.4647,0.002
182.4812,0.002
182.5132,0.002
182.5292,0.002
182.5444,0.002
182.5607,0.002
182.5925,0.002
182.6091,0.002
182.6246,0.002
182.6412,0.002
182.6728,0.002
182.6891,0.002
182.7049,0.002
182.7208,0.002
182.7527,0.002
182.7691,0.002
182.7851,0.002
182.8006,0.002
182.8352,0.002
182.8483,0.002
182.8645,0.002
182.8805,0.002
182.9132,0.002
182.9285,0.002
182.9447,0.002
182.9608,0.002
182.993,0.002
183.0087,0.002
183.0245,0.002
183.0407,0.002
183.073,0.002
183.0879,0.002
183.1044,0.002
183.1206,0.002
183.1523,0.002
183.1685,0.002
183.1853,0.002
183.2012,0.002
183.233,0.002
183.249,0.002
183.265,0.002
183.2805,0.002
183.3123,0.002
183.3287,0.002
183.3447,0.002
183.3612,0.002
183.3924,0.002
183.4088,0.002
183.4248,0.002
183.4407,0.002
183.473,0.002
183.4888,0.002
183.5041,0.002
183.5211,0.002
183.5529,0.002
183.568,0.002
183.5848,0.002
183.6011,0.002
183.6332,0.002
183.6487,0.002
183.6649,0.002
183.6807,0.002
183.7131,0.002
183.7286,0.002
183.7445,0.002
183.7609,0.002
183.7926,0.001
183.8085,0.001
183.8249,0.001
183.8403,0.001
183.8727,0.001
183.8893,0.001
183.9047,0.001
183.9204,0.001
183.953,0.001
183.9687,0.001
183.9845,0.001
184.0007,0.001
184.0324,0.001
184.048,0.001
184.0648,0.001
184.0806,0.001
184.113,0.001
184.1285,0.001
184.1452,0.001
184.1604,0.001
184.1932,0.001
184.2085,0.001
184.224,0.001
184.241,0.001
184.2727,0.001
184.2889,0.001
184.3051,0.001
184.3205,0.001
184.3531,0.002
184.3691,0.002
184.3847,0.002
184.4006,0.002
184.4324,0.002
184.4486,0.002
184.4649,0.002
184.4805,0.002
184.5127,0.001
184.5284,0.001
184.5447,0.001
184.5606,0.001
184.5931,0.001
184.6085,0.001
184.6243,0.001
184.6406,0.001
184.6732,0.001
184.6887,0.001
184.7049,0.001
184.7202,0.001
184.7529,0.001
184.7688,0.001
184.7852,0.001
184.801,0.001
184.8328,0.001
184.8493,0.001
184.8646,0.001
184.8812,0.001
184.9121,0.001
184.929,0.001
184.9446,0.001
184.961,0.001
184.9926,0.001
185.0083,0.001
185.0252,0.001
185.0411,0.001
185.0722,0.001
185.0888,0.001
185.1045,0.001
185.1207,0.001
185.1524,0.001
185.1689,0.001
185.1852,0.001
185.2012,0.001
185.2332,0.001
185.2484,0.001
185.2644,0.001
185.2801,0.001
185.3132,0.001
185.3287,0.001
185.3451,0.001
185.361,0.001
185.3927,0.001
185.4085,0.001
185.4243,0.001
185.4403,0.001
185.4722,0.001
185.4888,0.001
185.5048,0.001
185.5211,0.001
185.5534,0.001
185.5685,0.001
185.5847,0.001
185.6003,0.001
185.6325,0.001
185.6489,0.001
185.6644,0.001
185.6812,0.001
185.7127,0.001
185.7291,0.001
185.7449,0.001
185.7607,0.001
185.7923,0.001
185.8084,0.001
185.8247,0.001
185.8407,0.001
185.873,0.001
185.8888,0.001
185.9046,0.001
185.9205,0.001
185.9526,0.001
185.9686,0.001
185.9845,0.001
186.0004,0.001
186.0328,0.001
186.0488,0.001
186.0645,0.001
186.08,0.001
186.1128,0.001
186.1288,0.001
186.1452,0.001
186.1609,0.001
186.1927,0.001
186.2083,0.001
186.2244,0.001
186.2405,0.001
186.2728,0.001
186.2887,0.001
186.305,0.001
186.321,0.001
186.3531,0.001
186.3689,0.001
186.3853,0.001
186.401,0.001
186.4327,0.001
186.4492,0.001
186.4644,0.001
186.4804,0.001
186.513,0.001
186.5285,0.001
186.5445,0.001
186.5608,0.001
186.5929,0.001
186.6085,0.001
186.6247,0.001
186.6406,0.001
186.6733,0.001
186.6885,0.001
186.7051,0.001
186.7207,0.001
186.7532,0.001
186.7684,0.001
186.7845,0.001
186.8002,0.001
186.8325,0.001
186.8483,0.001
186.8651,0.001
186.881,0.001
186.9116,0.001
186.9285,0.001
186.9447,0.001
186.961,0.001
186.9931,0.001
187.0091,0.001
187.0247,0.001
187.0406,0.001
187.0726,0.001
187.089,0.001
187.105,0.001
187.1207,0.001
187.1529,0.001
187.1685,0.001
187.1851,0.001
187.2006,0.001
187.2323,0.001
187.2489,0.001
187.2652,0.001
187.2803,0.001
187.3132,0.001
187.3288,0.001
187.3447,0.001
187.3612,0.001
187.3932,0.001
187.4092,0.001
187.4244,0.001
187.4408,0.001
187.4729,0.001
187.4892,0.001
187.5043,0.001
187.521,0.001
187.5523,0.001
187.5685,0.001
187.5852,0.001
187.6007,0.001
187.6327,0.001
187.6485,0.001
187.6653,0.001
187.6804,0.001
187.7132,0.001
187.7291,0.001
187.7451,0.001
187.761,0.001
187.7933,0.001
187.8093,0.001
187.8247,0.001
187.841,0.001
187.8731,0.001
187.8885,0.001
187.9047,0.001
187.9207,0.001
187.9532,0.001
187.9678,0.001
187.9843,0.001
188.0004,0.001
188.0326,0.001
188.049,0.001
188.0646,0.001
188.0809,0.001
188.1129,0.001
188.1288,0.001
188.145,0.001
188.1604,0.001
188.1925,0.002
188.2087,0.002
188.2249,0.002
188.2412,0.002
188.273,0.002
188.2888,0.002
188.3045,0.002
188.3202,0.002
188.3532,0.002
188.3692,0.002
188.384,0.002
188.4012,0.002
188.4327,0.002
188.4491,0.002
188.4638,0.002
188.4804,0.002
188.5131,0.002
188.5292,0.002
188.5451,0.002
188.5608,0.002
188.5933,0.002
188.6088,0.002
188.6249,0.002
188.6413,0.002
188.6725,0.002
188.689,0.002
188.7051,0.002
188.7203,0.002
188.7519,0.002
188.768,0.002
188.7848,0.002
188.8009,0.002
188.8328,0.002
188.849,0.002
188.8647,0.002
188.8804,0.002
188.9126,0.002
188.9286,0.002
188.9447,0.002
188.9611,0.002
188.9932,0.002
189.0092,0.002
189.0252,0.002
189.0412,0.002
189.0731,0.002
189.0892,0.002
189.1047,0.002
189.1208,0.002
189.1531,0.002
189.1692,0.002
189.1852,0.002
189.2008,0.002
189.2325,0.002
189.2484,0.002
189.2644,0.002
189.2804,0.002
189.313,0.002
189.3284,0.002
189.3445,0.002
189.3611,0.002
189.393,0.002
189.4086,0.002
189.4251,0.002
189.4407,0.002
189.4732,0.002
189.4892,0.002
189.5042,0.002
189.5207,0.002
189.5533,0.002
189.5692,0.002
189.5845,0.002
189.6011,0.002
189.6326,0.002
189.6486,0.002
189.6652,0.002
189.6811,0.002
189.7126,0.002
189.7292,0.002
189.7447,0.002
189.7611,0.002
189.7928,0.002
189.8084,0.002
189.8247,0.002
189.8409,0.002
189.8733,0.002
189.8892,0.002
189.9044,0.002
189.9208,0.002
189.9526,0.002
189.9688,0.002
189.9847,0.002
190.0008,0.002
190.0329,0.002
190.0489,0.002
190.0646,0.002
190.0806,0.002
190.1131,0.002
190.1288,0.002
190.1451,0.002
190.1611,0.002
190.1924,0.002
190.2089,0.002
190.2248,0.002
190.2409,0.002
190.2721,0.002
190.2893,0.002
190.3051,0.002
190.3211,0.002
190.3533,0.002
190.3684,0.002
190.3846,0.002
190.4006,0.002
190.4327,0.002
190.4484,0.002
190.4649,0.002
190.4812,0.002
190.5127,0.002
190.5292,0.002
190.5452,0.002
190.5613,0.002
190.5924,0.002
190.609,0.002
190.6253,0.002
190.64,0.002
190.6731,0.002
190.6887,0.002
190.7045,0.002
190.7207,0.002
190.7526,0.002
190.7693,0.002
190.7851,0.002
190.8007,0.002
190.8332,0.002
190.8493,0.002
190.8645,0.002
190.8809,0.002
190.912,0.002
190.9286,0.002
190.945,0.002
190.9614,0.002
190.9925,0.002
191.0085,0.002
191.0245,0.002
191.0405,0.002
191.0729,0.002
191.0889,0.002
191.1049,0.002
191.1209,0.002
191.1529,0.002
191.1693,0.002
191.1852,0.002
191.2007,0.002
191.2327,0.002
191.2488,0.002
191.2648,0.002
191.2813,0.002
191.3126,0.002
191.3286,0.002
191.3446,0.002
191.3606,0.002
191.3931,0.002
191.4091,0.002
191.4251,0.002
191.4412,0.002
191.4733,0.002
191.4885,0.002
191.5046,0.002
191.521,0.002
191.5528,0.002
191.5688,0.002
191.5853,0.002
191.6011,0.002
191.6331,0.002
191.6491,0.002
191.6645,0.002
191.6808,0.002
191.7118,0.002
191.727,0.002
191.7419,0.002
191.7482,0.002
191.7909,0.002
191.8082,0.002
191.8114,0.002
191.8408,0.002
191.873,0.002
191.889,0.002
191.9046,0.002
191.9206,0.002
191.9532,0.002
191.9689,0.002
191.9849,0.002
192.001,0.002
192.0326,0.002
192.0486,0.002
192.0639,0.002
192.0813,0.002
192.113,0.002
192.129,0.002
192.145,0.002
192.1612,0.002
192.1932,0.002
192.2086,0.002
192.2246,0.002
192.2408,0.002
192.2728,0.002
192.2893,0.002
192.3053,0.002
192.3212,0.002
192.3525,0.002
192.3685,0.002
192.385,0.002
192.401,0.002
192.4328,0.002
192.449,0.002
192.4646,0.002
192.4811,0.002
192.5134,0.002
192.5292,0.002
192.5452,0.002
192.5612,0.002
192.5929,0.002
192.6083,0.002
192.6253,0.002
192.6406,0.002
192.6732,0.002
192.6892,0.002
192.7052,0.002
192.7213,0.002
192.7532,0.002
192.7685,0.002
192.7853,0.002
192.801,0.002
192.8329,0.002
192.8489,0.002
192.8649,0.002
192.8809,0.002
192.9127,0.002
192.9291,0.002
192.9441,0.002
192.961,0.002
192.9925,0.001
193.0088,0.001
193.0246,0.001
193.0404,0.001
193.0724,0.001
193.0884,0.001
193.1052,0.001
193.1208,0.001
193.1529,0.001
193.1692,0.001
193.1844,0.001
193.2008,0.001
193.2328,0.001
193.2491,0.001
193.2651,0.001
193.2806,0.001
193.3129,0.001
193.3285,0.001
193.3447,0.001
193.3611,0.001
193.3925,0.001
193.4086,0.001
193.4245,0.001
193.4411,0.001
193.4733,0.001
193.4887,0.002
193.5048,0.002
193.5209,0.002
193.5526,0.002
193.5689,0.002
193.5843,0.002
193.601,0.002
193.633,0.002
193.6483,0.002
193.6649,0.002
193.6809,0.002
193.7129,0.002
193.7291,0.002
193.7451,0.002
193.7611,0.002
193.7932,0.002
193.8086,0.002
193.8249,0.002
193.8412,0.002
193.8725,0.002
193.8891,0.002
193.9053,0.002
193.9201,0.002
193.9532,0.002
193.9687,0.002
193.9848,0.002
194.0006,0.002
194.0332,0.002
194.0485,0.002
194.0649,0.002
194.0807,0.002
194.1125,0.002
194.1291,0.002
194.1447,0.002
194.1608,0.002
194.1928,0.002
194.2088,0.002
194.2248,0.002
194.2408,0.002
194.2732,0.002
194.2888,0.002
194.3042,0.002
194.3203,0.002
194.3526,0.002
194.3687,0.002
194.3852,0.002
194.4013,0.002
194.4333,0.002
194.449,0.002
194.4652,0.002
194.4806,0.002
194.5132,0.002
194.5291,0.002
194.5453,0.002
194.561,0.002
194.5929,0.002
194.6089,0.002
194.625,0.002
194.6406,0.002
194.6727,0.002
194.6889,0.002
194.7048,0.002
194.7213,0.002
194.7532,0.002
194.7692,0.002
194.7852,0.002
194.8007,0.002
194.8326,0.002
194.8486,0.002
194.865,0.002
194.8812,0.002
194.9133,0.002
194.9293,0.002
194.9447,0.002
194.9612,0.002
194.9925,0.002
195.0088,0.002
195.0249,0.002
195.0409,0.002
195.0729,0.002
195.0889,0.002
195.105,0.002
195.1205,0.002
195.1528,0.002
195.1691,0.002
195.1849,0.002
195.2006,0.002
195.2331,0.002
195.2489,0.002
195.2652,0.002
195.2813,0.002
195.3123,0.002
195.3288,0.002
195.3449,0.002
195.3611,0.002
195.3927,0.002
195.4092,0.002
195.4247,0.002
195.4412,0.002
195.4731,0.002
195.4888,0.002
195.5051,0.002
195.5205,0.002
195.5533,0.002
195.5689,0.002
195.5845,0.002
195.6012,0.002
195.6325,0.002
195.6489,0.002
195.6654,0.002
195.6811,0.002
195.7132,0.002
195.7286,0.002
195.7447,0.002
195.7613,0.002
195.7927,0.002
195.809,0.002
195.8245,0.002
195.8406,0.002
195.8725,0.002
195.8887,0.002
195.9048,0.002
195.9208,0.002
195.9534,0.002
195.9684,0.002
195.9848,0.002
196.0013,0.002
196.0331,0.002
196.0491,0.002
196.0651,0.002
196.0811,0.002
196.1125,0.002
196.1294,0.002
196.1444,0.002
196.1613,0.002
196.1928,0.002
196.2087,0.002
196.2248,0.002
196.2408,0.002
196.2731,0.002
196.2885,0.002
196.3047,0.002
196.3207,0.002
196.3532,0.002
196.3691,0.002
196.3852,0.002
196.4006,0.002
196.433,0.002
196.4487,0.002
196.4651,0.002
196.4807,0.002
196.5127,0.002
196.5292,0.002
196.5453,0.002
196.5613,0.002
196.5927,0.002
196.6087,0.002
196.6249,0.002
196.6403,0.002
196.6726,0.002
196.6886,0.002
196.7046,0.002
196.72,0.002
196.7525,0.002
196.7683,0.002
196.7843,0.002
196.8003,0.002
196.8321,0.002
196.8482,0.002
196.8639,0.002
196.8799,0.002
196.9127,0.002
196.9288,0.002
196.9448,0.002
196.9609,0.002
196.993,0.002
197.009,0.002
197.0253,0.002
197.0413,0.002
197.0724,0.002
197.0887,0.002
197.1048,0.002
197.121,0.002
197.1531,0.002
197.1693,0.002
197.1845,0.002
197.2009,0.002
197.2329,0.002
197.2489,0.002
197.2644,0.002
197.2801,0.002
197.3127,0.002
197.3289,0.002
197.3451,0.002
197.3609,0.002
197.393,0.002
197.4086,0.002
197.4246,0.002
197.4405,0.002
197.4728,0.002
197.489,0.002
197.505,0.002
197.5208,0.002
197.553,0.002
197.5691,0.002
197.5849,0.002
197.6012,0.002
197.6331,0.002
197.6492,0.002
197.665,0.002
197.6814,0.002
197.7124,0.002
197.7285,0.002
197.7445,0.002
197.761,0.002
197.7927,0.002
197.8088,0.002
197.8248,0.002
197.8408,0.002
197.8733,0.002
197.8893,0.002
197.9048,0.002
197.9205,0.002
197.9527,0.002
197.9687,0.002
197.9853,0.002
198.001,0.002
198.0324,0.002
198.0494,0.002
198.0645,0.002
198.0805,0.002
198.1125,0.002
198.1286,0.002
198.1448,0.002
198.1612,0.002
198.1929,0.002
198.2089,0.002
198.2252,0.002
198.2411,0.002
198.2725,0.002
198.2892,0.002
198.3054,0.002
198.3213,0.002
198.3534,0.002
198.3689,0.002
198.3849,0.002
198.4009,0.002
198.4329,0.002
198.4489,0.002
198.4652,0.002
198.4812,0.002
198.5128,0.002
198.5291,0.002
198.5451,0.002
198.5613,0.002
198.5928,0.002
198.6088,0.002
198.6242,0.002
198.6405,0.002
198.673,0.002
198.6888,0.002
198.7049,0.002
198.7213,0.001
198.7527,0.001
198.7688,0.001
198.785,0.001
198.801,0.001
198.8328,0.001
198.8486,0.001
198.8645,0.001
198.8806,0.001
198.9127,0.001
198.9294,0.001
198.945,0.001
198.9608,0.001
198.9927,0.001
199.0084,0.001
199.0253,0.001
199.0411,0.001
199.0724,0.001
199.0894,0.001
199.1051,0.001
199.1209,0.001
199.1528,0.001
199.1692,0.001
199.1853,0.001
199.2013,0.001
199.2333,0.001
199.2494,0.001
199.2654,0.001
199.2812,0.001
199.3128,0.001
199.3291,0.001
199.3448,0.001
199.3611,0.001
199.3928,0.001
199.4091,0.001
199.4247,0.001
199.4413,0.001
199.4725,0.001
199.4888,0.001
199.5048,0.001
199.5208,0.001
199.553,0.001
199.5691,0.001
199.5851,0.001
199.6007,0.001
199.633,0.001
199.6491,0.001
199.665,0.001
199.6813,0.001
199.7127,0.001
199.7287,0.001
199.7448,0.001
199.7605,0.001
199.7929,0.001
199.8094,0.001
199.825,0.001
199.841,0.001
199.8732,0.001
199.8892,0.001
199.9053,0.001
199.9212,0.001
199.9528,0.001
199.9687,0.001
199.9846,0.001
200.0006,0.001
200.0333,0.001
200.0493,0.001
200.0652,0.001
200.0807,0.001
200.1132,0.001
200.1292,0.001
200.1444,0.001
200.1608,0.001
200.1926,0.001
200.2086,0.001
200.2246,0.001
200.241,0.001
200.2728,0.001
200.2883,0.001
200.3053,0.001
200.3215,0.001
200.353,0.001
200.3691,0.001
200.385,0.001
200.4014,0.001
200.4328,0.001
200.4482,0.001
200.4651,0.001
200.4811,0.001
200.5127,0.001
200.5287,0.001
200.5447,0.001
200.5607,0.001
200.5925,0.001
200.6085,0.001
200.6255,0.001
200.6405,0.001
200.6731,0.001
200.6891,0.001
200.7048,0.001
200.7209,0.001
200.753,0.001
200.7686,0.001
200.7851,0.001
200.8011,0.001
200.833,0.001
200.849,0.001
200.865,0.001
200.8813,0.001
200.9125,0.001
200.9285,0.001
200.9449,0.001
200.9611,0.001
200.9933,0.001
201.0084,0.001
201.025,0.001
201.041,0.001
201.0731,0.001
201.0887,0.001
201.1051,0.001
201.1207,0.001
201.153,0.001
201.1688,0.001
201.1852,0.001
201.2013,0.001
201.2325,0.001
201.249,0.001
201.2651,0.001
201.2807,0.001
201.3124,0.001
201.3288,0.001
201.3445,0.001
201.3608,0.001
201.3926,0.001
201.4084,0.001
201.4251,0.001
201.4411,0.001
201.4731,0.001
201.4891,0.001
201.5052,0.001
201.5213,0.001
201.5527,0.001
201.5687,0.001
201.5851,0.001
201.6006,0.001
201.6334,0.001
201.6482,0.001
201.6649,0.001
201.6809,0.001
201.7132,0.001
201.7292,0.001
201.745,0.001
201.7611,0.001
201.7924,0.001
201.8089,0.001
201.8237,0.001
201.8376,0.001
201.87,0.001
201.8888,0.001
201.904,0.001
201.9185,0.001
201.952,0.001
201.9649,0.001
201.985,0.001
202.0002,0.001
202.0331,0.001
202.0484,0.001
202.0645,0.001
202.0806,0.001
202.1133,0.001
202.1294,0.001
202.1444,0.001
202.1612,0.001
202.1931,0.001
202.2089,0.001
202.2253,0.001
202.2406,0.001
202.2729,0.001
202.2895,0.001
202.3049,0.001
202.3209,0.001
202.3527,0.001
202.3693,0.001
202.3853,0.001
202.4013,0.001
202.4329,0.001
202.4485,0.001
202.4647,0.001
202.4802,0.001
202.513,0.001
202.529,0.001
202.5453,0.001
202.561,0.001
202.5928,0.001
202.6094,0.001
202.6253,0.001
202.6414,0.001
202.6728,0.001
202.6888,0.001
202.7048,0.001
202.7208,0.001
202.7528,0.001
202.7688,0.001
202.7852,0.001
202.8012,0.001
202.8332,0.001
202.8492,0.001
202.865,0.001
202.8814,0.001
202.9133,0.001
202.9293,0.001
202.9446,0.001
202.9608,0.001
202.9928,0.001
203.0089,0.001
203.0254,0.001
203.0411,0.001
203.0731,0.001
203.0893,0.001
203.1053,0.001
203.1207,0.001
203.1526,0.001
203.1687,0.001
203.1853,0.001
203.201,0.001
203.2334,0.001
203.2487,0.001
203.2647,0.001
203.2807,0.001
203.3127,0.001
203.3292,0.001
203.3452,0.001
203.3608,0.001
203.393,0.001
203.4088,0.001
203.4243,0.001
203.4401,0.001
203.472,0.001
203.4893,0.001
203.5047,0.001
203.5207,0.001
203.5533,0.001
203.5688,0.001
203.5848,0.001
203.6008,0.001
203.6333,0.001
203.6488,0.001
203.6651,0.001
203.6806,0.001
203.7133,0.001
203.7284,0.001
203.745,0.001
203.7611,0.001
203.7935,0.001
203.808,0.001
203.8246,0.001
203.841,0.001
203.8723,0.001
203.8886,0.001
203.9051,0.001
203.9212,0.001
203.9533,0.001
203.9687,0.001
203.9847,0.001
204.0011,0.002
204.0331,0.002
204.0491,0.002
204.0647,0.002
204.0811,0.001
204.1131,0.001
204.1291,0.001
204.1452,0.001
204.1603,0.001
204.1929,0.001
204.209,0.001
204.2248,0.001
204.2413,0.001
204.2728,0.001
204.2892,0.001
204.3042,0.001
204.3208,0.001
204.3523,0.001
204.3684,0.001
204.3845,0.001
204.4008,0.001
204.4331,0.001
204.4494,0.001
204.4651,0.001
204.4809,0.001
204.5134,0.001
204.5294,0.001
204.5453,0.001
204.5613,0.001
204.5933,0.001
204.6093,0.001
204.6253,0.001
204.6413,0.001
204.6733,0.001
204.6893,0.001
204.7053,0.001
204.7213,0.001
204.7533,0.001
204.7693,0.001
204.7853,0.001
204.8013,0.001
204.8333,0.001
204.8493,0.001
204.8653,0.001
204.8813,0.001
204.9133,0.001
204.9293,0.001
204.9453,0.001
204.9613,0.001
204.9933,0.001
205.0093,0.001
205.0253,0.001
205.0413,0.001
205.0733,0.001
205.0893,0.001
205.1053,0.001
205.1213,0.001
205.152,0.001
205.1693,0.001
205.1853,0.001
205.2006,0.001
205.2332,0.001
205.2492,0.001
205.2652,0.001
205.2812,0.001
205.3128,0.001
205.3288,0.001
205.3448,0.001
205.3608,0.001
205.3928,0.001
205.4088,0.001
205.4246,0.001
205.4406,0.001
205.4732,0.001
205.4891,0.001
205.5051,0.001
205.5211,0.001
205.5531,0.001
205.5691,0.001
205.5851,0.001
205.6011,0.001
205.6331,0.001
205.6491,0.001
205.6651,0.001
205.6811,0.001
205.712,0.001
205.7295,0.001
205.7445,0.001
205.7605,0.001
205.7934,0.001
205.8094,0.001
205.8254,0.001
205.8414,0.001
205.8734,0.001
205.8894,0.001
205.9054,0.001
205.9214,0.002
205.9534,0.002
205.9694,0.002
205.9854,0.002
206.0014,0.002
206.0334,0.002
206.0494,0.002
206.0654,0.002
206.0814,0.002
206.1134,0.002
206.1294,0.002
206.1454,0.002
206.1614,0.002
206.1934,0.002
206.2094,0.002
206.2254,0.002
206.2414,0.002
206.2734,0.002
206.289,0.002
206.305,0.002
206.321,0.002
206.353,0.002
206.369,0.002
206.385,0.002
206.401,0.002
206.433,0.002
206.449,0.002
206.465,0.002
206.481,0.002
206.513,0.002
206.529,0.002
206.545,0.002
206.561,0.002
206.593,0.002
206.609,0.002
206.625,0.002
206.641,0.002
206.673,0.002
206.689,0.002
206.705,0.002
206.721,0.002
206.753,0.002
206.769,0.002
206.785,0.002
206.801,0.002
206.833,0.002
206.849,0.002
206.865,0.002
206.881,0.002
206.9118,0.002
206.9201,0.002
206.936,0.002
206.9518,0.002
206.9834,0.002
206.9991,0.002
207.015,0.002
207.0413,0.002
207.0727,0.002
207.0886,0.002
207.1045,0.002
207.1205,0.002
207.1535,0.002
207.1685,0.002
207.1855,0.002
207.2015,0.002
207.2335,0.002
207.2485,0.002
207.2655,0.002
207.2805,0.002
207.3131,0.002
207.3291,0.002
207.3451,0.002
207.3611,0.002
207.3931,0.002
207.4091,0.002
207.4251,0.002
207.4411,0.002
207.4731,0.002
207.4891,0.002
207.5051,0.002
207.5211,0.002
207.5531,0.002
207.5691,0.002
207.5851,0.002
207.6011,0.002
207.6331,0.002
207.6491,0.002
207.6651,0.002
207.6811,0.002
207.7131,0.002
207.7291,0.002
207.7451,0.002
207.7611,0.002
207.7931,0.002
207.8091,0.002
207.8251,0.002
207.8411,0.002
207.8731,0.002
207.8891,0.002
207.9051,0.002
207.9211,0.002
207.9531,0.002
207.9691,0.002
207.9851,0.002
208.0011,0.002
208.0331,0.002
208.0491,0.002
208.0651,0.002
208.0811,0.002
208.1131,0.002
208.1291,0.002
208.1451,0.002
208.1611,0.002
208.1931,0.002
208.2091,0.002
208.2251,0.002
208.2411,0.002
208.2731,0.002
208.2887,0.002
208.3047,0.002
208.3207,0.002
208.3527,0.002
208.3687,0.002
208.3847,0.002
208.4007,0.002
208.4328,0.002
208.4488,0.002
208.4646,0.002
208.4814,0.002
208.5128,0.002
208.5288,0.002
208.5448,0.002
208.5608,0.002
208.5928,0.002
208.6088,0.002
208.6248,0.002
208.6408,0.002
208.6728,0.002
208.6888,0.002
208.7048,0.002
208.7208,0.002
208.7528,0.002
208.7688,0.002
208.7849,0.002
208.8009,0.002
208.8319,0.002
208.8488,0.002
208.8647,0.002
208.8808,0.001
208.9127,0.001
208.9288,0.001
208.9448,0.001
208.9606,0.001
208.9926,0.001
209.0086,0.001
209.0246,0.001
209.0406,0.001
209.0726,0.001
209.0886,0.001
209.1046,0.001
209.1206,0.001
209.1526,0.001
209.1686,0.001
209.1846,0.001
209.2006,0.001
209.2326,0.001
209.2486,0.001
209.2646,0.001
209.2807,0.001
209.3132,0.001
209.3292,0.001
209.3452,0.001
209.3612,0.001
209.3932,0.001
209.4092,0.001
209.4252,0.001
209.4412,0.001
209.4732,0.001
209.4892,0.001
209.5052,0.001
209.5212,0.001
209.5532,0.001
209.5692,0.001
209.5852,0.001
209.6012,0.001
209.6332,0.001
209.6492,0.001
209.6652,0.001
209.6812,0.001
209.7132,0.001
209.7292,0.001
209.7452,0.001
209.7612,0.001
209.7932,0.001
209.8089,0.001
209.825,0.001
209.8408,0.001
209.8728,0.001
209.8895,0.001
209.9052,0.001
209.9212,0.001
209.9532,0.001
209.9692,0.001
209.9852,0.001
210.0012,0.001
210.0332,0.001
210.0492,0.001
210.0652,0.001
210.0812,0.001
210.1132,0.001
210.1292,0.001
210.1452,0.001
210.1612,0.001
210.1932,0.001
210.2092,0.001
210.2252,0.001
210.2412,0.001
210.2732,0.001
210.2888,0.001
210.3048,0.001
210.3208,0.001
210.3528,0.001
210.3688,0.001
210.3848,0.001
210.4008,0.001
210.4328,0.001
210.4488,0.001
210.4653,0.001
210.4809,0.001
210.5133,0.001
210.5293,0.001
210.5453,0.001
210.5606,0.001
210.5927,0.001
210.6087,0.001
210.6247,0.001
210.6407,0.001
210.6727,0.001
210.6887,0.001
210.7047,0.001
210.7207,0.001
210.7527,0.001
210.7687,0.001
210.7847,0.001
210.8007,0.001
210.8327,0.001
210.8487,0.001
210.8647,0.001
210.8807,0.001
210.9127,0.001
210.9287,0.001
210.9447,0.001
210.9607,0.001
210.9927,0.001
211.0087,0.001
211.0247,0.001
211.0407,0.001
211.0727,0.001
211.0887,0.001
211.1047,0.001
211.1207,0.001
211.152,0.001
211.168,0.001
211.1841,0.001
211.2013,0.001
211.2332,0.001
211.2492,0.001
211.2652,0.001
211.2813,0.001
211.3129,0.001
211.3289,0.001
211.3449,0.001
211.3609,0.001
211.3929,0.001
211.4089,0.001
211.4249,0.001
211.4409,0.002
211.4729,0.002
211.4889,0.002
211.5049,0.002
211.5209,0.002
211.5536,0.002
211.5691,0.002
211.5851,0.002
211.6012,0.002
211.6332,0.002
211.6492,0.002
211.6655,0.002
211.6815,0.002
211.7135,0.002
211.7295,0.002
211.7449,0.002
211.7611,0.002
211.7928,0.002
211.8088,0.002
211.8252,0.002
211.8416,0.002
211.8731,0.002
211.8888,0.002
211.9049,0.002
211.921,0.002
211.9532,0.002
211.9664,0.002
211.9843,0.002
211.9979,0.002
212.03,0.002
212.0479,0.002
212.0619,0.002
212.0804,0.002
212.1132,0.002
212.1292,0.002
212.1452,0.002
212.1612,0.002
212.1932,0.002
212.2093,0.002
212.2252,0.002
212.2412,0.002
212.2735,0.002
212.289,0.002
212.305,0.002
212.321,0.002
212.3531,0.002
212.3691,0.002
212.3851,0.002
212.4011,0.002
212.4329,0.002
212.4491,0.002
212.4651,0.002
212.4811,0.002
212.5141,0.002
212.5291,0.002
212.5445,0.002
212.5613,0.002
212.5929,0.002
212.6091,0.002
212.6251,0.002
212.6406,0.002
212.6729,0.002
212.6889,0.002
212.7054,0.002
212.7206,0.002
212.7535,0.002
212.7688,0.002
212.7852,0.002
212.8012,0.002
212.8327,0.002
212.8489,0.002
212.8651,0.002
212.8811,0.002
212.9131,0.002
212.9295,0.002
212.945,0.002
212.961,0.002
212.9933,0.002
213.0093,0.002
213.0253,0.002
213.0413,0.002
213.0733,0.002
213.0893,0.002
213.1053,0.002
213.1213,0.002
213.1533,0.002
213.1693,0.002
213.1854,0.002
213.2013,0.002
213.2333,0.002
213.2493,0.002
213.2653,0.002
213.2814,0.002
213.3134,0.002
213.3294,0.002
213.3454,0.002
213.3614,0.002
213.3921,0.002
213.4089,0.002
213.4249,0.002
213.4414,0.002
213.4735,0.002
213.4895,0.002
213.5045,0.002
213.521,0.002
213.553,0.002
213.569,0.002
213.5853,0.002
213.6007,0.002
213.6331,0.002
213.6491,0.002
213.6651,0.002
213.6811,0.002
213.7129,0.002
213.7289,0.002
213.7454,0.002
213.7607,0.002
213.7927,0.002
213.8087,0.002
213.825,0.002
213.841,0.002
213.873,0.002
213.8891,0.002
213.9054,0.002
213.9205,0.002
213.953,0.002
213.9691,0.002
213.9854,0.002
214.0014,0.002
214.0334,0.002
214.0494,0.002
214.0654,0.002
214.0808,0.002
214.1128,0.002
214.1291,0.002
214.145,0.002
214.1611,0.002
214.1932,0.002
214.2094,0.002
214.2254,0.002
214.2414,0.002
214.2734,0.002
214.2889,0.002
214.3049,0.002
214.3213,0.002
214.3533,0.002
214.3694,0.002
214.3854,0.002
214.4014,0.002
214.4332,0.002
214.4492,0.002
214.4652,0.002
214.4814,0.002
214.5134,0.002
214.5294,0.002
214.5454,0.002
214.5608,0.002
214.5928,0.002
214.6088,0.002
214.6249,0.002
214.6409,0.002
214.6729,0.002
214.6889,0.002
214.705,0.002
214.721,0.002
214.7532,0.002
214.7695,0.002
214.7855,0.002
214.8015,0.002
214.8335,0.002
214.8485,0.002
214.865,0.002
214.881,0.002
214.9129,0.002
214.9289,0.002
214.9449,0.002
214.9611,0.002
214.9931,0.002
215.009,0.002
215.0251,0.002
215.041,0.002
215.0731,0.002
215.0892,0.002
215.1052,0.002
215.1212,0.002
215.1532,0.002
215.1689,0.002
215.1852,0.002
215.2013,0.002
215.2328,0.002
215.2495,0.002
215.2644,0.002
215.2813,0.002
215.3132,0.002
215.3295,0.002
215.3449,0.002
215.3613,0.002
215.3935,0.002
215.4089,0.001
215.4249,0.001
215.441,0.001
215.4726,0.001
215.489,0.001
215.505,0.001
215.5211,0.001
215.5523,0.001
215.5695,0.001
215.5847,0.001
215.6014,0.001
215.6329,0.001
215.6489,0.001
215.6649,0.001
215.6813,0.001
215.7126,0.001
215.7291,0.001
215.7451,0.001
215.7615,0.001
215.7935,0.001
215.8095,0.001
215.8255,0.001
215.8415,0.001
215.873,0.001
215.889,0.001
215.905,0.001
215.921,0.001
215.953,0.001
215.9694,0.001
215.9854,0.001
216.0006,0.001
216.0334,0.001
216.0494,0.001
216.0654,0.001
216.0814,0.001
216.1134,0.001
216.1294,0.002
216.1454,0.002
216.1608,0.002
216.1929,0.002
216.209,0.002
216.225,0.002
216.241,0.002
216.273,0.002
216.2896,0.002
216.3056,0.002
216.3216,0.002
216.3536,0.002
216.3696,0.002
216.3855,0.002
216.401,0.002
216.4331,0.002
216.4491,0.002
216.4651,0.002
216.4815,0.002
216.5131,0.002
216.5291,0.002
216.5452,0.002
216.5612,0.002
216.5933,0.002
216.6089,0.002
216.6249,0.002
216.6404,0.002
216.6726,0.002
216.6889,0.002
216.7051,0.002
216.7213,0.002
216.7533,0.002
216.7693,0.002
216.7854,0.002
216.8008,0.002
216.8328,0.002
216.8492,0.002
216.8652,0.002
216.8808,0.002
216.9134,0.002
216.9285,0.002
216.945,0.002
216.9615,0.002
216.993,0.002
217.009,0.002
217.0247,0.002
217.0407,0.002
217.0723,0.002
217.0881,0.002
217.1051,0.002
217.1213,0.002
217.1533,0.002
217.1694,0.002
217.1854,0.002
217.2014,0.002
217.2334,0.002
217.2494,0.002
217.2654,0.002
217.2807,0.002
217.3127,0.002
217.3291,0.002
217.3451,0.002
217.3611,0.002
217.3932,0.002
217.4087,0.002
217.4249,0.002
217.441,0.002
217.473,0.002
217.4892,0.002
217.5052,0.002
217.5216,0.002
217.553,0.002
217.569,0.002
217.5852,0.002
217.6012,0.002
217.6336,0.002
217.6496,0.002
217.6656,0.002
217.6808,0.002
217.7132,0.002
217.729,0.002
217.7448,0.002
217.7614,0.002
217.7932,0.002
217.8084,0.002
217.8249,0.002
217.8409,0.002
217.873,0.002
217.8894,0.002
217.905,0.002
217.9213,0.002
217.9526,0.002
217.9692,0.002
217.9852,0.002
218.0016,0.002
218.0332,0.002
218.0492,0.002
218.065,0.002
218.0808,0.002
218.1129,0.002
218.1293,0.002
218.145,0.002
218.1615,0.002
218.1927,0.002
218.209,0.002
218.225,0.002
218.241,0.002
218.2735,0.002
218.2891,0.002
218.3051,0.002
218.3211,0.001
218.3536,0.001
218.3686,0.001
218.3846,0.001
218.4006,0.001
218.4332,0.001
218.4488,0.001
218.4648,0.001
218.4808,0.001
218.5129,0.001
218.5288,0.001
218.5448,0.001
218.5608,0.001
218.5928,0.001
218.6095,0.001
218.6255,0.001
218.6415,0.001
218.6735,0.001
218.6895,0.001
218.7055,0.001
218.721,0.001
218.7528,0.001
218.7688,0.001
218.785,0.001
218.8008,0.001
218.833,0.001
218.8495,0.001
218.8649,0.001
218.8809,0.001
218.9136,0.002
218.9288,0.002
218.9451,0.002
218.9611,0.002
218.9935,0.002
219.009,0.002
219.0251,0.002
219.0411,0.002
219.0731,0.002
219.0891,0.002
219.1052,0.002
219.1211,0.002
219.1528,0.002
219.1688,0.002
219.185,0.002
219.2015,0.002
219.2333,0.002
219.2493,0.002
219.2653,0.002
219.2816,0.002
219.3132,0.002
219.3293,0.002
219.3445,0.002
219.3614,0.002
219.3932,0.002
219.4093,0.002
219.4261,0.002
219.4405,0.002
219.4729,0.002
219.4892,0.002
219.5052,0.002
219.5216,0.002
219.5531,0.002
219.5691,0.002
219.5845,0.002
219.6011,0.002
219.6335,0.002
219.6495,0.002
219.6651,0.002
219.6812,0.002
219.713,0.002
219.7292,0.002
219.7452,0.002
219.7616,0.002
219.793,0.002
219.809,0.002
219.825,0.002
219.8414,0.002
219.8735,0.002
219.8886,0.002
219.9054,0.002
219.9215,0.002
219.9536,0.002
219.9688,0.002
219.9848,0.002
220.0008,0.002
220.0328,0.002
220.0492,0.002
220.0652,0.002
220.0816,0.002
220.1133,0.002
220.1295,0.002
220.1448,0.002
220.1611,0.002
220.1931,0.002
220.2095,0.002
220.225,0.002
220.241,0.002
220.2735,0.002
220.289,0.002
220.3051,0.002
220.3211,0.002
220.3532,0.002
220.3689,0.002
220.3845,0.002
220.4008,0.002
220.4335,0.002
220.4491,0.002
220.4654,0.002
220.481,0.002
220.5135,0.002
220.5292,0.002
220.5449,0.002
220.5609,0.002
220.5928,0.002
220.6091,0.002
220.6253,0.002
220.6413,0.002
220.6729,0.002
220.6889,0.002
220.7052,0.002
220.7206,0.002
220.7531,0.002
220.7691,0.002
220.785,0.002
220.801,0.002
220.833,0.002
220.8487,0.002
220.8647,0.002
220.8808,0.002
220.913,0.002
220.9294,0.002
220.9454,0.002
220.9614,0.002
220.9936,0.002
221.0087,0.002
221.025,0.002
221.0415,0.002
221.073,0.002
221.0893,0.002
221.1043,0.002
221.1212,0.002
221.1533,0.002
221.1686,0.002
221.1846,0.002
221.2015,0.002
221.2333,0.002
221.2493,0.002
221.2654,0.002
221.2815,0.002
221.3131,0.002
221.3291,0.002
221.3455,0.002
221.3608,0.002
221.3934,0.002
221.4084,0.002
221.4248,0.002
221.4408,0.002
221.4726,0.002
221.4891,0.002
221.5051,0.002
221.5206,0.002
221.5529,0.002
221.5689,0.002
221.5852,0.002
221.6007,0.002
221.6327,0.002
221.6487,0.002
221.6652,0.002
221.6812,0.002
221.7129,0.002
221.7289,0.002
221.745,0.002
221.7614,0.002
221.7935,0.002
221.8095,0.002
221.8255,0.002
221.8405,0.002
221.8736,0.002
221.8888,0.002
221.9046,0.002
221.9211,0.002
221.9528,0.002
221.9689,0.002
221.9849,0.002
222.0011,0.002
222.0324,0.002
222.0472,0.002
222.0644,0.002
222.0816,0.002
222.1132,0.002
222.1192,0.002
222.1443,0.002
222.1611,0.002
222.1931,0.002
222.2096,0.002
222.2256,0.002
222.2416,0.002
222.2728,0.002
222.2889,0.002
222.3053,0.002
222.3216,0.002
222.3536,0.002
222.3693,0.002
222.3853,0.002
222.4013,0.002
222.4331,0.002
222.4494,0.002
222.465,0.002
222.481,0.002
222.5128,0.002
222.5292,0.002
222.5454,0.002
222.5607,0.002
222.593,0.002
222.6092,0.002
222.6252,0.002
222.6412,0.002
222.6732,0.002
222.6892,0.002
222.7052,0.002
222.721,0.002
222.7529,0.002
222.769,0.002
222.7852,0.002
222.8015,0.002
222.8329,0.002
222.8493,0.002
222.8654,0.002
222.8809,0.002
222.9135,0.002
222.9305,0.002
222.9456,0.002
222.9607,0.002
222.9936,0.002
223.0096,0.002
223.0256,0.002
223.0416,0.002
223.0734,0.002
223.0896,0.002
223.1046,0.002
223.121,0.002
223.1527,0.002
223.169,0.002
223.1848,0.002
223.2015,0.002
223.2334,0.002
223.2488,0.002
223.2653,0.002
223.2806,0.002
223.3133,0.002
223.329,0.002
223.345,0.002
223.3611,0.002
223.3926,0.002
223.4094,0.002
223.4252,0.002
223.4404,0.002
223.4735,0.002
223.4888,0.002
223.5048,0.002
223.5213,0.002
223.5532,0.002
223.569,0.002
223.5856,0.002
223.6012,0.002
223.6328,0.002
223.649,0.002
223.6651,0.002
223.6812,0.002
223.7128,0.002
223.7294,0.002
223.7449,0.002
223.7613,0.002
223.793,0.002
223.8093,0.002
223.8252,0.002
223.8407,0.002
223.8729,0.002
223.889,0.002
223.9055,0.002
223.9215,0.002
223.9526,0.002
223.9691,0.002
223.9846,0.002
224.0013,0.002
224.0326,0.002
224.0492,0.002
224.0652,0.002
224.0806,0.002
224.1133,0.002
224.1293,0.002
224.145,0.002
224.1606,0.002
224.1931,0.002
224.2082,0.002
224.225,0.002
224.2416,0.002
224.2736,0.002
224.2886,0.002
224.3048,0.002
224.3208,0.002
224.3528,0.002
224.3688,0.002
224.3856,0.002
224.4006,0.002
224.4335,0.002
224.4492,0.002
224.4655,0.002
224.4807,0.002
224.5136,0.002
224.5296,0.002
224.5447,0.002
224.5607,0.002
224.5935,0.002
224.6093,0.002
224.6247,0.002
224.6414,0.002
224.6728,0.002
224.6887,0.002
224.7049,0.002
224.7212,0.002
224.7529,0.002
224.7686,0.002
224.7849,0.002
224.8013,0.002
224.8333,0.002
224.8484,0.002
224.8667,0.002
224.8806,0.002
224.9086,0.002
224.9206,0.002
224.9394,0.002
224.9599,0.002
224.9839,0.002
224.9998,0.002
225.0157,0.002
225.0316,0.002
225.0634,0.002
225.0844,0.002
225.0993,0.002
225.1073,0.002
225.1388,0.002
225.1545,0.002
225.1853,0.002
225.2,0.002
225.2326,0.002
225.2457,0.002
225.2647,0.002
225.2796,0.002
225.3132,0.002
225.3286,0.002
225.3446,0.002
225.3553,0.002
225.3911,0.002
225.4044,0.002
225.425,0.002
225.4387,0.002
225.4734,0.002
225.4872,0.002
225.5011,0.002
225.515,0.002
225.5519,0.002
225.5635,0.002
225.5841,0.002
225.601,0.002
225.6329,0.002
225.6493,0.002
225.6654,0.002
225.6812,0.002
225.7118,0.002
225.7244,0.002
225.7448,0.002
225.7612,0.002
225.7928,0.002
225.8093,0.002
225.8255,0.002
225.8413,0.002
225.872,0.002
225.8842,0.002
225.9039,0.002
225.9172,0.002
225.9522,0.002
225.9592,0.002
225.9722,0.002
225.9882,0.002
226.0201,0.002
226.0359,0.002
226.0632,0.002
226.078,0.002
226.1018,0.002
226.1249,0.002
226.1421,0.002
226.1611,0.002
226.1928,0.002
226.2069,0.002
226.2233,0.002
226.2376,0.002
226.2734,0.002
226.289,0.002
226.2961,0.002
226.3067,0.002
226.3387,0.002
226.3687,0.002
226.3789,0.002
226.3947,0.002
226.4322,0.002
226.4471,0.002
226.4588,0.002
226.48,0.002
226.5076,0.002
226.5235,0.002
226.5394,0.002
226.5551,0.002
226.5865,0.002
226.6044,0.002
226.62,0.002
226.6392,0.002
226.6635,0.002
226.6868,0.002
226.7049,0.002
226.7209,0.002
226.7448,0.002
226.7692,0.002
226.7851,0.002
226.7909,0.002
226.8318,0.002
226.8447,0.002
226.8641,0.002
226.8808,0.002
226.9132,0.002
226.929,0.002
226.9453,0.002
226.96,0.002
226.9928,0.002
227.0086,0.002
227.0246,0.002
227.0404,0.002
227.0717,0.002
227.0895,0.002
227.1053,0.002
227.1209,0.002
227.1505,0.002
227.1663,0.002
227.1844,0.002
227.198,0.002
227.2298,0.002
227.2478,0.002
227.2634,0.002
227.2772,0.002
227.3106,0.002
227.3244,0.002
227.3401,0.002
227.3568,0.002
227.3932,0.002
227.3961,0.002
227.4203,0.002
227.4314,0.002
227.4731,0.002
227.4748,0.002
227.5021,0.002
227.5215,0.002
227.5535,0.002
227.5689,0.002
227.5853,0.002
227.5999,0.002
227.6255,0.002
227.6355,0.002
227.66,0.002
227.6671,0.002
227.7054,0.002
227.7282,0.002
227.7413,0.002
227.7607,0.002
227.7873,0.002
227.804,0.002
227.8162,0.002
227.8351,0.002
227.8687,0.002
227.8881,0.002
227.9042,0.002
227.9137,0.002
227.9513,0.002
227.9681,0.002
227.9766,0.002
227.9997,0.002
228.0312,0.002
228.0493,0.002
228.0639,0.002
228.0796,0.002
228.1132,0.002
228.1293,0.002
228.1441,0.002
228.1593,0.002
228.1924,0.002
228.2056,0.002
228.2213,0.002
228.2368,0.002
228.2735,0.002
228.2892,0.002
228.3,0.002
228.32,0.002
228.3516,0.002
228.3683,0.002
228.3821,0.002
228.3925,0.002
228.4321,0.002
228.4489,0.002
228.4651,0.002
228.4752,0.002
228.5108,0.002
228.5296,0.002
228.5453,0.002
228.5614,0.002
228.5929,0.002
228.6093,0.002
228.624,0.002
228.6352,0.002
228.6648,0.002
228.6808,0.002
228.6975,0.002
228.7209,0.002
228.7525,0.002
228.7597,0.002
228.7839,0.002
228.7974,0.002
228.8289,0.002
228.8396,0.002
228.8635,0.002
228.8806,0.002
228.9124,0.002
228.9267,0.002
228.9424,0.002
228.9605,0.002
228.9935,0.002
229.0055,0.002
229.0213,0.002
229.0373,0.002
229.0694,0.002
229.0861,0.002
229.1041,0.002
229.117,0.002
229.1411,0.002
229.1693,0.002
229.1819,0.002
229.1971,0.002
229.2293,0.002
229.2359,0.002
229.2516,0.002
229.2774,0.002
229.3053,0.002
229.3243,0.002
229.3446,0.002
229.3619,0.002
229.3926,0.002
229.4015,0.002
229.4238,0.002
229.4407,0.002
229.4664,0.002
229.4894,0.002
229.5046,0.002
229.52,0.002
229.5434,0.002
229.5672,0.002
229.584,0.002
229.5979,0.002
229.6325,0.002
229.6447,0.002
229.6588,0.002
229.6811,0.002
229.7104,0.002
229.7221,0.002
229.7417,0.002
229.7498,0.002
229.7914,0.002
229.8083,0.002
229.8216,0.002
229.8385,0.002
229.8728,0.002
229.8891,0.002
229.9048,0.002
229.9165,0.002
229.9484,0.002
229.9654,0.002
229.9849,0.002
229.9935,0.002
230.0328,0.002
230.0476,0.002
230.0572,0.002
230.0792,0.002
230.1129,0.002
230.1206,0.002
230.138,0.002
230.1551,0.002
230.1911,0.002
230.2008,0.002
230.2227,0.002
230.2402,0.002
230.2736,0.002
230.2895,0.002
230.304,0.002
230.3207,0.002
230.3456,0.002
230.3686,0.002
230.3834,0.002
230.4009,0.002
230.4309,0.002
230.4492,0.002
230.4643,0.002
230.4815,0.002
230.5133,0.002
230.525,0.002
230.541,0.002
230.557,0.002
230.589,0.002
230.6047,0.002
230.6216,0.002
230.6396,0.002
230.672,0.002
230.689,0.002
230.7044,0.002
230.7206,0.002
230.7526,0.002
230.767,0.002
230.7851,0.002
230.8007,0.002
230.8321,0.002
230.8466,0.002
230.8633,0.002
230.8756,0.002
230.9119,0.002
230.9225,0.002
230.9435,0.002
230.9533,0.002
230.9921,0.002
231.0084,0.002
231.023,0.002
231.0398,0.002
231.0736,0.002
231.0882,0.002
231.1056,0.002
231.1213,0.002
231.1532,0.002
231.1692,0.002
231.185,0.002
231.2011,0.002
231.2321,0.002
231.249,0.002
231.2656,0.002
231.2807,0.002
231.3057,0.002
231.3289,0.002
231.3446,0.002
231.3613,0.002
231.3926,0.002
231.4095,0.002
231.4244,0.002
231.4405,0.002
231.4722,0.002
231.4879,0.002
231.5057,0.002
231.5196,0.002
231.551,0.002
231.5667,0.002
231.5837,0.002
231.6007,0.002
231.6329,0.002
231.6441,0.002
231.6602,0.002
231.6782,0.002
231.7077,0.002
231.7226,0.002
231.7436,0.002
231.7588,0.001
231.7865,0.001
231.8094,0.001
231.8249,0.001
231.834,0.001
231.8686,0.001
231.8895,0.001
231.9054,0.001
231.9211,0.001
231.9528,0.001
231.9689,0.001
231.9846,0.001
232.0007,0.001
232.0321,0.001
232.0481,0.001
232.0641,0.001
232.0801,0.001
232.1121,0.001
232.1281,0.001
232.1437,0.001
232.1596,0.001
232.191,0.001
232.209,0.001
232.2241,0.001
232.2396,0.001
232.27,0.001
232.2866,0.001
232.3047,0.001
232.3112,0.001
232.3502,0.001
232.3689,0.001
232.3826,0.001
232.3986,0.001
232.4305,0.001
232.4464,0.001
232.4648,0.001
232.4781,0.001
232.5097,0.001
232.5256,0.002
232.5416,0.001
232.5572,0.002
232.5925,0.002
232.6085,0.002
232.6257,0.002
232.6415,0.002
232.6735,0.002
232.6892,0.002
232.7031,0.002
232.7182,0.002
232.7517,0.002
232.7658,0.002
232.7857,0.002
232.8002,0.002
232.8299,0.002
232.8488,0.002
232.864,0.002
232.8695,0.002
232.9109,0.002
232.9245,0.002
232.9343,0.002
232.9519,0.002
232.993,0.002
233.0083,0.002
233.0218,0.002
233.0385,0.002
233.0645,0.002
233.085,0.002
233.1052,0.002
233.1091,0.002
233.1532,0.002
233.169,0.002
233.1848,0.002
233.2006,0.002
233.2326,0.002
233.2485,0.002
233.2646,0.002
233.2806,0.002
233.3125,0.002
233.3279,0.002
233.3426,0.002
233.3616,0.002
233.3893,0.002
233.4045,0.002
233.4241,0.002
233.4386,0.002
233.4728,0.002
233.4888,0.002
233.5045,0.002
233.5203,0.002
233.551,0.002
233.5666,0.002
233.5852,0.002
233.5986,0.002
233.6325,0.001
233.6496,0.001
233.6656,0.001
233.6782,0.001
233.7133,0.001
233.7288,0.001
233.745,0.001
233.7611,0.001
233.7927,0.001
233.8091,0.001
233.8247,0.001
233.8416,0.001
233.8734,0.001
233.8894,0.001
233.9049,0.001
233.9207,0.001
233.9535,0.001
233.9684,0.001
233.9849,0.001
234.0016,0.001
234.0332,0.001
234.049,0.001
234.0654,0.001
234.0813,0.001
234.1129,0.001
234.1291,0.001
234.1455,0.001
234.1611,0.001
234.1934,0.001
234.2087,0.001
234.2253,0.001
234.2414,0.001
234.2733,0.001
234.2893,0.001
234.3051,0.001
234.3208,0.001
234.3532,0.001
234.3685,0.001
234.3849,0.001
234.401,0.001
234.4331,0.001
234.4488,0.001
234.4649,0.001
234.4814,0.001
234.5123,0.001
234.5295,0.001
234.5451,0.001
234.5612,0.001
234.5924,0.001
234.609,0.001
234.625,0.001
234.6409,0.001
234.6736,0.001
234.6889,0.001
234.7052,0.001
234.7208,0.001
234.7535,0.001
234.7695,0.001
234.7848,0.001
234.8015,0.001
234.8325,0.001
234.8493,0.001
234.8654,0.001
234.8817,0.001
234.9133,0.001
234.9294,0.001
234.9455,0.001
234.9612,0.001
234.9934,0.001
235.0093,0.001
235.025,0.001
235.0416,0.001
235.0732,0.001
235.0887,0.002
235.1046,0.002
235.1209,0.002
235.1533,0.002
235.1688,0.002
235.1848,0.002
235.2009,0.002
235.2331,0.002
235.2495,0.002
235.2646,0.002
235.2813,0.002
235.3134,0.002
235.3296,0.002
235.3454,0.002
235.3616,0.002
235.3932,0.002
235.4092,0.002
235.4255,0.002
235.4414,0.002
235.4729,0.002
235.4896,0.002
235.5052,0.002
235.5208,0.002
235.5529,0.002
235.5694,0.002
235.5851,0.002
235.6017,0.002
235.6337,0.002
235.6491,0.002
235.6655,0.002
235.6809,0.002
235.7134,0.002
235.7284,0.002
235.7448,0.002
235.7617,0.002
235.7927,0.002
235.8087,0.002
235.8256,0.002
235.8416,0.002
235.8734,0.002
235.8895,0.002
235.9048,0.002
235.9207,0.002
235.9533,0.002
235.9687,0.002
235.9856,0.002
236.001,0.002
236.0335,0.002
236.0496,0.002
236.0644,0.002
236.0809,0.002
236.1136,0.002
236.1294,0.002
236.1455,0.002
236.1617,0.002
236.1935,0.002
236.2093,0.002
236.2248,0.002
236.2407,0.002
236.2736,0.002
236.2889,0.002
236.3048,0.002
236.3211,0.002
236.3534,0.002
236.3691,0.002
236.385,0.002
236.4011,0.002
236.4337,0.002
236.4496,0.002
236.4651,0.002
236.4806,0.002
236.5129,0.002
236.5295,0.002
236.5449,0.002
236.5612,0.002
236.593,0.002
236.6089,0.002
236.6244,0.002
236.6413,0.002
236.6723,0.002
236.6892,0.002
236.7056,0.002
236.7216,0.002
236.7528,0.002
236.7697,0.002
236.7848,0.002
236.8011,0.002
236.8336,0.002
236.8496,0.002
236.8651,0.002
236.8812,0.002
236.9133,0.002
236.9296,0.002
236.9448,0.002
236.9607,0.002
236.9932,0.002
237.0094,0.002
237.0251,0.002
237.0414,0.002
237.0725,0.002
237.0893,0.002
237.1048,0.002
237.1213,0.002
237.1531,0.002
237.1692,0.002
237.1853,0.002
237.2017,0.002
237.2334,0.002
237.2494,0.002
237.2652,0.002
237.2811,0.002
237.3134,0.002
237.3297,0.002
237.3451,0.002
237.3616,0.002
237.393,0.002
237.4091,0.002
237.4253,0.002
237.4415,0.002
237.4735,0.002
237.4888,0.002
237.5052,0.002
237.5215,0.002
237.5533,0.002
237.5689,0.002
237.5851,0.002
237.601,0.002
237.6336,0.002
237.6488,0.002
237.6649,0.002
237.6807,0.002
237.7128,0.002
237.7291,0.002
237.7457,0.002
237.7611,0.002
237.7936,0.002
237.809,0.002
237.8252,0.002
237.8406,0.002
237.8736,0.002
237.8897,0.002
237.9056,0.002
237.9214,0.002
237.9526,0.002
237.9692,0.002
237.9853,0.002
238.0011,0.002
238.0335,0.002
238.0492,0.002
238.0656,0.002
238.0816,0.002
238.1126,0.002
238.1296,0.002
238.1451,0.002
238.1606,0.002
238.1928,0.002
238.2095,0.002
238.2253,0.002
238.2409,0.002
238.2728,0.002
238.289,0.002
238.305,0.002
238.3214,0.002
238.3528,0.002
238.3696,0.002
238.3847,0.002
238.4007,0.002
238.4324,0.002
238.4486,0.002
238.4653,0.002
238.4814,0.002
238.5129,0.002
238.5296,0.002
238.5448,0.002
238.5612,0.002
238.5931,0.002
238.6089,0.002
238.6253,0.002
238.6415,0.002
238.6733,0.002
238.689,0.002
238.7052,0.002
238.7215,0.002
238.7536,0.002
238.7694,0.002
238.7854,0.002
238.8008,0.002
238.8328,0.002
238.8496,0.002
238.8654,0.002
238.8814,0.002
238.9126,0.002
238.9288,0.002
238.9449,0.002
238.9617,0.002
238.9924,0.002
239.0091,0.002
239.0253,0.002
239.0413,0.002
239.0735,0.002
239.0895,0.002
239.105,0.002
239.1216,0.002
239.153,0.002
239.1693,0.002
239.1854,0.002
239.2008,0.002
239.2331,0.002
239.2496,0.002
239.2653,0.002
239.2812,0.002
239.3128,0.002
239.3295,0.002
239.3448,0.002
239.361,0.002
239.3931,0.002
239.4087,0.002
239.4251,0.002
239.4416,0.002
239.4737,0.002
239.4895,0.002
239.5052,0.002
239.5208,0.002
239.5533,0.002
239.5695,0.002
239.5853,0.002
239.6016,0.002
239.6335,0.002
239.6495,0.002
239.6654,0.002
239.6811,0.002
239.7123,0.002
239.7296,0.002
239.7451,0.002
239.7609,0.002
239.7933,0.002
239.8089,0.002
239.8256,0.002
239.8416,0.002
239.8731,0.002
239.8896,0.002
239.9046,0.002
239.9208,0.002
239.9527,0.002
239.9696,0.002
239.9848,0.002
240.0015,0.002
240.0336,0.002
240.0489,0.002
240.0648,0.002
240.0812,0.002
240.1126,0.002
240.1292,0.002
240.1452,0.002
240.1613,0.002
240.1936,0.002
240.2095,0.002
240.225,0.002
240.2414,0.002
240.2731,0.002
240.2894,0.002
240.305,0.002
240.3213,0.002
240.3536,0.002
240.369,0.002
240.3856,0.002
240.4015,0.002
240.4331,0.002
240.4495,0.002
240.4652,0.002
240.4808,0.002
240.5131,0.002
240.529,0.002
240.5455,0.002
240.5606,0.002
240.5937,0.002
240.6092,0.002
240.6256,0.002
240.6415,0.002
240.6725,0.002
240.6887,0.002
240.7055,0.002
240.7212,0.002
240.7532,0.002
240.7689,0.002
240.7856,0.002
240.8016,0.002
240.8329,0.002
240.8489,0.002
240.8649,0.002
240.8809,0.002
240.9129,0.002
240.9289,0.002
240.9449,0.002
240.9609,0.002
240.9936,0.002
241.0095,0.002
241.0254,0.002
241.0414,0.002
241.0733,0.002
241.0893,0.002
241.1051,0.002
241.1214,0.002
241.1528,0.002
241.169,0.002
241.185,0.002
241.2012,0.002
241.2334,0.002
241.2494,0.002
241.2652,0.002
241.2813,0.002
241.3129,0.002
241.3289,0.002
241.3449,0.002
241.3609,0.002
241.3934,0.002
241.4092,0.001
241.4252,0.001
241.441,0.001
241.4729,0.001
241.4888,0.001
241.5054,0.001
241.5209,0.001
241.5536,0.001
241.5689,0.001
241.5854,0.001
241.6014,0.001
241.633,0.001
241.6493,0.001
241.665,0.001
241.6813,0.001
241.7132,0.001
241.7292,0.001
241.7453,0.001
241.7613,0.001
241.7933,0.001
241.8092,0.001
241.8248,0.001
241.841,0.001
241.8735,0.001
241.8892,0.001
241.905,0.001
241.9209,0.001
241.9525,0.001
241.969,0.001
241.9855,0.001
242.0008,0.001
242.033,0.001
242.0497,0.001
242.0654,0.001
242.0814,0.001
242.1133,0.001
242.1285,0.001
242.1452,0.001
242.1612,0.001
242.1937,0.0
242.2092,0.0
242.2248,0.0
242.2415,-0.001
242.2736,-0.002
242.2897,-0.004
242.3051,-0.005
242.3206,-0.006
242.3535,-0.008
242.3695,-0.009
242.385,-0.01
242.401,-0.012
242.4335,-0.013
242.4497,-0.015
242.465,-0.016
242.481,-0.017
242.5134,-0.018
242.5297,-0.02
242.5456,-0.021
242.5613,-0.022
242.5938,-0.023
242.6092,-0.024
242.6258,-0.025
242.6415,-0.026
242.6735,-0.027
242.6894,-0.028
242.7053,-0.028
242.7211,-0.029
242.7532,-0.029
242.7692,-0.029
242.7846,-0.029
242.8008,-0.029
242.8331,-0.029
242.8496,-0.029
242.8651,-0.029
242.8811,-0.028
242.9134,-0.028
242.9294,-0.028
242.9454,-0.028
242.9614,-0.028
242.9934,-0.028
243.0094,-0.028
243.0248,-0.028
243.0416,-0.028
243.0735,-0.028
243.0888,-0.028
243.1052,-0.028
243.1208,-0.029
243.1532,-0.029
243.1695,-0.03
243.1848,-0.03
243.2013,-0.031
243.2335,-0.031
243.2495,-0.032
243.2654,-0.032
243.2813,-0.033
243.3137,-0.033
243.3289,-0.034
243.3457,-0.034
243.3616,-0.034
243.3929,-0.034
243.4089,-0.034
243.4256,-0.034
243.4416,-0.034
243.4736,-0.035
243.4889,-0.035
243.5054,-0.035
243.5213,-0.035
243.5534,-0.035
243.5696,-0.035
243.5853,-0.036
243.6014,-0.036
243.6334,-0.037
243.6496,-0.038
243.6656,-0.039
243.681,-0.039
243.7135,-0.04
243.7289,-0.041
243.7449,-0.042
243.7615,-0.043
243.793,-0.044
243.8096,-0.044
243.8255,-0.045
243.8411,-0.046
243.8734,-0.046
243.8894,-0.047
243.9048,-0.047
243.9212,-0.047
243.953,-0.047
243.9693,-0.047
243.9851,-0.047
244.0012,-0.047
244.0336,-0.047
244.0497,-0.047
244.0649,-0.047
244.0813,-0.047
244.113,-0.047
244.129,-0.047
244.145,-0.046
244.1612,-0.046
244.1927,-0.046
244.2093,-0.045
244.2258,-0.045
244.2417,-0.045
244.2735,-0.044
244.2897,-0.044
244.3055,-0.044
244.3208,-0.044
244.3536,-0.043
244.3688,-0.043
244.3851,-0.043
244.4013,-0.043
244.4334,-0.043
244.4495,-0.043
244.465,-0.042
244.4815,-0.042
244.5132,-0.042
244.5296,-0.042
244.5451,-0.042
244.561,-0.042
244.5933,-0.041
244.6095,-0.041
244.6253,-0.041
244.6415,-0.041
244.6729,-0.041
244.6895,-0.041
244.7055,-0.041
244.7216,-0.041
244.7533,-0.041
244.7688,-0.041
244.7857,-0.042
244.8014,-0.042
244.8333,-0.043
244.8494,-0.043
244.8652,-0.044
244.8811,-0.045
244.9129,-0.046
244.9291,-0.047
244.945,-0.048
244.9614,-0.049
244.993,-0.05
245.0093,-0.051
245.0257,-0.052
245.0411,-0.053
245.0731,-0.054
245.0896,-0.055
245.1053,-0.056
245.1215,-0.057
245.1528,-0.057
245.1694,-0.057
245.1851,-0.058
245.2014,-0.058
245.2328,-0.059
245.2495,-0.059
245.2645,-0.059
245.2812,-0.059
245.3137,-0.059
245.3293,-0.059
245.3456,-0.059
245.3614,-0.059
245.3935,-0.058
245.4095,-0.058
245.4249,-0.057
245.4406,-0.057
245.4735,-0.056
245.4891,-0.056
245.5058,-0.055
245.5218,-0.055
245.5532,-0.054
245.5693,-0.054
245.5849,-0.054
245.6016,-0.053
245.6336,-0.053
245.6491,-0.052
245.6654,-0.052
245.6815,-0.051
245.7132,-0.051
245.7291,-0.05
245.745,-0.049
245.7615,-0.049
245.7929,-0.048
245.8097,-0.047
245.8251,-0.046
245.8416,-0.045
245.8733,-0.043
245.8894,-0.042
245.9044,-0.042
245.9208,-0.041
245.9525,-0.04
245.9699,-0.039
245.9851,-0.037
246.0017,-0.036
246.0334,-0.035
246.0489,-0.034
246.0649,-0.033
246.0816,-0.032
246.1132,-0.031
246.1292,-0.03
246.1451,-0.029
246.161,-0.028
246.1937,-0.028
246.2093,-0.027
246.2246,-0.026
246.2413,-0.026
246.2736,-0.025
246.2895,-0.025
246.3049,-0.024
246.3214,-0.024
246.3528,-0.024
246.3689,-0.023
246.3857,-0.023
246.4018,-0.023
246.4328,-0.023
246.4496,-0.023
246.4649,-0.022
246.4808,-0.022
246.5134,-0.022
246.5297,-0.022
246.5455,-0.022
246.561,-0.022
246.5932,-0.022
246.6095,-0.022
246.6248,-0.022
246.6413,-0.021
246.6731,-0.021
246.6897,-0.021
246.7056,-0.021
246.7218,-0.021
246.7536,-0.021
246.7695,-0.021
246.7853,-0.021
246.8016,-0.021
246.8326,-0.021
246.8495,-0.02
246.8648,-0.02
246.8816,-0.02
246.9126,-0.02
246.9297,-0.02
246.9451,-0.02
246.9614,-0.02
246.9931,-0.02
247.0088,-0.02
247.0248,-0.02
247.0409,-0.019
247.0737,-0.019
247.0889,-0.019
247.1053,-0.019
247.1215,-0.019
247.1538,-0.019
247.1688,-0.019
247.1858,-0.019
247.2018,-0.019
247.2337,-0.018
247.2494,-0.018
247.2656,-0.018
247.2809,-0.018
247.3136,-0.018
247.3298,-0.018
247.3451,-0.018
247.3614,-0.018
247.3929,-0.018
247.4092,-0.018
247.4248,-0.018
247.4411,-0.018
247.4737,-0.018
247.4891,-0.017
247.5051,-0.017
247.5212,-0.017
247.5528,-0.017
247.5692,-0.017
247.5856,-0.017
247.6017,-0.017
247.6334,-0.017
247.6495,-0.017
247.6655,-0.017
247.6816,-0.017
247.7132,-0.016
247.7297,-0.016
247.7449,-0.016
247.7612,-0.016
247.7937,-0.016
247.8097,-0.016
247.8253,-0.016
247.8417,-0.016
247.8728,-0.016
247.8898,-0.016
247.9053,-0.016
247.9215,-0.015
247.9535,-0.015
247.9692,-0.015
247.9845,-0.015
248.0012,-0.015
248.033,-0.015
248.0492,-0.015
248.065,-0.015
248.081,-0.015
248.1133,-0.015
248.129,-0.014
248.1453,-0.014
248.1616,-0.014
248.1927,-0.014
248.2089,-0.014
248.2251,-0.014
248.2408,-0.014
248.2732,-0.014
248.2893,-0.014
248.3056,-0.014
248.3209,-0.014
248.3536,-0.014
248.3693,-0.014
248.3854,-0.014
248.4009,-0.014
248.4332,-0.014
248.4497,-0.013
248.4656,-0.013
248.4806,-0.013
248.5136,-0.013
248.5296,-0.013
248.5456,-0.013
248.5616,-0.013
248.5937,-0.013
248.6097,-0.013
248.6257,-0.013
248.6417,-0.013
248.6737,-0.013
248.6897,-0.013
248.7057,-0.012
248.7217,-0.012
248.7537,-0.012
248.7691,-0.012
248.7857,-0.012
248.8017,-0.012
248.8329,-0.012
248.8492,-0.012
248.8648,-0.012
248.8807,-0.012
248.9132,-0.012
248.9295,-0.012
248.9454,-0.012
248.9605,-0.012
248.9935,-0.011
249.0086,-0.011
249.0247,-0.011
249.0412,-0.011
249.0734,-0.011
249.0888,-0.011
249.1052,-0.011
249.1209,-0.011
249.1526,-0.011
249.1686,-0.011
249.1855,-0.011
249.2015,-0.011
249.2328,-0.011
249.2485,-0.011
249.2652,-0.011
249.2814,-0.011
249.3127,-0.011
249.3285,-0.011
249.3454,-0.01
249.3618,-0.01
249.3935,-0.01
249.4094,-0.01
249.4248,-0.01
249.4415,-0.01
249.473,-0.01
249.4897,-0.01
249.5051,-0.01
249.5211,-0.01
249.5531,-0.01
249.5691,-0.01
249.5851,-0.01
249.6014,-0.009
249.6337,-0.009
249.6492,-0.009
249.6652,-0.009
249.6812,-0.009
249.7135,-0.009
249.7298,-0.009
249.7458,-0.009
249.7608,-0.009
249.7934,-0.009
249.809,-0.009
249.8251,-0.009
249.8414,-0.009
249.8738,-0.009
249.8892,-0.009
249.9057,-0.009
249.9217,-0.009
249.9534,-0.009
249.9697,-0.008
249.9857,-0.008
250.0012,-0.008
250.0333,-0.008
250.0493,-0.008
250.0649,-0.008
250.0814,-0.008
250.1129,-0.008
250.1292,-0.008
250.1446,-0.008
250.1607,-0.008
250.1937,-0.008
250.209,-0.008
250.2251,-0.008
250.2416,-0.008
250.2734,-0.008
250.2889,-0.008
250.3048,-0.008
250.3211,-0.008
250.3535,-0.008
250.3695,-0.008
250.3846,-0.008
250.4018,-0.008
250.4327,-0.008
250.4486,-0.008
250.4653,-0.008
250.4817,-0.007
250.513,-0.007
250.5293,-0.007
250.5453,-0.007
250.5613,-0.007
250.5936,-0.007
250.6096,-0.007
250.6252,-0.007
250.6418,-0.007
250.6735,-0.007
250.6894,-0.007
250.7047,-0.007
250.7216,-0.007
250.7535,-0.007
250.7695,-0.007
250.7858,-0.006
250.8016,-0.006
250.8326,-0.006
250.8488,-0.006
250.8649,-0.006
250.8818,-0.006
250.9139,-0.006
250.9297,-0.006
250.9457,-0.006
250.9614,-0.006
250.9937,-0.006
251.0087,-0.006
251.0253,-0.006
251.0412,-0.006
251.0737,-0.006
251.0894,-0.006
251.1049,-0.006
251.1216,-0.006
251.1533,-0.006
251.1689,-0.006
251.1857,-0.006
251.2017,-0.006
251.2329,-0.006
251.2499,-0.006
251.2657,-0.006
251.2816,-0.006
251.3134,-0.006
251.3291,-0.006
251.3456,-0.005
251.3608,-0.005
251.3938,-0.005
251.4091,-0.005
251.4252,-0.005
251.441,-0.005
251.4736,-0.005
251.4891,-0.005
251.5055,-0.005
251.5212,-0.005
251.5538,-0.005
251.5692,-0.005
251.5857,-0.005
251.6011,-0.005
251.6332,-0.004
251.6496,-0.004
251.6646,-0.004
251.6812,-0.004
251.7135,-0.004
251.7292,-0.004
251.7453,-0.004
251.7612,-0.004
251.7929,-0.004
251.8098,-0.004
251.8255,-0.004
251.841,-0.004
251.8729,-0.004
251.8889,-0.004
251.905,-0.004
251.9216,-0.004
251.9529,-0.004
251.9697,-0.004
251.9852,-0.004
252.001,-0.004
252.0338,-0.004
252.0491,-0.004
252.0656,-0.004
252.0809,-0.004
252.1125,-0.004
252.1294,-0.004
252.1457,-0.004
252.1613,-0.004
252.193,-0.004
252.2092,-0.004
252.2256,-0.004
252.2409,-0.004
252.2735,-0.004
252.2895,-0.004
252.3051,-0.004
252.3216,-0.004
252.3531,-0.004
252.3691,-0.004
252.3854,-0.004
252.4012,-0.004
252.4337,-0.004
252.449,-0.004
252.4657,-0.004
252.4818,-0.004
252.5129,-0.004
252.5297,-0.003
252.5452,-0.003
252.5609,-0.003
252.593,-0.003
252.6098,-0.003
252.6252,-0.003
252.6408,-0.003
252.6735,-0.003
252.6897,-0.003
252.7056,-0.003
252.7214,-0.003
252.7528,-0.003
252.7698,-0.003
252.7847,-0.003
252.801,-0.003
252.8331,-0.003
252.8492,-0.003
252.8653,-0.003
252.8812,-0.003
252.9137,-0.003
252.9295,-0.003
252.9451,-0.003
252.9611,-0.003
252.9935,-0.003
253.0086,-0.003
253.025,-0.003
253.0418,-0.003
253.0735,-0.003
253.0896,-0.002
253.1057,-0.002
253.1212,-0.002
253.153,-0.002
253.1693,-0.002
253.1851,-0.002
253.2011,-0.002
253.2335,-0.002
253.2489,-0.002
253.2649,-0.002
253.281,-0.002
253.3136,-0.002
253.329,-0.002
253.3455,-0.002
253.3609,-0.002
253.3937,-0.002
253.4094,-0.002
253.4252,-0.002
253.4417,-0.002
253.4734,-0.002
253.4898,-0.002
253.5055,-0.002
253.5217,-0.002
253.5538,-0.002
253.5696,-0.002
253.5856,-0.002
253.6012,-0.002
253.6334,-0.002
253.6498,-0.002
253.6651,-0.002
253.6809,-0.001
253.7136,-0.001
253.7288,-0.001
253.7451,-0.001
253.7608,-0.001
253.7936,-0.001
253.8093,-0.001
253.8255,-0.001
253.8412,-0.001
253.8729,-0.001
253.8893,-0.001
253.9056,-0.001
253.9215,-0.001
253.9538,-0.001
253.9696,-0.001
253.9858,-0.001
254.0014,-0.001
254.0331,-0.001
254.0498,-0.001
254.0653,-0.001
254.0808,-0.001
254.1132,-0.001
254.1293,-0.001
254.1451,-0.001
254.1614,-0.001
254.1931,-0.001
254.2096,-0.001
254.2254,-0.001
254.2417,-0.001
254.2733,-0.001
254.2893,-0.001
254.3049,-0.001
254.3207,-0.001
254.3536,-0.001
254.3697,-0.001
254.3849,-0.001
254.4015,-0.001
254.4336,-0.001
254.4498,-0.001
254.4652,-0.001
254.481,-0.001
254.5128,-0.001
254.5289,-0.001
254.5454,-0.001
254.5611,-0.001
254.5937,-0.001
254.6089,-0.001
254.6255,-0.001
254.6412,-0.001
254.6735,-0.001
254.6897,-0.001
254.7052,-0.001
254.7212,-0.001
254.7536,-0.001
254.7692,-0.001
254.7857,-0.001
254.8011,-0.001
254.8333,-0.001
254.8495,-0.001
254.8656,-0.001
254.8811,-0.001
254.9134,-0.001
254.9297,-0.001
254.945,-0.001
254.9618,-0.001
254.9938,-0.001
255.0095,-0.001
255.0252,-0.001
255.0412,-0.001
255.0734,-0.001
255.0885,0.0
255.1055,0.0
255.1212,0.0
255.1536,0.0
255.1694,0.0
255.1849,0.0
255.2007,0.0
255.2338,0.0
255.2495,0.0
255.2645,0.0
255.2814,0.0
255.3135,0.0
255.3291,0.0
255.3457,0.0
255.3615,0.0
255.3929,0.0
255.4086,0.0
255.4251,0.0
255.4419,0.0
255.4729,0.0
255.4894,0.0
255.505,0.0
255.5213,0.0
255.5535,0.0
255.569,0.0
255.585,0.0
255.6017,0.0
255.6332,0.0
255.6494,0.0
255.6653,0.0
255.681,0.0
255.7135,0.0
255.729,0.0
255.7458,0.0
255.7609,0.0
255.7932,0.0
255.8091,0.0
255.8248,0.0
255.8414,0.0
255.8728,0.0
255.8895,0.0
255.9053,0.0
255.9217,0.0
255.9536,0.0
255.9689,0.0
255.9857,0.0
256.0012,0.0
256.0328,0.0
256.0497,0.0
256.0658,0.0
256.0809,0.0
256.1127,0.0
256.1293,0.0
256.1454,0.0
256.1618,0.0
256.1936,0.0
256.2089,0.0
256.2258,0.0
256.2418,0.0
256.2737,0.0
256.2896,0.0
256.3057,0.0
256.3211,0.0
256.3538,0.0
256.3687,0.0
256.3847,0.0
256.401,0.0
256.4333,0.0
256.4492,0.0
256.4656,0.0
256.4818,0.0
256.5137,0.0
256.5296,0.0
256.5451,0.0
256.5611,0.0
256.5938,0.0
256.6097,0.0
256.6256,0.0
256.6408,0.0
256.6726,0.0
256.6891,0.0
256.7051,0.0
256.7213,0.0
256.7536,0.0
256.7694,0.0
256.7856,0.0
256.8013,0.0
256.8337,0.0
256.8492,0.0
256.8652,0.0
256.8817,0.0
256.913,0.0
256.9298,0.0
256.9458,0.0
256.9609,0.0
256.9937,0.0
257.0089,0.0
257.0254,0.0
257.0413,0.0
257.073,0.0
257.089,0.0
257.1055,0.0
257.1212,0.001
257.1531,0.001
257.1691,0.001
257.1856,0.001
257.2015,0.001
257.2335,0.001
257.2486,0.001
257.265,0.001
257.2816,0.001
257.3133,0.001
257.3298,0.001
257.3456,0.001
257.361,0.001
257.3933,0.001
257.4095,0.001
257.4248,0.001
257.4411,0.001
257.4735,0.001
257.4894,0.001
257.5054,0.001
257.5214,0.001
257.5534,0.001
257.5696,0.001
257.5852,0.001
257.6018,0.001
257.6329,0.001
257.6498,0.001
257.6649,0.001
257.6811,0.001
257.7132,0.001
257.7287,0.001
257.7456,0.001
257.7617,0.001
257.7929,0.001
257.8093,0.001
257.8251,0.001
257.8408,0.001
257.8727,0.001
257.8893,0.001
257.905,0.001
257.921,0.001
257.9528,0.001
257.9696,0.001
257.9849,0.001
258.0018,0.001
258.0333,0.001
258.0491,0.001
258.0659,0.001
258.0818,0.001
258.1137,0.001
258.1297,0.001
258.1456,0.001
258.1616,0.001
258.1937,0.001
258.2097,0.001
258.2255,0.001
258.2412,0.001
258.273,0.001
258.2888,0.001
258.3053,0.001
258.321,0.001
258.3537,0.001
258.3698,0.001
258.3851,0.001
258.4018,0.001
258.4338,0.001
258.4497,0.001
258.4654,0.001
258.481,0.001
258.5132,0.001
258.5298,0.001
258.5458,0.001
258.5614,0.001
258.5934,0.001
258.6092,0.001
258.6255,0.001
258.6415,0.001
258.6736,0.001
258.6891,0.001
258.705,0.001
258.7212,0.001
258.7532,0.001
258.7698,0.001
258.7854,0.001
258.8016,0.001
258.8334,0.001
258.8494,0.001
258.8652,0.001
258.8818,0.001
258.9138,0.001
258.9287,0.001
258.9458,0.001
258.9613,0.001
258.9931,0.001
259.0095,0.001
259.0251,0.001
259.0414,0.001
259.0737,0.001
259.0889,0.001
259.1051,0.001
259.1213,0.001
259.1534,0.001
259.1694,0.001
259.1856,0.001
259.2016,0.001
259.2335,0.001
259.2493,0.001
259.2656,0.001
259.2816,0.001
259.3132,0.001
259.329,0.001
259.3455,0.001
259.3614,0.001
259.3938,0.001
259.4098,0.001
259.4245,0.001
259.4414,0.001
259.4737,0.001
259.4896,0.001
259.5054,0.001
259.521,0.001
259.5531,0.001
259.5695,0.001
259.5857,0.001
259.6009,0.001
259.6338,0.001
259.6492,0.001
259.6651,0.001
259.6818,0.001
259.7138,0.001
259.7293,0.001
259.7456,0.001
259.7611,0.001
259.7934,0.001
259.8092,0.001
259.8256,0.001
259.8415,0.001
259.8739,0.001
259.889,0.001
259.905,0.001
259.9216,0.001
259.9535,0.001
259.9689,0.001
259.9852,0.001
260.0016,0.001
260.0337,0.001
260.0489,0.001
260.0655,0.001
260.0818,0.001
260.1133,0.001
260.129,0.001
260.1452,0.001
260.1614,0.001
260.1936,0.001
260.2096,0.001
260.2257,0.001
260.2413,0.001
260.273,0.001
260.289,0.001
260.3052,0.001
260.3216,0.002
260.3533,0.002
260.3689,0.002
260.3849,0.002
260.4006,0.002
260.433,0.002
260.4492,0.002
260.4659,0.002
260.4811,0.002
260.5135,0.002
260.5298,0.002
260.5451,0.002
260.5617,0.002
260.5934,0.002
260.6093,0.002
260.6256,0.002
260.6408,0.002
260.6738,0.002
260.6897,0.002
260.7051,0.002
260.721,0.002
260.7537,0.002
260.7696,0.002
260.7855,0.002
260.8018,0.002
260.8333,0.002
260.8491,0.002
260.8652,0.002
260.8809,0.002
260.9136,0.002
260.9297,0.002
260.9457,0.002
260.9611,0.002
260.9924,0.002
261.0091,0.002
261.0255,0.002
261.041,0.002
261.0738,0.002
261.0893,0.002
261.1049,0.002
261.1218,0.002
261.1533,0.002
261.1693,0.002
261.1848,0.002
261.2017,0.002
261.2333,0.002
261.2496,0.002
261.2649,0.002
261.2807,0.002
261.313,0.002
261.3298,0.002
261.3448,0.002
261.3616,0.002
261.3937,0.002
261.4098,0.002
261.4251,0.002
261.441,0.002
261.4736,0.002
261.4898,0.002
261.5051,0.002
261.5205,0.002
261.5538,0.002
261.5688,0.002
261.585,0.002
261.6014,0.002
261.6334,0.002
261.6494,0.002
261.6656,0.002
261.6811,0.002
261.7128,0.002
261.7296,0.002
261.745,0.002
261.7618,0.002
261.7936,0.002
261.809,0.002
261.8253,0.002
261.8414,0.002
261.8737,0.002
261.8894,0.002
261.9054,0.002
261.9213,0.002
261.9532,0.002
261.9692,0.002
261.9857,0.002
262.0019,0.002
262.0329,0.002
262.0496,0.002
262.0655,0.002
262.082,0.002
262.113,0.002
262.1298,0.002
262.1458,0.002
262.1609,0.002
262.1936,0.002
262.2096,0.002
262.2254,0.002
262.2418,0.002
262.2734,0.002
262.2895,0.002
262.3053,0.002
262.3217,0.002
262.3535,0.002
262.3697,0.002
262.3849,0.002
262.4013,0.002
262.4332,0.002
262.4499,0.002
262.4649,0.002
262.4811,0.002
262.5132,0.002
262.5299,0.002
262.5455,0.002
262.5615,0.002
262.5929,0.002
262.6089,0.002
262.625,0.002
262.6409,0.002
262.6737,0.002
262.689,0.002
262.7058,0.002
262.7217,0.002
262.7532,0.002
262.7692,0.002
262.7852,0.002
262.8016,0.002
262.8334,0.002
262.8494,0.002
262.8658,0.002
262.881,0.002
262.9137,0.002
262.9298,0.002
262.9458,0.002
262.9619,0.002
262.9932,0.002
263.0098,0.002
263.0258,0.002
263.0417,0.002
263.0733,0.002
263.0886,0.002
263.1048,0.002
263.1209,0.002
263.1537,0.002
263.169,0.002
263.1853,0.002
263.2013,0.002
263.2332,0.002
263.249,0.002
263.265,0.002
263.2817,0.002
263.3136,0.002
263.3299,0.002
263.3456,0.002
263.361,0.002
263.3934,0.002
263.4098,0.002
263.4252,0.002
263.4415,0.002
263.4735,0.002
263.4896,0.002
263.5057,0.002
263.5218,0.002
263.5536,0.002
263.5695,0.002
263.585,0.002
263.6012,0.002
263.6335,0.002
263.6497,0.002
263.6649,0.002
263.681,0.002
263.7131,0.002
263.7296,0.002
263.7453,0.002
263.7614,0.002
263.7935,0.002
263.8095,0.002
263.8255,0.002
263.841,0.002
263.8736,0.002
263.889,0.002
263.905,0.002
263.9211,0.002
263.9534,0.002
263.9699,0.002
263.9855,0.002
264.0018,0.002
264.0333,0.002
264.0493,0.002
264.0653,0.002
264.0811,0.002
264.1132,0.002
264.1293,0.002
264.1448,0.002
264.1611,0.002
264.1938,0.002
264.2098,0.002
264.2258,0.002
264.2413,0.002
264.2733,0.002
264.2894,0.002
264.3053,0.002
264.321,0.002
264.3531,0.002
264.3697,0.002
264.3847,0.002
264.4013,0.002
264.4339,0.002
264.4495,0.002
264.4651,0.002
264.4816,0.002
264.5136,0.002
264.5299,0.002
264.5455,0.002
264.5618,0.002
264.5936,0.002
264.6096,0.002
264.6258,0.002
264.6408,0.002
264.6739,0.002
264.6889,0.002
264.7049,0.002
264.7216,0.002
264.7529,0.002
264.7692,0.002
264.7856,0.002
264.8017,0.002
264.8337,0.002
264.8491,0.002
264.8651,0.002
264.8812,0.002
264.9135,0.002
264.929,0.002
264.9453,0.002
264.9616,0.002
264.9933,0.002
265.0096,0.002
265.0258,0.002
265.0412,0.002
265.0734,0.002
265.0894,0.002
265.1056,0.002
265.1216,0.002
265.1531,0.002
265.1694,0.002
265.1858,0.002
265.2018,0.002
265.2332,0.002
265.2492,0.002
265.2657,0.002
265.2817,0.002
265.3137,0.002
265.3297,0.002
265.3452,0.003
265.3606,0.003
265.3931,0.003
265.4094,0.003
265.4257,0.003
265.441,0.003
265.4737,0.003
265.4897,0.003
265.505,0.003
265.5214,0.003
265.5538,0.003
265.5698,0.003
265.5852,0.003
265.6016,0.003
265.6337,0.003
265.6491,0.003
265.6652,0.003
265.6807,0.003
265.7134,0.003
265.729,0.003
265.7457,0.003
265.7617,0.003
265.7937,0.003
265.8097,0.003
265.8255,0.003
265.841,0.003
265.8733,0.003
265.8899,0.003
265.9054,0.003
265.9216,0.003
265.9537,0.003
265.9696,0.003
265.9855,0.003
266.0019,0.003
266.0328,0.003
266.0497,0.003
266.0653,0.003
266.0818,0.003
266.1139,0.003
266.1291,0.003
266.1457,0.003
266.1615,0.003
266.1935,0.003
266.2097,0.003
266.2258,0.003
266.241,0.003
266.2728,0.003
266.2892,0.003
266.3059,0.003
266.3219,0.003
266.354,0.003
266.3695,0.003
266.3855,0.003
266.4016,0.003
266.4339,0.003
266.4493,0.003
266.4653,0.003
266.4813,0.003
266.5138,0.003
266.5291,0.003
266.5451,0.003
266.5611,0.003
266.5924,0.003
266.6094,0.003
266.6256,0.003
266.6414,0.003
266.6734,0.003
266.6898,0.003
266.7055,0.003
266.7215,0.003
266.7534,0.003
266.769,0.003
266.7853,0.003
266.8016,0.003
266.8336,0.003
266.8493,0.003
266.8656,0.003
266.881,0.003
266.9133,0.003
266.9298,0.003
266.9451,0.003
266.9615,0.003
266.9935,0.003
267.0096,0.003
267.0256,0.003
267.0417,0.003
267.0736,0.003
267.0896,0.003
267.1057,0.003
267.1214,0.003
267.1532,0.003
267.1693,0.003
267.1854,0.003
267.2012,0.003
267.2334,0.003
267.2489,0.003
267.2652,0.003
267.2818,0.003
267.3133,0.003
267.3297,0.003
267.346,0.003
267.3617,0.003
267.3935,0.003
267.4096,0.003
267.4259,0.003
267.4414,0.003
267.4738,0.003
267.4893,0.003
267.505,0.003
267.521,0.003
267.5539,0.003
267.5698,0.003
267.5856,0.003
267.601,0.003
267.6339,0.003
267.6494,0.003
267.6653,0.003
267.6816,0.003
267.7134,0.003
267.7294,0.003
267.7455,0.003
267.7611,0.003
267.7936,0.003
267.809,0.003
267.825,0.003
267.841,0.003
267.8732,0.003
267.8897,0.003
267.9054,0.003
267.9216,0.003
267.9534,0.003
267.9693,0.003
267.9856,0.003
268.0018,0.003
268.0339,0.003
268.0499,0.003
268.0659,0.003
268.0808,0.003
268.1135,0.003
268.1296,0.003
268.1456,0.003
268.1616,0.003
268.1937,0.003
268.2088,0.003
268.2258,0.003
268.2411,0.003
268.2731,0.003
268.2894,0.003
268.3056,0.003
268.3211,0.003
268.3533,0.003
268.3695,0.003
268.3851,0.003
268.4011,0.003
268.4334,0.003
268.4496,0.003
268.4654,0.003
268.4809,0.003
268.5134,0.003
268.5298,0.003
268.545,0.003
268.5611,0.003
268.5933,0.003
268.6093,0.003
268.6258,0.003
268.6419,0.003
268.6734,0.003
268.6895,0.003
268.7053,0.003
268.7219,0.003
268.7535,0.003
268.7693,0.003
268.7855,0.003
268.8015,0.003
268.833,0.003
268.8491,0.003
268.8654,0.003
268.8812,0.003
268.913,0.003
268.929,0.003
268.9451,0.003
268.9611,0.003
268.9935,0.003
269.0095,0.003
269.0255,0.003
269.0411,0.003
269.0729,0.003
269.09,0.003
269.1052,0.003
269.1211,0.003
269.1532,0.003
269.1692,0.003
269.1852,0.003
269.2012,0.003
269.2332,0.003
269.2492,0.003
269.2652,0.003
269.2812,0.003
269.3137,0.003
269.3297,0.003
269.3457,0.003
269.3617,0.003
269.3938,0.003
269.4097,0.003
269.4258,0.003
269.4418,0.003
269.4737,0.003
269.4888,0.003
269.5049,0.003
269.5211,0.003
269.5533,0.003
269.5696,0.003
269.5855,0.003
269.6015,0.003
269.633,0.003
269.6488,0.003
269.665,0.003
269.6816,0.003
269.7132,0.003
269.7299,0.003
269.7456,0.003
269.761,0.003
269.7931,0.003
269.8089,0.003
269.8252,0.003
269.8411,0.003
269.8735,0.003
269.8898,0.003
269.9051,0.003
269.9214,0.003
269.9535,0.003
269.9692,0.003
269.9856,0.003
270.0013,0.003
270.0335,0.003
270.0498,0.003
270.0657,0.003
270.0816,0.003
270.1128,0.003
270.1291,0.003
270.1454,0.003
270.1608,0.003
270.1934,0.003
270.2094,0.003
270.2254,0.003
270.2414,0.003
270.2734,0.003
270.2894,0.003
270.305,0.003
270.321,0.003
270.353,0.003
270.37,0.003
270.385,0.003
270.401,0.003
270.433,0.003
270.4495,0.003
270.465,0.003
270.4815,0.003
270.513,0.003
270.5297,0.003
270.5453,0.003
270.5611,0.003
270.5937,0.003
270.6087,0.003
270.6254,0.003
270.6412,0.003
270.6733,0.003
270.6891,0.003
270.7058,0.003
270.721,0.003
270.7531,0.003
270.7688,0.003
270.7859,0.003
270.8012,0.003
270.8338,0.003
270.8491,0.003
270.8652,0.003
270.8814,0.003
270.9139,0.003
270.9297,0.003
270.9459,0.003
270.9617,0.003
270.9938,0.003
271.009,0.003
271.026,0.003
271.0415,0.003
271.0731,0.003
271.0899,0.003
271.1049,0.003
271.1212,0.003
271.1537,0.003
271.1696,0.003
271.1845,0.003
271.2007,0.003
271.233,0.003
271.2496,0.003
271.2658,0.003
271.2819,0.003
271.3132,0.003
271.3288,0.003
271.3456,0.003
271.3614,0.003
271.393,0.003
271.4089,0.003
271.4259,0.003
271.4415,0.003
271.4735,0.003
271.4893,0.003
271.5053,0.003
271.5217,0.003
271.553,0.003
271.5699,0.003
271.5854,0.003
271.601,0.003
271.6328,0.003
271.6488,0.003
271.6645,0.003
271.6816,0.003
271.7132,0.003
271.7292,0.003
271.7459,0.003
271.7609,0.003
271.7934,0.003
271.8088,0.003
271.8256,0.003
271.8412,0.003
271.8736,0.003
271.8892,0.003
271.9052,0.003
271.9216,0.003
271.9534,0.003
271.9692,0.003
271.985,0.003
272.0013,0.003
272.0331,0.003
272.0494,0.003
272.065,0.003
272.0814,0.003
272.1131,0.003
272.1286,0.003
272.146,0.003
272.1612,0.003
272.1932,0.003
272.2099,0.003
272.2258,0.003
272.2418,0.003
272.2729,0.003
272.2897,0.003
272.3059,0.003
272.3219,0.003
272.3537,0.003
272.3699,0.003
272.3856,0.003
272.401,0.003
272.4339,0.003
272.4488,0.003
272.4657,0.003
272.482,0.003
272.5136,0.003
272.5294,0.003
272.5451,0.003
272.5618,0.003
272.5939,0.003
272.61,0.003
272.6248,0.003
272.6415,0.003
272.674,0.003
272.6899,0.003
272.7054,0.003
272.7211,0.003
272.753,0.003
272.7695,0.003
272.7856,0.003
272.801,0.003
272.8336,0.003
272.8498,0.003
272.865,0.003
272.8811,0.003
272.9131,0.003
272.9294,0.003
272.9457,0.003
272.9619,0.003
272.9936,0.003
273.009,0.003
273.0253,0.003
273.0412,0.003
273.0737,0.003
273.0893,0.003
273.1058,0.003
273.1208,0.003
273.1536,0.003
273.1692,0.003
273.1851,0.003
273.2013,0.003
273.234,0.003
273.249,0.003
273.2651,0.003
273.2812,0.003
273.3133,0.003
273.3299,0.003
273.3453,0.003
273.3611,0.003
273.393,0.003
273.4096,0.003
273.4257,0.003
273.4415,0.003
273.4738,0.003
273.489,0.003
273.5056,0.003
273.5217,0.003
273.5535,0.003
273.5699,0.003
273.5853,0.003
273.6018,0.003
273.6336,0.003
273.6498,0.003
273.6651,0.003
273.6818,0.003
273.7137,0.003
273.7299,0.003
273.7453,0.003
273.761,0.003
273.7937,0.003
273.8094,0.003
273.8254,0.003
273.8411,0.003
273.8726,0.003
273.8895,0.003
273.9054,0.003
273.9217,0.003
273.9533,0.003
273.9699,0.003
273.985,0.003
274.0014,0.003
274.0332,0.003
274.0496,0.003
274.0654,0.003
274.0815,0.003
274.1138,0.003
274.1288,0.003
274.1453,0.003
274.1615,0.003
274.1928,0.003
274.2092,0.003
274.2255,0.003
274.2419,0.003
274.2739,0.003
274.2898,0.003
274.3053,0.003
274.3215,0.003
274.3534,0.003
274.3697,0.003
274.3853,0.003
274.4018,0.003
274.433,0.003
274.4495,0.003
274.4652,0.003
274.4811,0.003
274.5137,0.003
274.5299,0.003
274.5453,0.003
274.5617,0.003
274.5932,0.003
274.6088,0.003
274.6255,0.003
274.6415,0.003
274.6734,0.003
274.6899,0.003
274.705,0.003
274.7216,0.003
274.7536,0.003
274.7698,0.003
274.785,0.003
274.8016,0.003
274.8334,0.003
274.8495,0.003
274.8649,0.003
274.8811,0.003
274.913,0.003
274.9297,0.003
274.945,0.003
274.9611,0.003
274.9937,0.003
275.0097,0.003
275.0257,0.003
275.0405,0.003
275.0739,0.003
275.0898,0.003
275.1047,0.003
275.1216,0.003
275.1535,0.003
275.1695,0.003
275.186,0.003
275.2011,0.003
275.233,0.003
275.2485,0.003
275.2657,0.003
275.2807,0.003
275.3134,0.003
275.3295,0.003
275.3457,0.003
275.3615,0.003
275.3938,0.003
275.409,0.003
275.4251,0.003
275.4415,0.003
275.4733,0.003
275.4893,0.003
275.5053,0.003
275.5211,0.003
275.5531,0.003
275.5692,0.003
275.5852,0.003
275.6017,0.003
275.633,0.003
275.6491,0.003
275.6654,0.003
275.682,0.003
275.7136,0.003
275.7293,0.003
275.7453,0.003
275.7615,0.003
275.7937,0.003
275.8092,0.003
275.825,0.003
275.842,0.003
275.8737,0.003
275.8894,0.003
275.9053,0.003
275.9219,0.003
275.953,0.003
275.9693,0.003
275.9856,0.003
276.0012,0.003
276.0335,0.003
276.0497,0.003
276.0652,0.003
276.0819,0.003
276.114,0.003
276.1291,0.003
276.1457,0.003
276.162,0.003
276.1932,0.003
276.2092,0.003
276.2251,0.003
276.2413,0.003
276.2735,0.003
276.2896,0.003
276.305,0.003
276.3218,0.003
276.3538,0.003
276.3691,0.003
276.3857,0.003
276.4019,0.003
276.4338,0.003
276.4491,0.003
276.4654,0.003
276.4819,0.003
276.5139,0.003
276.5297,0.003
276.5456,0.003
276.5612,0.003
276.5929,0.003
276.6098,0.003
276.6257,0.003
276.6412,0.003
276.6739,0.003
276.6898,0.003
276.7056,0.003
276.7205,0.003
276.7533,0.003
276.769,0.003
276.786,0.003
276.8019,0.003
276.8332,0.003
276.8494,0.003
276.8652,0.003
276.8817,0.003
276.9135,0.003
276.9295,0.003
276.9453,0.003
276.9617,0.003
276.9934,0.003
277.0093,0.003
277.0257,0.003
277.0411,0.003
277.0732,0.003
277.0895,0.003
277.1055,0.003
277.1215,0.003
277.1535,0.003
277.1692,0.003
277.1854,0.003
277.2014,0.003
277.2334,0.003
277.2494,0.003
277.2654,0.003
277.2814,0.003
277.313,0.003
277.33,0.003
277.346,0.003
277.361,0.003
277.394,0.003
277.41,0.003
277.425,0.003
277.441,0.003
277.4732,0.003
277.4899,0.003
277.505,0.003
277.5215,0.003
277.5534,0.003
277.57,0.003
277.5859,0.003
277.6018,0.003
277.634,0.003
277.6496,0.003
277.6657,0.003
277.6818,0.003
277.7135,0.003
277.7298,0.003
277.7454,0.003
277.7618,0.003
277.7933,0.003
277.8097,0.003
277.8251,0.003
277.8415,0.003
277.8738,0.003
277.8896,0.003
277.9059,0.003
277.922,0.003
277.9536,0.003
277.9687,0.003
277.9857,0.003
278.0008,0.003
278.0337,0.003
278.0499,0.003
278.0658,0.003
278.0814,0.003
278.1134,0.003
278.1294,0.003
278.1454,0.003
278.1614,0.003
278.1934,0.003
278.2094,0.003
278.2254,0.003
278.2414,0.003
278.2736,0.003
278.2889,0.003
278.3055,0.003
278.3217,0.003
278.3534,0.003
278.3691,0.003
278.3853,0.003
278.4013,0.003
278.4332,0.003
278.4489,0.003
278.4651,0.003
278.4815,0.003
278.514,0.003
278.5296,0.003
278.5459,0.003
278.5615,0.003
278.5935,0.003
278.6095,0.003
278.6255,0.003
278.6415,0.003
278.6735,0.003
278.6895,0.003
278.7055,0.003
278.7215,0.003
278.7537,0.003
278.77,0.003
278.7858,0.003
278.8016,0.003
278.8331,0.003
278.8494,0.003
278.8651,0.003
278.8818,0.003
278.9131,0.003
278.9291,0.003
278.9455,0.003
278.962,0.003
278.9935,0.003
279.009,0.003
279.026,0.003
279.0407,0.003
279.0732,0.003
279.0898,0.003
279.1055,0.003
279.1218,0.003
279.1537,0.003
279.1698,0.003
279.1859,0.003
279.2013,0.003
279.2331,0.003
279.2497,0.003
279.2651,0.003
279.2818,0.003
279.3135,0.003
279.3295,0.003
279.3452,0.003
279.3618,0.003
279.3932,0.003
279.4095,0.003
279.4256,0.003
279.4409,0.003
279.4734,0.003
279.4898,0.003
279.5056,0.003
279.5218,0.003
279.5535,0.003
279.5696,0.003
279.5852,0.003
279.6008,0.003
279.6331,0.003
279.6497,0.003
279.6656,0.003
279.6819,0.003
279.7136,0.003
279.73,0.003
279.7455,0.003
279.7618,0.003
279.7932,0.003
279.8092,0.003
279.826,0.003
279.8412,0.003
279.8738,0.003
279.8894,0.003
279.9057,0.003
279.9216,0.003
279.9531,0.003
279.9695,0.003
279.9848,0.003
280.0019,0.003
280.0334,0.003
280.0496,0.003
280.066,0.003
280.0812,0.003
280.114,0.003
280.1298,0.003
280.1453,0.003
280.1618,0.003
280.1931,0.003
280.2089,0.003
280.2259,0.003
280.2409,0.003
280.2727,0.003
280.2895,0.003
280.305,0.003
280.3215,0.003
280.3539,0.003
280.3697,0.003
280.3853,0.003
280.4011,0.003
280.4328,0.003
280.4494,0.003
280.4657,0.003
280.4812,0.003
280.5133,0.003
280.5298,0.003
280.5457,0.003
280.5616,0.003
280.5929,0.003
280.6093,0.003
280.6254,0.003
280.642,0.003
280.6728,0.003
280.6898,0.003
280.706,0.003
280.7214,0.003
280.7536,0.003
280.7696,0.003
280.7858,0.003
280.8014,0.003
280.8336,0.003
280.8492,0.003
280.8657,0.003
280.882,0.003
280.9132,0.003
280.9295,0.003
280.9453,0.003
280.9619,0.003
280.9938,0.003
281.0091,0.003
281.025,0.003
281.0417,0.003
281.0738,0.003
281.0893,0.003
281.1049,0.003
281.1212,0.003
281.1529,0.003
281.1694,0.003
281.186,0.003
281.2019,0.003
281.2334,0.003
281.2495,0.003
281.2657,0.003
281.2811,0.003
281.3136,0.003
281.3291,0.003
281.3453,0.003
281.3615,0.003
281.394,0.003
281.4093,0.003
281.4254,0.003
281.4412,0.003
281.4737,0.003
281.4896,0.003
281.5054,0.003
281.5208,0.003
281.5536,0.003
281.5698,0.003
281.5855,0.003
281.6017,0.003
281.6328,0.003
281.6499,0.003
281.6657,0.003
281.6809,0.003
281.713,0.003
281.7291,0.003
281.7458,0.003
281.762,0.003
281.7932,0.003
281.8095,0.003
281.8253,0.003
281.841,0.003
281.8741,0.003
281.8893,0.003
281.9051,0.003
281.9218,0.003
281.9539,0.003
281.9695,0.003
281.9854,0.003
282.0016,0.003
282.0327,0.003
282.0489,0.003
282.0651,0.003
282.0814,0.003
282.1131,0.003
282.1296,0.003
282.1452,0.003
282.162,0.003
282.1932,0.003
282.2097,0.003
282.2257,0.003
282.2415,0.003
282.2739,0.003
282.2893,0.003
282.3051,0.003
282.3213,0.003
282.3536,0.003
282.3695,0.003
282.3859,0.003
282.4017,0.003
282.4334,0.003
282.45,0.003
282.4654,0.003
282.4819,0.003
282.5135,0.003
282.529,0.003
282.5448,0.003
282.5618,0.003
282.5933,0.003
282.6089,0.003
282.6251,0.003
282.642,0.003
282.6734,0.003
282.6895,0.003
282.7055,0.003
282.7215,0.003
282.7535,0.003
282.7695,0.003
282.7854,0.003
282.8015,0.003
282.8339,0.003
282.8497,0.003
282.8653,0.003
282.8812,0.003
282.9132,0.003
282.93,0.003
282.9455,0.003
282.9614,0.003
282.9932,0.003
283.0098,0.003
283.0255,0.003
283.0416,0.003
283.074,0.003
283.0897,0.003
283.1054,0.003
283.1212,0.003
283.1532,0.003
283.1692,0.003
283.1852,0.003
283.2012,0.003
283.2335,0.003
283.2495,0.003
283.2655,0.003
283.2815,0.003
283.3136,0.003
283.3296,0.003
283.3456,0.003
283.3616,0.003
283.3936,0.003
283.4089,0.003
283.4247,0.003
283.4405,0.003
283.4734,0.003
283.4895,0.003
283.5059,0.003
283.5207,0.003
283.5531,0.003
283.57,0.003
283.5859,0.003
283.6015,0.003
283.6339,0.003
283.6492,0.003
283.6661,0.003
283.6817,0.003
283.7138,0.003
283.7295,0.003
283.7459,0.003
283.7615,0.003
283.7934,0.003
283.8094,0.003
283.8254,0.003
283.8414,0.003
283.8734,0.003
283.8894,0.003
283.9054,0.003
283.9213,0.003
283.9541,0.003
283.9697,0.003
283.9856,0.003
284.0012,0.003
284.0335,0.003
284.0501,0.003
284.0657,0.003
284.082,0.003
284.1137,0.003
284.1293,0.003
284.1452,0.003
284.162,0.003
284.1934,0.003
284.2095,0.003
284.2253,0.003
284.2419,0.003
284.2739,0.003
284.2891,0.003
284.306,0.003
284.3216,0.003
284.3536,0.003
284.3699,0.003
284.386,0.003
284.402,0.003
284.4331,0.003
284.45,0.003
284.4655,0.003
284.482,0.003
284.514,0.003
284.5296,0.003
284.5453,0.003
284.5616,0.003
284.5934,0.003
284.6099,0.003
284.6253,0.003
284.6411,0.003
284.6734,0.003
284.6893,0.003
284.7048,0.003
284.7216,0.003
284.7547,0.003
284.7696,0.003
284.7852,0.003
284.8011,0.003
284.8333,0.003
284.8497,0.003
284.8656,0.003
284.8817,0.003
284.9132,0.003
284.9295,0.003
284.9456,0.003
284.9615,0.003
284.9936,0.003
285.0096,0.003
285.0261,0.003
285.0412,0.003
285.0738,0.003
285.09,0.003
285.1061,0.003
285.1219,0.003
285.1533,0.003
285.1694,0.003
285.1855,0.003
285.2014,0.003
285.2333,0.003
285.2495,0.003
285.2653,0.003
285.2816,0.003
285.3139,0.003
285.3299,0.003
285.3461,0.003
285.3612,0.003
285.3934,0.003
285.41,0.003
285.4258,0.003
285.442,0.003
285.474,0.003
285.4897,0.003
285.5055,0.003
285.5211,0.003
285.554,0.003
285.57,0.003
285.5859,0.003
285.6012,0.003
285.6336,0.003
285.6487,0.003
285.6652,0.003
285.6819,0.003
285.7132,0.003
285.7288,0.003
285.7448,0.003
285.7616,0.003
285.7937,0.003
285.81,0.003
285.8259,0.003
285.8412,0.003
285.8736,0.003
285.8899,0.003
285.9054,0.003
285.9212,0.003
285.9537,0.003
285.9698,0.003
285.9855,0.003
286.0012,0.003
286.0338,0.003
286.0498,0.003
286.0654,0.003
286.0818,0.003
286.1141,0.003
286.1295,0.003
286.1452,0.003
286.1613,0.003
286.1941,0.003
286.2091,0.003
286.2251,0.003
286.2417,0.003
286.2735,0.003
286.2894,0.003
286.3055,0.003
286.3215,0.003
286.3535,0.003
286.3691,0.003
286.3852,0.003
286.4018,0.003
286.4333,0.003
286.4488,0.003
286.466,0.003
286.4811,0.003
286.513,0.003
286.5295,0.003
286.546,0.003
286.5616,0.003
286.5933,0.003
286.6093,0.003
286.6253,0.003
286.6418,0.003
286.6733,0.003
286.6895,0.003
286.7059,0.003
286.7209,0.003
286.754,0.003
286.77,0.003
286.7859,0.003
286.8017,0.003
286.8329,0.003
286.8496,0.003
286.866,0.003
286.8815,0.003
286.9133,0.003
286.9293,0.003
286.9456,0.003
286.962,0.003
286.9936,0.003
287.0094,0.003
287.0256,0.003
287.0413,0.003
287.0739,0.003
287.0895,0.003
287.106,0.003
287.1216,0.003
287.1534,0.003
287.1697,0.003
287.1857,0.003
287.2011,0.003
287.2337,0.003
287.2499,0.003
287.265,0.003
287.2816,0.003
287.3132,0.003
287.3292,0.003
287.3455,0.003
287.362,0.003
287.3937,0.003
287.4096,0.003
287.4255,0.003
287.4414,0.003
287.4739,0.003
287.4891,0.003
287.5057,0.003
287.522,0.003
287.5535,0.003
287.57,0.003
287.5852,0.003
287.6011,0.003
287.6335,0.003
287.6492,0.003
287.6654,0.003
287.6815,0.003
287.714,0.003
287.73,0.003
287.7457,0.003
287.761,0.003
287.794,0.003
287.8094,0.003
287.8253,0.003
287.8412,0.003
287.8739,0.003
287.8896,0.003
287.9055,0.003
287.922,0.003
287.9539,0.003
287.9691,0.003
287.9861,0.003
288.0016,0.003
288.0338,0.003
288.0496,0.003
288.0657,0.003
288.082,0.003
288.114,0.003
288.13,0.003
288.1461,0.003
288.162,0.003
288.194,0.003
288.2092,0.003
288.2252,0.003
288.2412,0.003
288.2732,0.003
288.2892,0.003
288.3057,0.003
288.3218,0.003
288.3538,0.003
288.3698,0.003
288.3858,0.003
288.4018,0.003
288.4338,0.003
288.4497,0.003
288.467,0.003
288.4816,0.003
288.5131,0.003
288.5298,0.003
288.5461,0.003
288.5608,0.003
288.5937,0.003
288.6097,0.003
288.6254,0.003
288.6417,0.003
288.6738,0.003
288.6897,0.003
288.7054,0.003
288.7217,0.003
288.754,0.003
288.7692,0.003
288.7854,0.003
288.8014,0.003
288.8338,0.003
288.8495,0.003
288.8656,0.003
288.882,0.003
288.914,0.003
288.9298,0.003
288.9456,0.003
288.9619,0.003
288.9941,0.003
289.0097,0.003
289.0255,0.003
289.0415,0.003
289.0737,0.003
289.0897,0.003
289.1057,0.003
289.1217,0.003
289.1537,0.003
289.1697,0.003
289.1849,0.003
289.2007,0.003
289.2336,0.003
289.2492,0.003
289.2658,0.003
289.2815,0.003
289.3133,0.003
289.3297,0.003
289.3455,0.003
289.3616,0.003
289.3936,0.003
289.4095,0.003
289.4258,0.003
289.4409,0.003
289.4736,0.003
289.4889,0.003
289.5051,0.003
289.5214,0.003
289.5535,0.003
289.5695,0.003
289.5858,0.003
289.6018,0.003
289.6333,0.003
289.6499,0.003
289.666,0.003
289.6811,0.003
289.7131,0.003
289.7293,0.003
289.7454,0.003
289.7613,0.003
289.7938,0.003
289.8089,0.003
289.8251,0.003
289.8415,0.003
289.8728,0.003
289.8899,0.003
289.9056,0.003
289.9215,0.003
289.9533,0.003
289.9688,0.003
289.9854,0.003
290.0021,0.003
290.0336,0.003
290.0498,0.003
290.0654,0.003
290.0814,0.003
290.1135,0.003
290.13,0.003
290.146,0.003
290.1611,0.003
290.1933,0.003
290.2098,0.003
290.2261,0.003
290.2412,0.003
290.2733,0.003
290.29,0.003
290.3061,0.003
290.322,0.003
290.3539,0.003
290.3694,0.003
290.3855,0.003
290.4015,0.003
290.4339,0.003
290.4499,0.003
290.4659,0.003
290.4814,0.003
290.513,0.003
290.5298,0.003
290.5456,0.003
290.5611,0.003
290.5937,0.003
290.6102,0.003
290.6248,0.003
290.6408,0.003
290.6739,0.003
290.6899,0.003
290.7055,0.003
290.7218,0.003
290.753,0.003
290.7692,0.003
290.7851,0.003
290.8016,0.003
290.833,0.003
290.8491,0.003
290.8648,0.003
290.882,0.003
290.9132,0.003
290.9299,0.003
290.9456,0.003
290.9616,0.003
290.9935,0.003
291.0092,0.003
291.0258,0.003
291.0419,0.003
291.0739,0.003
291.0892,0.003
291.1061,0.003
291.1209,0.003
291.1537,0.003
291.1693,0.003
291.1859,0.003
291.2012,0.003
291.2339,0.003
291.2489,0.003
291.2661,0.003
291.282,0.003
291.3133,0.003
291.3296,0.003
291.3461,0.003
291.362,0.003
291.3939,0.003
291.4092,0.003
291.4261,0.003
291.4416,0.003
291.4736,0.003
291.4896,0.003
291.5054,0.003
291.5217,0.003
291.5538,0.003
291.5697,0.003
291.5854,0.003
291.6007,0.003
291.6335,0.003
291.65,0.003
291.666,0.003
291.6821,0.003
291.7135,0.003
291.7296,0.003
291.7452,0.003
291.7609,0.003
291.7933,0.003
291.8101,0.003
291.8255,0.003
291.8415,0.003
291.8738,0.003
291.89,0.003
291.9053,0.003
291.922,0.003
291.9538,0.003
291.9701,0.003
291.9853,0.003
292.0019,0.003
292.0336,0.003
292.0492,0.003
292.0659,0.003
292.0818,0.003
292.1129,0.003
292.1289,0.003
292.1456,0.003
292.1614,0.003
292.1936,0.003
292.2095,0.003
292.2253,0.003
292.2411,0.003
292.2737,0.003
292.2898,0.003
292.3051,0.003
292.3212,0.003
292.3533,0.003
292.3691,0.003
292.3852,0.003
292.4019,0.003
292.4336,0.003
292.4493,0.003
292.4659,0.003
292.4816,0.003
292.5137,0.003
292.5301,0.003
292.5461,0.003
292.5617,0.003
292.5936,0.003
292.6097,0.003
292.6256,0.003
292.6419,0.003
292.6739,0.003
292.6891,0.003
292.7058,0.003
292.7214,0.003
292.7541,0.003
292.7701,0.003
292.786,0.003
292.8018,0.003
292.8333,0.003
292.8496,0.003
292.8661,0.003
292.8817,0.003
292.9139,0.003
292.93,0.003
292.9457,0.003
292.9617,0.003
292.9932,0.003
293.0096,0.003
293.0253,0.003
293.042,0.003
293.0736,0.003
293.0895,0.003
293.1047,0.003
293.1212,0.003
293.1541,0.003
293.1689,0.003
293.1857,0.003
293.2018,0.003
293.2341,0.003
293.2492,0.003
293.2658,0.003
293.2818,0.003
293.3137,0.003
293.3294,0.003
293.3458,0.003
293.3611,0.003
293.3938,0.003
293.4092,0.003
293.4258,0.003
293.442,0.003
293.4736,0.003
293.4891,0.003
293.5056,0.003
293.5216,0.003
293.5538,0.003
293.5694,0.003
293.586,0.003
293.6012,0.003
293.6337,0.003
293.6497,0.003
293.6655,0.003
293.6815,0.003
293.714,0.003
293.73,0.003
293.7458,0.003
293.7618,0.003
293.794,0.003
293.8092,0.003
293.8255,0.003
293.8415,0.003
293.8741,0.003
293.89,0.003
293.9059,0.003
293.922,0.003
293.9539,0.003
293.9691,0.003
293.9859,0.003
294.0019,0.003
294.0337,0.003
294.0502,0.003
294.0656,0.003
294.0813,0.003
294.1141,0.003
294.1291,0.003
294.1458,0.003
294.1611,0.003
294.1935,0.003
294.2096,0.003
294.226,0.003
294.242,0.003
294.2732,0.003
294.2893,0.003
294.3052,0.003
294.3218,0.003
294.3538,0.003
294.3697,0.003
294.3858,0.003
294.4013,0.003
294.4332,0.003
294.4501,0.003
294.4656,0.003
294.4821,0.003
294.5138,0.003
294.5296,0.003
294.5461,0.003
294.5618,0.003
294.5933,0.003
294.6096,0.003
294.6256,0.003
294.6414,0.003
294.673,0.003
294.6898,0.003
294.706,0.003
294.7217,0.003
294.754,0.003
294.7696,0.003
294.786,0.003
294.8017,0.003
294.8334,0.003
294.8494,0.003
294.8659,0.003
294.8819,0.003
294.914,0.003
294.9292,0.003
294.9453,0.003
294.9612,0.003
294.9937,0.003
295.0095,0.003
295.0251,0.003
295.0416,0.003
295.0736,0.003
295.0899,0.003
295.1049,0.003
295.1213,0.003
295.1535,0.003
295.1699,0.003
295.1853,0.003
295.2021,0.003
295.2338,0.003
295.2492,0.003
295.2657,0.003
295.282,0.003
295.3141,0.003
295.33,0.003
295.3461,0.003
295.3614,0.003
295.3936,0.003
295.4099,0.003
295.4253,0.003
295.4417,0.003
295.4738,0.003
295.4901,0.003
295.5061,0.003
295.5208,0.003
295.554,0.003
295.5694,0.003
295.5859,0.003
295.6013,0.003
295.6333,0.003
295.6493,0.003
295.6658,0.003
295.6812,0.003
295.7141,0.003
295.7299,0.003
295.7459,0.003
295.7621,0.003
295.7932,0.003
295.8101,0.003
295.8261,0.003
295.8421,0.003
295.8738,0.003
295.8896,0.003
295.905,0.003
295.9219,0.003
295.954,0.003
295.9697,0.003
295.9853,0.003
296.0017,0.003
296.0333,0.003
296.0501,0.003
296.0657,0.003
296.0811,0.003
296.1135,0.003
296.1296,0.003
296.1449,0.003
296.1617,0.003
296.1937,0.003
296.2094,0.003
296.2252,0.003
296.2417,0.003
296.2738,0.003
296.2895,0.003
296.3057,0.003
296.3215,0.003
296.3532,0.003
296.3689,0.003
296.3857,0.003
296.4021,0.003
296.4337,0.003
296.4499,0.003
296.4659,0.003
296.4814,0.003
296.5136,0.003
296.5298,0.003
296.5459,0.003
296.5621,0.003
296.5932,0.003
296.6097,0.003
296.626,0.003
296.642,0.003
296.6737,0.003
296.6891,0.003
296.7048,0.003
296.7215,0.003
296.7535,0.003
296.77,0.003
296.7855,0.003
296.8016,0.003
296.8337,0.003
296.8501,0.003
296.8659,0.003
296.8821,0.003
296.9137,0.003
296.9297,0.003
296.9452,0.003
296.9617,0.003
296.9927,0.003
297.0097,0.003
297.0254,0.003
297.0412,0.003
297.073,0.003
297.0893,0.003
297.1061,0.003
297.122,0.003
297.154,0.003
297.1698,0.003
297.1848,0.003
297.2019,0.003
297.2341,0.003
297.2499,0.003
297.2653,0.003
297.2812,0.003
297.3137,0.003
297.33,0.003
297.3458,0.003
297.362,0.003
297.3936,0.003
297.41,0.003
297.4252,0.003
297.4412,0.003
297.4739,0.003
297.4898,0.003
297.506,0.003
297.5221,0.003
297.5539,0.003
297.5693,0.003
297.5851,0.003
297.6016,0.003
297.634,0.003
297.6498,0.003
297.6655,0.003
297.6815,0.003
297.7133,0.003
297.7297,0.003
297.7457,0.003
297.762,0.003
297.7936,0.003
297.8094,0.003
297.8257,0.003
297.8417,0.003
297.8737,0.003
297.8897,0.003
297.9057,0.003
297.9217,0.003
297.9537,0.003
297.9701,0.003
297.9861,0.003
298.0016,0.003
298.0333,0.003
298.0493,0.003
298.0653,0.003
298.0818,0.003
298.1133,0.003
298.1295,0.003
298.145,0.003
298.1616,0.003
298.1941,0.003
298.2101,0.003
298.2256,0.003
298.242,0.003
298.2732,0.003
298.2896,0.003
298.3056,0.003
298.3221,0.003
298.3536,0.003
298.3698,0.003
298.3856,0.003
298.4015,0.003
298.433,0.003
298.4496,0.003
298.4659,0.003
298.4817,0.003
298.514,0.003
298.5301,0.003
298.5457,0.003
298.5611,0.003
298.5938,0.003
298.6102,0.003
298.6255,0.003
298.642,0.003
298.6738,0.003
298.6894,0.003
298.7053,0.003
298.7213,0.003
298.754,0.003
298.7698,0.003
298.7861,0.003
298.8016,0.003
298.8331,0.003
298.8501,0.003
298.8655,0.003
298.882,0.003
298.9134,0.003
298.9295,0.003
298.9456,0.003
298.962,0.003
298.994,0.003
299.0099,0.003
299.0256,0.003
299.0415,0.003
299.0735,0.003
299.0896,0.003
299.1056,0.003
299.1221,0.003
299.1533,0.003
299.1698,0.003
299.1858,0.003
299.2018,0.003
299.2341,0.003
299.2495,0.003
299.2654,0.003
299.2812,0.003
299.3141,0.003
299.3301,0.003
299.3454,0.003
299.3617,0.003
299.3934,0.003
299.4101,0.003
299.4256,0.003
299.4413,0.003
299.4742,0.003
299.4899,0.003
299.5059,0.003
299.5221,0.003
299.5533,0.003
299.5697,0.003
299.5859,0.003
299.602,0.003
299.6335,0.003
299.6493,0.003
299.6651,0.003
299.6812,0.003
299.7139,0.003
299.7302,0.003
299.7452,0.003
299.7612,0.003
299.794,0.003
299.8096,0.003
299.8261,0.003
299.8419,0.003
299.8741,0.003
299.8894,0.003
299.9057,0.003
299.9213,0.003
299.953,0.003
299.9695,0.003
299.986,0.003
300.0021,0.003
300.0337,0.003
300.0498,0.003
300.0661,0.003
300.0817,0.003
300.1132,0.003
300.1293,0.003
300.146,0.003
300.1609,0.003
300.194,0.003
300.2095,0.003
300.2259,0.003
300.242,0.003
300.2737,0.003
300.29,0.003
300.3058,0.003
300.3212,0.003
300.3536,0.003
300.3691,0.003
300.3861,0.003
300.4017,0.003
300.4337,0.003
300.4496,0.003
300.4651,0.003
300.4815,0.003
300.5135,0.003
300.5297,0.003
300.5456,0.003
300.5612,0.003
300.5929,0.003
300.6095,0.003
300.6259,0.003
300.6421,0.003
300.6752,0.003
300.6899,0.003
300.705,0.003
300.7221,0.003
300.7541,0.003
300.7701,0.003
300.7858,0.003
300.802,0.003
300.8333,0.003
300.8496,0.003
300.8655,0.003
300.881,0.003
300.9136,0.003
300.9299,0.003
300.945,0.003
300.9613,0.003
300.9941,0.003
301.0096,0.003
301.0261,0.003
301.0402,0.003
301.0726,0.003
301.0901,0.003
301.1052,0.003
301.1214,0.003
301.1527,0.003
301.1692,0.003
301.1847,0.003
301.2008,0.003
301.2323,0.003
301.2488,0.003
301.2648,0.003
301.2805,0.003
301.3121,0.003
301.328,0.003
301.346,0.003
301.3778,0.003
301.3937,0.003
301.4099,0.003
301.4226,0.003
301.4378,0.003
301.4714,0.003
301.4854,0.003
301.5049,0.003
301.5375,0.003
301.5535,0.003
301.5692,0.003
301.5848,0.003
301.6179,0.003
301.6329,0.003
301.6495,0.003
301.6657,0.003
301.6793,0.003
301.7063,0.003
301.724,0.003
301.7451,0.003
301.7778,0.003
301.7916,0.003
301.8087,0.003
301.8243,0.003
301.8394,0.003
301.8729,0.003
301.8899,0.003
301.9041,0.003
301.9369,0.003
301.9529,0.003
301.9688,0.003
301.9848,0.003
302.0175,0.003
302.0337,0.003
302.0498,0.003
302.0652,0.003
302.0811,0.003
302.1135,0.003
302.1295,0.003
302.1452,0.003
302.1776,0.003
302.1925,0.003
302.2083,0.003
302.2242,0.003
302.2567,0.003
302.2739,0.003
302.2877,0.003
302.3056,0.003
302.3376,0.003
302.3514,0.003
302.3671,0.003
302.3861,0.003
302.4154,0.003
302.4313,0.003
302.4472,0.003
302.4661,0.003
302.4968,0.003
302.5137,0.003
302.5292,0.003
302.5423,0.003
302.5782,0.003
302.5941,0.003
302.6092,0.003
302.6253,0.003
302.6529,0.003
302.67,0.003
302.6891,0.003
302.7023,0.003
302.729,0.003
302.7518,0.003
302.7697,0.003
302.7844,0.003
302.8151,0.003
302.8306,0.003
302.8487,0.003
302.8606,0.003
302.897,0.003
302.9129,0.003
302.9286,0.003
302.9431,0.003
302.9728,0.003
302.9811,0.003
303.0081,0.003
303.026,0.003
303.0577,0.003
303.0736,0.003
303.0897,0.003
303.1057,0.003
303.1375,0.003
303.1537,0.003
303.1693,0.003
303.1852,0.003
303.2166,0.003
303.2324,0.003
303.2483,0.003
303.2642,0.003
303.2961,0.003
303.3118,0.003
303.3277,0.003
303.3436,0.003
303.3777,0.003
303.3909,0.003
303.4068,0.003
303.4261,0.003
303.4549,0.003
303.4706,0.003
303.4863,0.003
303.5056,0.003
303.5366,0.003
303.552,0.003
303.5672,0.003
303.5855,0.003
303.6168,0.003
303.634,0.003
303.6447,0.003
303.6636,0.003
303.6933,0.003
303.7141,0.003
303.7271,0.003
303.7453,0.003
303.7751,0.003
303.7876,0.003
303.8034,0.003
303.8192,0.003
303.8575,0.003
303.8728,0.003
303.8892,0.003
303.9023,0.003
303.9354,0.003
303.9524,0.003
303.9702,0.003
303.9839,0.003
304.0138,0.003
304.0264,0.003
304.0488,0.003
304.0636,0.003
304.0965,0.003
304.1136,0.003
304.128,0.003
304.1395,0.003
304.1687,0.003
304.1854,0.003
304.2095,0.003
304.2256,0.003
304.2554,0.003
304.2712,0.003
304.2869,0.003
304.302,0.003
304.3334,0.003
304.3529,0.003
304.365,0.003
304.3807,0.003
304.4165,0.003
304.4297,0.003
304.444,0.003
304.462,0.003
304.4922,0.003
304.5014,0.003
304.5297,0.003
304.5458,0.003
304.5747,0.003
304.5942,0.003
304.6091,0.003
304.6258,0.003
304.6577,0.003
304.6733,0.003
304.6891,0.003
304.705,0.003
304.7406,0.003
304.7532,0.003
304.7686,0.003
304.7829,0.003
304.8157,0.003
304.8311,0.003
304.8463,0.003
304.8632,0.003
304.898,0.003
304.9137,0.003
304.9283,0.003
304.9451,0.003
304.9767,0.003
304.9926,0.003
305.0085,0.003
305.0246,0.003
305.0564,0.003
305.073,0.003
305.0881,0.003
305.1061,0.003
305.1358,0.003
305.1539,0.003
305.1673,0.003
305.1854,0.003
305.2172,0.003
305.2339,0.003
305.2493,0.003
305.2644,0.003
305.2944,0.003
305.3105,0.003
305.3278,0.003
305.3417,0.003
305.376,0.003
305.3887,0.003
305.4045,0.003
305.424,0.003
305.4532,0.003
305.4688,0.003
305.4886,0.003
305.4999,0.003
305.5315,0.003
305.5542,0.003
305.5663,0.003
305.5789,0.003
305.6167,0.003
305.6265,0.003
305.6502,0.003
305.6577,0.003
305.6957,0.003
305.7079,0.003
305.7271,0.003
305.7373,0.003
305.7747,0.003
305.792,0.003
305.8101,0.003
305.8242,0.003
305.849,0.003
305.865,0.003
305.8891,0.003
305.9028,0.003
305.9373,0.003
305.9526,0.003
305.9615,0.003
305.982,0.003
306.0168,0.003
306.0335,0.003
306.0496,0.003
306.065,0.003
306.0881,0.003
306.11,0.003
306.1231,0.003
306.1462,0.003
306.1755,0.003
306.1904,0.003
306.2034,0.003
306.2217,0.003
306.258,0.003
306.274,0.003
306.2849,0.003
306.3052,0.003
306.3373,0.003
306.3536,0.003
306.3694,0.003
306.3824,0.003
306.4182,0.003
306.4306,0.003
306.4493,0.003
306.4576,0.003
306.4945,0.003
306.5129,0.003
306.5291,0.003
306.5441,0.003
306.5769,0.003
306.5928,0.003
306.6087,0.003
306.6192,0.003
306.6532,0.003
306.6717,0.003
306.6893,0.003
306.7024,0.003
306.7373,0.003
306.7452,0.003
306.7702,0.003
306.7851,0.003
306.8141,0.003
306.8305,0.003
306.84,0.003
306.8653,0.003
306.8969,0.003
306.913,0.003
306.9284,0.003
306.946,0.003
306.9766,0.003
306.9927,0.003
307.0084,0.003
307.0242,0.003
307.0559,0.003
307.0716,0.003
307.0874,0.003
307.1031,0.003
307.134,0.003
307.1537,0.003
307.1657,0.003
307.1855,0.003
307.2132,0.003
307.2288,0.003
307.2476,0.003
307.2603,0.003
307.2919,0.003
307.3111,0.003
307.3267,0.003
307.3391,0.003
307.377,0.003
307.3866,0.003
307.4074,0.003
307.4246,0.003
307.4572,0.003
307.4721,0.003
307.4896,0.003
307.4953,0.003
307.5379,0.003
307.5536,0.003
307.5697,0.003
307.5858,0.003
307.6167,0.003
307.6342,0.003
307.6488,0.003
307.6654,0.003
307.6911,0.003
307.7127,0.003
307.7193,0.003
307.746,0.003
307.7781,0.003
307.7939,0.003
307.8095,0.003
307.8251,0.003
307.8568,0.003
307.8728,0.003
307.8898,0.003
307.9046,0.003
307.938,0.003
307.9528,0.003
307.9687,0.003
307.9837,0.003
308.0168,0.003
308.0341,0.003
308.0401,0.003
308.0655,0.003
308.0973,0.003
308.1016,0.003
308.1176,0.003
308.1451,0.003
308.1775,0.003
308.1932,0.003
308.2083,0.003
308.2168,0.003
308.2458,0.003
308.2717,0.003
308.289,0.003
308.3047,0.003
308.338,0.003
308.3534,0.003
308.3693,0.003
308.385,0.003
308.4174,0.003
308.4333,0.003
308.4454,0.003
308.4661,0.003
308.4983,0.003
308.5059,0.003
308.5296,0.003
308.5457,0.003
308.577,0.003
308.5927,0.003
308.6091,0.003
308.6253,0.003
308.6568,0.003
308.6725,0.003
308.6882,0.003
308.7059,0.003
308.7373,0.003
308.7504,0.003
308.7682,0.003
308.7828,0.003
308.8169,0.003
308.8298,0.003
308.8462,0.003
308.8617,0.003
308.8937,0.003
308.9121,0.003
308.9295,0.003
308.9454,0.003
308.9719,0.003
308.9867,0.003
309.0071,0.003
309.0235,0.003
309.055,0.003
309.0716,0.003
309.0899,0.003
309.1019,0.003
309.1332,0.003
309.1513,0.003
309.1671,0.003
309.1807,0.003
309.2164,0.003
309.2284,0.003
309.2441,0.003
309.2622,0.003
309.2973,0.003
309.3128,0.003
309.3294,0.003
309.3392,0.003
309.3738,0.003
309.3939,0.003
309.4061,0.003
309.4231,0.003
309.4447,0.003
309.4604,0.003
309.4872,0.003
309.504,0.003
309.5332,0.003
309.5486,0.003
309.5647,0.003
309.5814,0.003
309.6144,0.003
309.6338,0.003
309.6497,0.003
309.6644,0.003
309.6903,0.003
309.709,0.003
309.73,0.003
309.7382,0.003
309.7696,0.003
309.7932,0.003
309.8069,0.003
309.8221,0.003
309.8573,0.003
309.8728,0.003
309.8851,0.003
309.9063,0.003
309.9376,0.003
309.9533,0.003
309.969,0.003
309.985,0.003
310.0167,0.003
310.0327,0.003
310.0491,0.003
310.0649,0.003
310.0889,0.003
310.1051,0.003
310.121,0.003
310.1409,0.003
310.1689,0.003
310.1942,0.003
310.2095,0.003
310.2259,0.003
310.2566,0.003
310.2687,0.003
310.2802,0.003
310.3052,0.003
310.3284,0.003
310.3529,0.003
310.3646,0.003
310.3836,0.003
310.4074,0.003
310.4319,0.003
310.4487,0.003
310.4656,0.003
310.4937,0.003
310.5126,0.003
310.5237,0.003
310.5444,0.003
310.5736,0.003
310.5934,0.003
310.6062,0.003
310.6222,0.003
310.6581,0.003
310.6734,0.003
310.6903,0.003
310.7045,0.003
310.7376,0.003
310.7535,0.003
310.7687,0.003
310.7831,0.003
310.8151,0.003
310.8317,0.003
310.8501,0.003
310.8626,0.003
310.8964,0.003
310.9114,0.003
310.9292,0.003
310.9462,0.003
310.9734,0.003
310.9929,0.003
311.0014,0.003
311.0186,0.003
311.0548,0.003
311.074,0.003
311.0839,0.003
311.1021,0.003
311.1368,0.003
311.1536,0.003
311.1698,0.003
311.1859,0.003
311.2127,0.003
311.2342,0.003
311.2494,0.003
311.2648,0.003
311.2954,0.003
311.3117,0.003
311.3298,0.003
311.3455,0.003
311.3749,0.003
311.3941,0.003
311.4052,0.003
311.4262,0.003
311.4565,0.003
311.4735,0.003
311.4896,0.003
311.5056,0.003
311.5379,0.003
311.5514,0.003
311.5586,0.003
311.5812,0.003
311.6172,0.003
311.6306,0.003
311.6477,0.003
311.6619,0.003
311.6923,0.003
311.708,0.003
311.7259,0.003
311.7397,0.003
311.777,0.003
311.7942,0.003
311.806,0.003
311.8209,0.003
311.8559,0.003
311.8702,0.003
311.8846,0.003
311.9061,0.003
311.9378,0.003
311.9543,0.003
311.9679,0.003
311.9786,0.003
312.0104,0.003
312.033,0.003
312.0498,0.003
312.0652,0.003
312.0968,0.003
312.1122,0.003
312.1293,0.003
312.1462,0.003
312.1769,0.003
312.1898,0.003
312.2073,0.003
312.2166,0.003
312.2562,0.003
312.2704,0.003
312.2889,0.003
312.2982,0.003
312.3358,0.003
312.3514,0.003
312.3673,0.003
312.3798,0.003
312.4134,0.003
312.4297,0.003
312.4479,0.003
312.4644,0.003
312.4977,0.003
312.5126,0.003
312.5291,0.003
312.5331,0.003
312.5685,0.003
312.5943,0.003
312.6004,0.003
312.6239,0.003
312.6551,0.003
312.672,0.003
312.6843,0.003
312.7009,0.003
312.738,0.003
312.7536,0.003
312.7617,0.003
312.7846,0.003
312.8097,0.003
312.8316,0.003
312.85,0.003
312.8652,0.003
312.8937,0.003
312.904,0.003
312.928,0.003
312.9446,0.003
312.976,0.003
312.9918,0.003
313.0089,0.003
313.0232,0.003
313.0569,0.003
313.0742,0.003
313.0896,0.003
313.1028,0.003
313.1347,0.003
313.1504,0.003
313.1661,0.003
313.1817,0.003
313.2161,0.003
313.2336,0.003
313.2448,0.003
313.2661,0.003
313.2966,0.003
313.3123,0.003
313.3244,0.003
313.3403,0.003
313.3744,0.003
313.3937,0.003
313.4101,0.003
313.4255,0.003
313.4578,0.003
313.4684,0.003
313.4843,0.003
313.503,0.003
313.5351,0.003
313.5468,0.003
313.5629,0.003
313.5827,0.003
313.6155,0.003
313.6309,0.003
313.6488,0.003
313.6596,0.003
313.6953,0.003
313.7088,0.003
313.7277,0.003
313.7382,0.003
313.7768,0.003
313.7886,0.003
313.8095,0.003
313.826,0.003
313.8505,0.003
313.8664,0.003
313.8892,0.003
313.9049,0.003
313.936,0.003
313.9519,0.003
313.9692,0.003
313.9848,0.003
314.0128,0.003
314.0319,0.003
314.0434,0.003
314.0653,0.003
314.096,0.003
314.1122,0.003
314.1239,0.003
314.1396,0.003
314.1729,0.003
314.1873,0.003
314.2075,0.003
314.2237,0.003
314.2556,0.003
314.2659,0.003
314.2818,0.003
314.3032,0.003
314.3372,0.003
314.3509,0.003
314.3677,0.003
314.3732,0.003
314.4041,0.003
314.4282,0.003
314.4457,0.003
314.4661,0.003
314.4883,0.003
314.5128,0.003
314.5274,0.003
314.5453,0.003
314.5763,0.003
314.5911,0.003
314.6088,0.003
314.624,0.003
314.6548,0.003
314.6725,0.003
314.6881,0.003
314.7046,0.003
314.7367,0.003
314.7541,0.003
314.7699,0.003
314.7861,0.003
314.818,0.003
314.8342,0.003
314.85,0.003
314.8657,0.003
314.8973,0.003
314.9138,0.003
314.9298,0.003
314.9462,0.003
314.9782,0.003
314.9939,0.003
315.01,0.003
315.0256,0.003
315.0575,0.003
315.0731,0.003
315.089,0.003
315.1048,0.003
315.1367,0.003
315.1519,0.003
315.1697,0.003
315.1851,0.003
315.215,0.003
315.2328,0.003
315.2467,0.003
315.2622,0.003
315.2957,0.003
315.313,0.003
315.3253,0.003
315.3453,0.003
315.3746,0.003
315.3922,0.003
315.4061,0.003
315.4229,0.003
315.4548,0.003
315.4699,0.003
315.488,0.003
315.5039,0.003
315.5345,0.003
315.5504,0.003
315.57,0.003
315.5857,0.003
315.617,0.003
315.6335,0.003
315.6471,0.003
315.6643,0.003
315.6978,0.003
315.7139,0.003
315.7297,0.003
315.7375,0.003
315.777,0.003
315.7874,0.003
315.807,0.003
315.8199,0.003
315.8475,0.003
315.8702,0.003
315.8897,0.003
315.9062,0.003
315.9374,0.003
315.9532,0.003
315.9691,0.003
315.9847,0.003
316.0161,0.003
316.032,0.003
316.0477,0.003
316.0637,0.003
316.0955,0.003
316.1138,0.003
316.1288,0.003
316.146,0.003
316.178,0.003
316.1903,0.003
316.2086,0.003
316.2249,0.003
316.2568,0.003
316.2693,0.003
316.2873,0.003
316.3013,0.003
316.3332,0.003
316.3509,0.003
316.3646,0.003
316.3825,0.003
316.4169,0.003
316.4333,0.003
316.4498,0.003
316.465,0.003
316.4945,0.003
316.5075,0.003
316.5257,0.003
316.5409,0.003
316.5704,0.003
316.5911,0.003
316.6046,0.003
316.6189,0.003
316.6576,0.003
316.6743,0.003
316.6902,0.003
316.7061,0.003
316.7378,0.003
316.7532,0.003
316.7686,0.003
316.7857,0.003
316.8183,0.003
316.8313,0.003
316.8479,0.003
316.8642,0.003
316.8964,0.003
316.9138,0.003
316.9302,0.003
316.9432,0.003
316.976,0.003
316.9914,0.003
317.0099,0.003
317.0258,0.003
317.0537,0.003
317.0694,0.003
317.0853,0.003
317.1009,0.003
317.1327,0.003
317.1536,0.003
317.17,0.003
317.1805,0.003
317.2143,0.003
317.233,0.003
317.2471,0.003
317.2641,0.003
317.2917,0.003
317.3133,0.003
317.3299,0.003
317.345,0.003
317.3764,0.003
317.3939,0.003
317.4093,0.003
317.4262,0.003
317.4576,0.003
317.4737,0.003
317.4895,0.003
317.5061,0.003
317.5359,0.003
317.5451,0.003
317.5684,0.003
317.585,0.003
317.6182,0.003
317.6342,0.003
317.6496,0.003
317.6655,0.003
317.6973,0.003
317.713,0.003
317.7295,0.003
317.7439,0.003
317.778,0.003
317.7933,0.003
317.8078,0.003
317.8234,0.003
317.8568,0.003
317.8743,0.003
317.8867,0.003
317.9023,0.003
317.9361,0.003
317.9521,0.003
317.9694,0.003
317.9802,0.003
318.0163,0.003
318.0319,0.003
318.0404,0.003
318.0604,0.003
318.0981,0.003
318.1123,0.003
318.1282,0.003
318.1358,0.003
318.1755,0.003
318.192,0.003
318.1998,0.003
318.2261,0.003
318.2553,0.003
318.2738,0.003
318.2903,0.003
318.3059,0.003
318.3381,0.003
318.3529,0.003
318.3703,0.003
318.3862,0.003
318.4173,0.003
318.4329,0.003
318.4486,0.003
318.464,0.003
318.4983,0.003
318.5123,0.003
318.5263,0.003
318.5458,0.003
318.5782,0.003
318.5924,0.003
318.606,0.003
318.6232,0.003
318.6575,0.003
318.6729,0.003
318.6878,0.003
318.706,0.003
318.7381,0.003
318.7476,0.003
318.7686,0.003
318.7825,0.003
318.8178,0.003
318.8319,0.003
318.8492,0.003
318.8663,0.003
318.8947,0.003
318.9139,0.003
318.929,0.003
318.9461,0.003
318.9775,0.003
318.9925,0.003
319.0054,0.003
319.0261,0.003
319.0532,0.003
319.0736,0.003
319.0879,0.003
319.1019,0.003
319.1365,0.003
319.1503,0.003
319.1646,0.003
319.1863,0.003
319.2125,0.003
319.2338,0.003
319.2476,0.003
319.2611,0.003
319.2964,0.003
319.3138,0.003
319.3241,0.003
319.3453,0.003
319.3743,0.003
319.393,0.003
319.4026,0.003
319.4232,0.003
319.4567,0.003
319.4742,0.003
319.49,0.003
319.5061,0.003
319.5375,0.003
319.5531,0.003
319.5684,0.003
319.5841,0.003
319.6152,0.003
319.6327,0.003
319.639,0.003
319.6558,0.003
319.6868,0.003
319.7121,0.003
319.7303,0.003
319.7461,0.003
319.7779,0.003
319.794,0.003
319.8099,0.003
319.826,0.003
319.8575,0.003
319.8729,0.003
319.889,0.003
319.905,0.003
319.9366,0.003
319.9543,0.003
319.9693,0.003
319.9843,0.003
320.016,0.003
320.0321,0.003
320.0478,0.003
320.0638,0.003
320.0955,0.003
320.1138,0.003
320.1293,0.003
320.1432,0.003
